condition_id,city,target_date,entry_utc,shares,bucket_low,bucket_high,settlement_source,forecast_at_entry,forecast_revision_snapshots,post_entry_observations,first_observed_inside_or_path,first_observed_above,historical_bid_depth,decision,outcome
0xdc486f5918ae94b1982e5921b8c0571d03229ace799c97713658aa5fc8a06529,London,2025-09-17,2025-09-17T04:12:10+00:00,UNRECORDED,70.0,71.0,station path (audit only),64.4,MISSING,0,,,MISSING,UNTESTABLE_NO_CAUSAL_FORECAST_OR_BOOK,winner
0xa1159fa79a64cc93cc8e1434ffbffacafa795c225a6e768ccdf438b6df31b298,London,2025-09-20,2025-09-19T23:05:54+00:00,UNRECORDED,73.0,74.0,station path (audit only),67.1,MISSING,0,,,MISSING,UNTESTABLE_NO_CAUSAL_FORECAST_OR_BOOK,winner
0x0bea6b3f82f50f680e0b59911ff24fdfed38dd65a41c9a34c5d0d609cd088b0d,London,2025-10-20,2025-10-20T09:53:15+00:00,UNRECORDED,63.0,,station path (audit only),57.9,MISSING,0,,,MISSING,UNTESTABLE_NO_CAUSAL_FORECAST_OR_BOOK,winner
0xae87f4516fcbc52353b0eb75836ef1bfc89086cae7c05dbd18d5a43f964845ed,London,2025-11-12,2025-11-12T11:53:53+00:00,UNRECORDED,65.0,,station path (audit only),60.0,MISSING,0,,,MISSING,UNTESTABLE_NO_CAUSAL_FORECAST_OR_BOOK,winner
0xff41ca247e9fdcdb303870b8f094cf4f2da8983b74713dd634a81fedc84f5159,London,2025-11-21,2025-11-21T00:00:35+00:00,UNRECORDED,45.0,46.0,station path (audit only),39.6,MISSING,0,,,MISSING,UNTESTABLE_NO_CAUSAL_FORECAST_OR_BOOK,winner
0x82f7b559a7c76cd16cfbed65ff0cde9534f99e604d9f05d10976210d6cfff505,London,2025-12-05,2025-12-05T10:09:43+00:00,UNRECORDED,54.0,,station path (audit only),49.0,MISSING,0,,,MISSING,UNTESTABLE_NO_CAUSAL_FORECAST_OR_BOOK,winner
0x697bb28e91003d2b8326bc55a4908d62b6a17c4a11bcd9d8a5fdfa6e5c8d3f76,London,2025-12-07,2025-12-07T00:19:19+00:00,UNRECORDED,62.0,63.0,station path (audit only),57.3,MISSING,0,,,MISSING,UNTESTABLE_NO_CAUSAL_FORECAST_OR_BOOK,winner
0x2a6ed141588a0cbfc60760d173a4729b81191dd0aef139c1821ca5b206aaa024,London,2025-12-07,2025-12-07T00:24:35+00:00,UNRECORDED,64.0,,station path (audit only),57.3,MISSING,0,,,MISSING,UNTESTABLE_NO_CAUSAL_FORECAST_OR_BOOK,winner
0x34a30a7441643f64a21a125624bae3149dcee5fa202e64e0cbe24cfc14f40755,Seattle,2025-12-07,2025-12-07T08:13:17+00:00,UNRECORDED,56.0,57.0,station path (audit only),50.5,MISSING,0,,,MISSING,UNTESTABLE_NO_CAUSAL_FORECAST_OR_BOOK,winner
0x06005a33826fb453ec7748f9c6e5055615aa49cea59d9e524813b769c89f2783,Dallas,2025-12-08,2025-12-08T10:19:13+00:00,UNRECORDED,54.0,55.0,station path (audit only),48.6,MISSING,0,,,MISSING,UNTESTABLE_NO_CAUSAL_FORECAST_OR_BOOK,winner
0x4c085b142117da6054e89a4477da307b45af8b14087a7d327a55807988fe1d92,Dallas,2025-12-09,2025-12-09T09:12:27+00:00,UNRECORDED,67.0,,station path (audit only),62.4,MISSING,0,,,MISSING,UNTESTABLE_NO_CAUSAL_FORECAST_OR_BOOK,winner
0xbb6968e18173de6221d741a803fcdb45dc8e39d8e069ad6777e988b1b4029204,Seattle,2025-12-09,2025-12-09T08:01:13+00:00,UNRECORDED,56.0,57.0,station path (audit only),49.5,MISSING,0,,,MISSING,UNTESTABLE_NO_CAUSAL_FORECAST_OR_BOOK,winner
0xd37a26ef8a39a5368d78bebab981fe36e127706b70113927f9fd3019a91dd5fd,Dallas,2025-12-13,2025-12-13T11:01:59+00:00,UNRECORDED,65.0,66.0,station path (audit only),60.2,MISSING,0,,,MISSING,UNTESTABLE_NO_CAUSAL_FORECAST_OR_BOOK,winner
0xa6e2a9cfa298ab903de0e4a13fecb10eedfd8508755f311d065903f53d1c11f4,Dallas,2025-12-14,2025-12-14T06:17:11+00:00,UNRECORDED,48.0,49.0,station path (audit only),43.4,MISSING,0,,,MISSING,UNTESTABLE_NO_CAUSAL_FORECAST_OR_BOOK,winner
0xb4f06bbd35936eb8d9a2007e5ede050542b5a9194784ad3b865157c7900a6d10,Toronto,2025-12-14,2025-12-14T06:59:41+00:00,UNRECORDED,19.0,19.8,station path (audit only),13.0,MISSING,0,,,MISSING,UNTESTABLE_NO_CAUSAL_FORECAST_OR_BOOK,winner
0xc3792bd47593134c7327b0d8d80ccdaffa48a3e2220e09b7f8280c17284acd1a,Seattle,2025-12-16,2025-12-16T08:18:57+00:00,UNRECORDED,56.0,57.0,station path (audit only),50.9,MISSING,0,,,MISSING,UNTESTABLE_NO_CAUSAL_FORECAST_OR_BOOK,winner
0x50331875d66e74580fc0cd695fb8c0c03285eb0f0b9677c6c1ca6333bd93deea,Dallas,2025-12-19,2025-12-19T09:15:18+00:00,UNRECORDED,68.0,,station path (audit only),62.5,MISSING,0,,,MISSING,UNTESTABLE_NO_CAUSAL_FORECAST_OR_BOOK,winner
0x946cf7a93c42a1471b3b0fcbb090b4b4864d55f551ef1277ede945b47eac563d,Seattle,2025-12-19,2025-12-19T08:16:53+00:00,UNRECORDED,46.0,47.0,station path (audit only),40.4,MISSING,0,,,MISSING,UNTESTABLE_NO_CAUSAL_FORECAST_OR_BOOK,winner
0xbc0b35757513f6bc337767ae104b00fdbbbe8fe96b67e96e8a04fb0b235c2e4e,Dallas,2025-12-23,2025-12-23T06:59:49+00:00,UNRECORDED,82.0,83.0,station path (audit only),77.0,MISSING,0,,,MISSING,UNTESTABLE_NO_CAUSAL_FORECAST_OR_BOOK,winner
0x31334c35c9a914c76097cf8b7accd5c3c1ef676070718d709c44720f32135b3c,Dallas,2025-12-25,2025-12-25T07:48:59+00:00,UNRECORDED,82.0,83.0,station path (audit only),76.3,MISSING,0,,,MISSING,UNTESTABLE_NO_CAUSAL_FORECAST_OR_BOOK,winner
0x8d9a83c38886d8ff77272a3c94ff39fe15d70c318a072cc2e9a2d5aae294e299,Seattle,2025-12-26,2025-12-26T09:19:03+00:00,UNRECORDED,46.0,47.0,station path (audit only),40.8,MISSING,0,,,MISSING,UNTESTABLE_NO_CAUSAL_FORECAST_OR_BOOK,winner
0x5493c21388478961c7866305c8698fe1c382a61dd4650b80fb79da3dd0a5c5eb,Seattle,2025-12-27,2025-12-27T09:17:27+00:00,UNRECORDED,44.0,45.0,station path (audit only),37.3,MISSING,0,,,MISSING,UNTESTABLE_NO_CAUSAL_FORECAST_OR_BOOK,winner
0x4328c348300b921c5d8d0f510e61204f73ef988fb73942f4fb76e8a3c7bbbe87,Dallas,2025-12-29,2025-12-29T11:33:23+00:00,UNRECORDED,48.0,49.0,station path (audit only),42.6,MISSING,0,,,MISSING,UNTESTABLE_NO_CAUSAL_FORECAST_OR_BOOK,winner
0x6455303d1d5bac44aed71e91dceaeed3c75b3d6a729cd35eb2a94f06ef0f7869,Dallas,2025-12-31,2025-12-31T08:29:33+00:00,UNRECORDED,70.0,,station path (audit only),65.0,MISSING,0,,,MISSING,UNTESTABLE_NO_CAUSAL_FORECAST_OR_BOOK,winner
0x4e2cbec545fc54a30a39a2ef04b9f3ab562269a6b6592a4cc68287f1bf4c2a2a,Dallas,2026-01-03,2026-01-03T06:02:15+00:00,UNRECORDED,68.0,69.0,station path (audit only),61.7,MISSING,0,,,MISSING,UNTESTABLE_NO_CAUSAL_FORECAST_OR_BOOK,winner
0xb0a2b4ad2d0081e39be0d67d467446d97d9ca6ddfa307c029a78e93fef665ff4,Dallas,2026-01-04,2026-01-04T07:04:51+00:00,UNRECORDED,66.0,67.0,station path (audit only),60.4,MISSING,0,,,MISSING,UNTESTABLE_NO_CAUSAL_FORECAST_OR_BOOK,winner
0x2fcd5b848c76d0d0558e1abdb8d769a4c81bd2f73b32dd72b376bb6afe1334c3,Seattle,2026-01-04,2026-01-04T09:54:21+00:00,UNRECORDED,52.0,53.0,station path (audit only),46.4,MISSING,0,,,MISSING,UNTESTABLE_NO_CAUSAL_FORECAST_OR_BOOK,winner
0xd0afe81d74388648cb0ff2a3cdc193a2e8c0ab95f7d3d76b094ec4df0d366a69,Toronto,2026-01-04,2026-01-04T06:55:03+00:00,UNRECORDED,29.8,30.6,station path (audit only),24.8,MISSING,0,,,MISSING,UNTESTABLE_NO_CAUSAL_FORECAST_OR_BOOK,winner
0xa185cb5e57d08864c85278073ab045a289eee2a6e0f476ba5cf0d3acc315cb93,Seattle,2026-01-05,2026-01-05T08:31:01+00:00,UNRECORDED,48.0,49.0,station path (audit only),42.6,MISSING,0,,,MISSING,UNTESTABLE_NO_CAUSAL_FORECAST_OR_BOOK,winner
0x3658c2cdbd59a8a0e63489f9035cd47a1d0c7dd0a91bf3e9b5689dafe8626c26,London,2026-01-07,2026-01-07T03:31:23+00:00,UNRECORDED,46.0,,station path (audit only),41.0,MISSING,0,,,MISSING,UNTESTABLE_NO_CAUSAL_FORECAST_OR_BOOK,winner
0xe0f3fdb56a088ac2d5df7384e8e6ae8d6a78a88faffa472f8dfb0308c1678461,Seattle,2026-01-07,2026-01-07T11:21:41+00:00,UNRECORDED,44.0,45.0,station path (audit only),39.4,MISSING,0,,,MISSING,UNTESTABLE_NO_CAUSAL_FORECAST_OR_BOOK,winner
0xe6f0cfeedb1c0f2a5fcc18f5fbbbace7336b662211dfd2756b957477b2a7258e,Toronto,2026-01-07,2026-01-07T07:17:59+00:00,UNRECORDED,40.6,,station path (audit only),36.1,MISSING,0,,,MISSING,UNTESTABLE_NO_CAUSAL_FORECAST_OR_BOOK,winner
0xf5cc6ffe31c4f81bc58d7d361c76d4f3482b4ab6c4064019aabc141bf6d137ca,Dallas,2026-01-08,2026-01-08T09:09:01+00:00,UNRECORDED,84.0,85.0,station path (audit only),78.7,MISSING,0,,,MISSING,UNTESTABLE_NO_CAUSAL_FORECAST_OR_BOOK,winner
0xcc078e6b82c5b48a845f82587f50dc49378c92d6e57da1d65ef3a9b8c1348d76,Seattle,2026-01-09,2026-01-09T08:05:58+00:00,UNRECORDED,52.0,,station path (audit only),46.9,MISSING,0,,,MISSING,UNTESTABLE_NO_CAUSAL_FORECAST_OR_BOOK,winner
0xea4ed2340b0e760c5962a5932c6dc04e22eeec12d685f3c696dc5c63fe4fd415,London,2026-01-12,2026-01-12T04:49:58+00:00,UNRECORDED,58.6,,station path (audit only),50.5,MISSING,0,,,MISSING,UNTESTABLE_NO_CAUSAL_FORECAST_OR_BOOK,winner
0x2f227dbc57c763ef44ecc0f0260df0ab5638a2f703314c3701431aa50bcb3c0d,London,2026-01-12,2026-01-12T02:10:34+00:00,UNRECORDED,56.8,57.6,station path (audit only),50.5,MISSING,0,,,MISSING,UNTESTABLE_NO_CAUSAL_FORECAST_OR_BOOK,winner
0xecda861da07d0b5471b88a4e87634712c6644272c26b21e631b578ab46d0e4b5,London,2026-01-12,2026-01-12T01:12:28+00:00,UNRECORDED,55.0,55.8,station path (audit only),50.5,MISSING,0,,,MISSING,UNTESTABLE_NO_CAUSAL_FORECAST_OR_BOOK,winner
0x3b26ecc9bf5a36b8f6ecb767f2e66b2f6e5866b83d3b99f2426f202ede4d3dd6,Dallas,2026-01-14,2026-01-14T07:28:22+00:00,UNRECORDED,66.0,67.0,station path (audit only),59.3,MISSING,0,,,MISSING,UNTESTABLE_NO_CAUSAL_FORECAST_OR_BOOK,winner
0xcd968650ce7979cc11f4e20cc1891a4f67d0e4d319b56b523556fd6a2ac2706e,Seattle,2026-01-14,2026-01-14T09:09:20+00:00,UNRECORDED,54.0,55.0,station path (audit only),49.4,MISSING,0,,,MISSING,UNTESTABLE_NO_CAUSAL_FORECAST_OR_BOOK,winner
0x4f19dacb9de88ffc6a5f1c8f35d8252a4035a14616bec22e3a26da216634b79e,Toronto,2026-01-15,2026-01-15T05:36:22+00:00,UNRECORDED,19.0,19.8,station path (audit only),13.1,MISSING,0,,,MISSING,UNTESTABLE_NO_CAUSAL_FORECAST_OR_BOOK,winner
0xf768f45419b8ab70e6147e3fbc24c226750342f295170a049cd8668fd69f99e9,Toronto,2026-01-17,2026-01-17T09:37:56+00:00,UNRECORDED,38.8,,station path (audit only),33.7,MISSING,0,,,MISSING,UNTESTABLE_NO_CAUSAL_FORECAST_OR_BOOK,winner
0xc984b4525707bdfd633388e6f6df62099522f5d708f5c59606c0f60d16820a0c,Toronto,2026-01-18,2026-01-18T05:58:22+00:00,UNRECORDED,24.4,25.2,station path (audit only),19.8,MISSING,0,,,MISSING,UNTESTABLE_NO_CAUSAL_FORECAST_OR_BOOK,winner
0x370620b9a8bad994e979b20bc42e80ab386d91187e725eeb34678f5c93ccf2a6,Dallas,2026-01-21,2026-01-21T07:31:02+00:00,UNRECORDED,66.0,,station path (audit only),60.5,MISSING,0,,,MISSING,UNTESTABLE_NO_CAUSAL_FORECAST_OR_BOOK,winner
0x64ff9996cccd03a151e7adcf3be250385513113feeae8789318b9f443c5ce41b,Toronto,2026-01-21,2026-01-21T11:20:38+00:00,UNRECORDED,33.4,34.2,station path (audit only),25.6,MISSING,0,,,MISSING,UNTESTABLE_NO_CAUSAL_FORECAST_OR_BOOK,winner
0x75d4e43a36ff9c4c92f7567e40d6b431f37eacb2f0ea1150b1312cee52b0684d,Toronto,2026-01-21,2026-01-21T07:50:42+00:00,UNRECORDED,31.6,32.4,station path (audit only),25.6,MISSING,0,,,MISSING,UNTESTABLE_NO_CAUSAL_FORECAST_OR_BOOK,winner
0xcdca756ce4e36931c294eca9361c1e12e0ae72257fd512421a932d42842c08dc,Chicago,2026-01-22,2026-01-22T08:09:12+00:00,UNRECORDED,26.0,27.0,station path (audit only),20.8,MISSING,0,,,MISSING,UNTESTABLE_NO_CAUSAL_FORECAST_OR_BOOK,winner
0x5f4e4799e10a6be2f8d689199bf5c9e569c688ef0e445b80b940e2b69c410369,Chicago,2026-01-22,2026-01-22T09:31:30+00:00,UNRECORDED,28.0,,station path (audit only),20.8,MISSING,0,,,MISSING,UNTESTABLE_NO_CAUSAL_FORECAST_OR_BOOK,winner
0x80d9d0fc585491a9e30f3661f073d604bc0cf6b46f50dccafff78606d9b72dc2,Chicago,2026-01-23,2026-01-23T06:06:12+00:00,UNRECORDED,6.0,7.0,station path (audit only),0.4,MISSING,0,,,MISSING,UNTESTABLE_NO_CAUSAL_FORECAST_OR_BOOK,winner
0x2e0d3e44951699953c4c021c07b5ac43ff6aa82256afd848f5f8db9942ac3081,Toronto,2026-01-23,2026-01-23T05:10:08+00:00,UNRECORDED,17.2,18.0,station path (audit only),10.4,MISSING,0,,,MISSING,UNTESTABLE_NO_CAUSAL_FORECAST_OR_BOOK,winner
0x309399fa8a93e914c5b0ceb5410dc3b4eb3e2e19d483b0b6ffac449031b2ce3d,Toronto,2026-01-23,2026-01-23T06:58:46+00:00,UNRECORDED,19.0,,station path (audit only),10.4,MISSING,0,,,MISSING,UNTESTABLE_NO_CAUSAL_FORECAST_OR_BOOK,winner
0xc512b3126929f75583e3fe55bdcce5505c39953b33b178f7f6567d6bca1574eb,Miami,2026-01-24,2026-01-24T09:52:52+00:00,UNRECORDED,84.0,,station path (audit only),77.3,MISSING,0,,,MISSING,UNTESTABLE_NO_CAUSAL_FORECAST_OR_BOOK,winner
0xbe12271ad4fc5826efae0c7b92f1a389dea26b314315670233e77384e36b5399,Miami,2026-01-24,2026-01-24T09:13:34+00:00,UNRECORDED,82.0,83.0,station path (audit only),77.3,MISSING,0,,,MISSING,UNTESTABLE_NO_CAUSAL_FORECAST_OR_BOOK,winner
0xf3b61ffac788ecdcaf413c6c30cc88ce29d899835ba0a9e85fc112af69b9b784,Dallas,2026-01-25,2026-01-25T07:37:20+00:00,UNRECORDED,24.0,25.0,station path (audit only),18.7,MISSING,0,,,MISSING,UNTESTABLE_NO_CAUSAL_FORECAST_OR_BOOK,winner
0x456c5a2fea2a708616cf3267fd24055618be1b25f5fa833e790245da0df7dc1e,Dallas,2026-01-26,2026-01-26T08:09:51+00:00,UNRECORDED,32.0,33.0,station path (audit only),26.6,MISSING,0,,,MISSING,UNTESTABLE_NO_CAUSAL_FORECAST_OR_BOOK,winner
0x13e793390e1e4952212025e9a84de6b56d2b1798beb8571e84b41364ac9758c1,Seattle,2026-01-26,2026-01-26T11:42:55+00:00,UNRECORDED,52.0,,station path (audit only),44.6,MISSING,0,,,MISSING,UNTESTABLE_NO_CAUSAL_FORECAST_OR_BOOK,winner
0x8dea938091410d2e57102ab01bc464fec4450106299495b1e000c286086594cf,Chicago,2026-01-27,2026-01-27T11:53:19+00:00,UNRECORDED,20.0,,station path (audit only),12.0,MISSING,0,,,MISSING,UNTESTABLE_NO_CAUSAL_FORECAST_OR_BOOK,winner
0x7618cdfe94bdedcd73b253661d0b65523b4e7883b39803835b823b665cf17822,Dallas,2026-01-27,2026-01-27T07:20:45+00:00,UNRECORDED,44.0,45.0,station path (audit only),35.3,MISSING,0,,,MISSING,UNTESTABLE_NO_CAUSAL_FORECAST_OR_BOOK,winner
0x6716436cfbc202eae83a96ebdc3e526927f1044c579d7d77c4aa0e52dcd31163,Dallas,2026-01-27,2026-01-27T06:13:15+00:00,UNRECORDED,42.0,43.0,station path (audit only),35.3,MISSING,0,,,MISSING,UNTESTABLE_NO_CAUSAL_FORECAST_OR_BOOK,winner
0x9caaf4082bcf14d6a819aeee103961a118844d8324c372d77bfa47bb65fa1c10,Miami,2026-01-27,2026-01-27T09:51:19+00:00,UNRECORDED,70.0,,station path (audit only),65.1,MISSING,0,,,MISSING,UNTESTABLE_NO_CAUSAL_FORECAST_OR_BOOK,winner
0xa70f2cef4ee2ea911e3b4fd50953f9ec36c9bb7cb01623d42d21ccdf6891438b,Miami,2026-01-28,2026-01-28T06:07:07+00:00,UNRECORDED,,57.0,station path (audit only),52.1,MISSING,23,,,MISSING,UNTESTABLE_NO_CAUSAL_FORECAST_OR_BOOK,winner
0x87b027c1e882c713bfeca9c3cb06d3a2ef75bc2451b1c0f7175d451919a32418,Miami,2026-01-28,2026-01-28T11:44:31+00:00,UNRECORDED,60.0,61.0,station path (audit only),52.1,MISSING,18,,2026-01-28 10:53,MISSING,UNTESTABLE_NO_CAUSAL_FORECAST_OR_BOOK,winner
0xa92f5672526246313bfff063e514904ad2d136c318bb157018347169961c6794,Miami,2026-01-28,2026-01-28T06:03:45+00:00,UNRECORDED,68.0,,station path (audit only),52.1,MISSING,23,,,MISSING,UNTESTABLE_NO_CAUSAL_FORECAST_OR_BOOK,winner
0x8171364fda5d5dc2277b65dd25914059269cbceb9f6f5528470830040178b90b,Miami,2026-01-28,2026-01-28T05:00:21+00:00,UNRECORDED,62.0,63.0,station path (audit only),52.1,MISSING,24,2026-01-28 10:53,,MISSING,UNTESTABLE_NO_CAUSAL_FORECAST_OR_BOOK,loser
0xc464391c7411b3dcfab9daaf587e6744c8201bd94f43605fc097f2910d7f6e84,Chicago,2026-01-29,2026-01-29T09:45:18+00:00,UNRECORDED,22.0,,station path (audit only),17.3,MISSING,0,,,MISSING,UNTESTABLE_NO_CAUSAL_FORECAST_OR_BOOK,winner
0x115e0af09cb08fe0518bda2c7fa9a0d5c6812bba3e4a4a0d92886b5469bed9ab,Toronto,2026-01-29,2026-01-29T05:02:14+00:00,UNRECORDED,13.600000000000001,14.399999999999999,station path (audit only),8.2,MISSING,0,,,MISSING,UNTESTABLE_NO_CAUSAL_FORECAST_OR_BOOK,winner
0x27f97444bc4cfb180886ec6f8b4027fae8aaa55783b38c7c64e817e2b987ea71,Dallas,2026-01-30,2026-01-30T07:31:28+00:00,UNRECORDED,52.0,,station path (audit only),46.4,MISSING,0,,,MISSING,UNTESTABLE_NO_CAUSAL_FORECAST_OR_BOOK,winner
0xb06ac31af76fcbec062b8a0fc0475bb81c9923fc73f5cf70b063424905e29ec4,Miami,2026-01-30,2026-01-30T05:03:24+00:00,UNRECORDED,72.0,73.0,station path (audit only),63.0,MISSING,0,,,MISSING,UNTESTABLE_NO_CAUSAL_FORECAST_OR_BOOK,winner
0x6ddcad421eedebe09cd6f7ddecde5c4542756d1cf23419d368796e3b6b92a0a5,Wellington,2026-01-30,2026-01-30T04:32:38+00:00,UNRECORDED,69.4,,station path (audit only),64.5,MISSING,0,,,MISSING,UNTESTABLE_NO_CAUSAL_FORECAST_OR_BOOK,winner
0x582e4e1c4f6b26444b8533bee3b810b32a2de6c802998da3e61cc3e335adf0d0,Dallas,2026-01-31,2026-01-31T06:39:40+00:00,UNRECORDED,40.0,,station path (audit only),33.1,MISSING,0,,,MISSING,UNTESTABLE_NO_CAUSAL_FORECAST_OR_BOOK,winner
0xaa511628171f269f40cb1353b1b0673902f60fe2df7c17e5a9a36befa6ae2db9,Miami,2026-01-31,2026-01-31T05:28:20+00:00,UNRECORDED,66.0,67.0,station path (audit only),58.5,MISSING,0,,,MISSING,UNTESTABLE_NO_CAUSAL_FORECAST_OR_BOOK,winner
0x67872251a1951dc0d4a84d1bea52addb3b8e0e548a20de4589a8a57c0aea1907,Chicago,2026-02-01,2026-02-01T09:07:20+00:00,UNRECORDED,34.0,,station path (audit only),27.8,MISSING,0,,,MISSING,UNTESTABLE_NO_CAUSAL_FORECAST_OR_BOOK,winner
0x51459b82547b0aecba70ecf631d1e328c61142621f8715781ca313fc04ef923d,Toronto,2026-02-01,2026-02-01T05:41:14+00:00,UNRECORDED,22.6,,station path (audit only),16.9,MISSING,0,,,MISSING,UNTESTABLE_NO_CAUSAL_FORECAST_OR_BOOK,winner
0xd0b5a35669d96328ee65aaf212c5d90579f77ec62d8bf6567bc3aff2ec6bc41f,Wellington,2026-02-01,2026-02-01T01:37:16+00:00,UNRECORDED,71.2,,station path (audit only),66.0,MISSING,0,,,MISSING,UNTESTABLE_NO_CAUSAL_FORECAST_OR_BOOK,winner
0x98be72af9386efbb03df893db8e95289f262b20bd0b3d7aebca90231860b1b80,Miami,2026-02-03,2026-02-03T05:38:32+00:00,UNRECORDED,70.0,71.0,station path (audit only),65.0,MISSING,0,,,MISSING,UNTESTABLE_NO_CAUSAL_FORECAST_OR_BOOK,winner
0x2ac4fe8ad547c42f0c73736d625837282f9fa76875bedbce0920ac4d6b967fa1,Miami,2026-02-06,2026-02-06T05:40:11+00:00,UNRECORDED,70.0,,station path (audit only),64.9,MISSING,0,,,MISSING,UNTESTABLE_NO_CAUSAL_FORECAST_OR_BOOK,winner
0xcc4488f7c206bf847194b3aa0c4c24295eb323cea6fe52eb234b12434f1ebea4,Seattle,2026-02-06,2026-02-06T08:08:59+00:00,UNRECORDED,60.0,61.0,station path (audit only),53.7,MISSING,0,,,MISSING,UNTESTABLE_NO_CAUSAL_FORECAST_OR_BOOK,winner
0xd6a2372f9dbca4be32a97b231b19a93271bc844f1fd82157a76c0718c4280dc3,Toronto,2026-02-06,2026-02-06T09:33:43+00:00,UNRECORDED,33.4,34.2,station path (audit only),26.8,MISSING,0,,,MISSING,UNTESTABLE_NO_CAUSAL_FORECAST_OR_BOOK,winner
0x57926ef8ee0e44a74e0f85dad7ae0c9be15aaa4d90616b52ad97b9cda6fc9a49,Chicago,2026-02-07,2026-02-07T09:36:21+00:00,UNRECORDED,34.0,,station path (audit only),26.6,MISSING,0,,,MISSING,UNTESTABLE_NO_CAUSAL_FORECAST_OR_BOOK,winner
0x0b9ee680518aa8d06d140bf97fe8241458c0cb0ff4d447bf6e3228c82ed72814,Dallas,2026-02-07,2026-02-07T06:17:13+00:00,UNRECORDED,74.0,,station path (audit only),68.5,MISSING,0,,,MISSING,UNTESTABLE_NO_CAUSAL_FORECAST_OR_BOOK,winner
0x40624c083e6086e1e56893836104e3d36f6247fe28ed29bfee19a61e411df532,Toronto,2026-02-07,2026-02-07T05:27:07+00:00,UNRECORDED,11.8,12.600000000000001,station path (audit only),6.5,MISSING,0,,,MISSING,UNTESTABLE_NO_CAUSAL_FORECAST_OR_BOOK,winner
0xd179fbcae1cd909479589e1a5d8593ebd81f2ecc1702db2519e8e0b2404ffab7,Seattle,2026-02-08,2026-02-08T11:08:23+00:00,UNRECORDED,54.0,,station path (audit only),48.6,MISSING,0,,,MISSING,UNTESTABLE_NO_CAUSAL_FORECAST_OR_BOOK,winner
0x1c672b097533bf5f24fc5e7fe7a58b9d5771b44ee76cca83e71f583c544fc6e3,Toronto,2026-02-08,2026-02-08T05:52:23+00:00,UNRECORDED,11.8,12.600000000000001,station path (audit only),3.0,MISSING,0,,,MISSING,UNTESTABLE_NO_CAUSAL_FORECAST_OR_BOOK,winner
0x121fc23aaec92afa325ba2f4d85c275daf069985ce54cb7127a3085de2183331,Wellington,2026-02-08,2026-02-07T20:02:33+00:00,UNRECORDED,69.4,70.2,station path (audit only),64.1,MISSING,0,,,MISSING,UNTESTABLE_NO_CAUSAL_FORECAST_OR_BOOK,winner
0xf7fc907e9cf75abbd3398d254b477535c83072e12b47e99fb83b7836b98f8a06,Toronto,2026-02-09,2026-02-09T05:32:15+00:00,UNRECORDED,20.8,21.6,station path (audit only),16.2,MISSING,0,,,MISSING,UNTESTABLE_NO_CAUSAL_FORECAST_OR_BOOK,winner
0xe515e6cc4155737123a4381c3a9ece86154ff5266f5156a3f7e0b18529a5499f,Toronto,2026-02-09,2026-02-09T11:42:51+00:00,UNRECORDED,22.6,23.4,station path (audit only),16.2,MISSING,0,,,MISSING,UNTESTABLE_NO_CAUSAL_FORECAST_OR_BOOK,winner
0xd2c62b81d4a680f5e416f15e51bcc9f379d8eb0acd03e3fc077348333b4d72fa,Wellington,2026-02-10,2026-02-09T20:20:59+00:00,UNRECORDED,71.2,,station path (audit only),66.7,MISSING,0,,,MISSING,UNTESTABLE_NO_CAUSAL_FORECAST_OR_BOOK,winner
0x5bec051a01c1a00cbc75ba8b2aac29b6c712ba68a355a16dccac72920a3fe542,Dallas,2026-02-12,2026-02-12T06:26:41+00:00,UNRECORDED,78.0,79.0,station path (audit only),70.6,MISSING,0,,,MISSING,UNTESTABLE_NO_CAUSAL_FORECAST_OR_BOOK,winner
0xe59326855da996e465e4ea67ff6d0e8e604d20e8165cfacb9d3c512f5b0ad2e7,Toronto,2026-02-12,2026-02-12T05:07:39+00:00,UNRECORDED,28.0,28.8,station path (audit only),20.8,MISSING,0,,,MISSING,UNTESTABLE_NO_CAUSAL_FORECAST_OR_BOOK,winner
0x79ee332f5a27f43c9cbfc2fa3a92dd9f608c32d2c02d055e0a12e27106e24792,Toronto,2026-02-12,2026-02-12T05:44:39+00:00,UNRECORDED,29.8,,station path (audit only),20.8,MISSING,0,,,MISSING,UNTESTABLE_NO_CAUSAL_FORECAST_OR_BOOK,winner
0xe58e481cff1e7f1521b330f074b15216b7f678af0e790e53869adfe6624afe4c,Seattle,2026-02-14,2026-02-14T08:01:59+00:00,UNRECORDED,50.0,51.0,station path (audit only),44.5,MISSING,0,,,MISSING,UNTESTABLE_NO_CAUSAL_FORECAST_OR_BOOK,winner
0xc2c24e3b9967b6cc92d413e38264dbe07f3cc57286b64c4fc54d6cce1b694b56,London,2026-02-15,2026-02-15T00:00:19+00:00,UNRECORDED,51.4,52.2,station path (audit only),45.0,MISSING,0,,,MISSING,UNTESTABLE_NO_CAUSAL_FORECAST_OR_BOOK,winner
0x3596ca28f942b239a1deec55e9a5d3f6cc044e44fae8f3e5a0ae83f507b55b14,London,2026-02-15,2026-02-15T01:06:45+00:00,UNRECORDED,53.2,,station path (audit only),45.0,MISSING,0,,,MISSING,UNTESTABLE_NO_CAUSAL_FORECAST_OR_BOOK,winner
0x92042244cab005f9f5bac4f1b224e611ce274702ee1abe1e76ca388738e70bc3,London,2026-02-15,2026-02-15T05:32:15+00:00,UNRECORDED,49.6,50.4,station path (audit only),45.0,MISSING,0,,,MISSING,UNTESTABLE_NO_CAUSAL_FORECAST_OR_BOOK,winner
0x09f8cfc1b63764098e89aa4fd67ae81fb2fd62462367984273bcaca915af4245,Dallas,2026-02-16,2026-02-16T06:26:01+00:00,UNRECORDED,70.0,71.0,station path (audit only),64.7,MISSING,0,,,MISSING,UNTESTABLE_NO_CAUSAL_FORECAST_OR_BOOK,winner
0xf24fade25a4d5f41f4344083bea1986d913d66af2572bd4fcbc7a550b7b864d8,Seattle,2026-02-16,2026-02-16T10:01:59+00:00,UNRECORDED,50.0,51.0,station path (audit only),40.1,MISSING,0,,,MISSING,UNTESTABLE_NO_CAUSAL_FORECAST_OR_BOOK,winner
0x4fb1696bc23b72f7f82a69e5f310c176d46006c0f6b16515eab8d9f0d3da2109,Seattle,2026-02-16,2026-02-16T10:58:37+00:00,UNRECORDED,46.0,47.0,station path (audit only),40.1,MISSING,0,,,MISSING,UNTESTABLE_NO_CAUSAL_FORECAST_OR_BOOK,winner
0x5270be10e4ffeca25f632dccc12b7fdd7b77ece57048273611726255af9a5d57,Dallas,2026-02-17,2026-02-17T09:56:27+00:00,UNRECORDED,84.0,,station path (audit only),70.6,MISSING,0,,,MISSING,UNTESTABLE_NO_CAUSAL_FORECAST_OR_BOOK,winner
0xb438356c9b628645d4e5108ec132568eb8061686f61179c893e5c44c2fa77cb3,Chicago,2026-02-18,2026-02-18T07:33:16+00:00,UNRECORDED,68.0,69.0,station path (audit only),61.8,MISSING,0,,,MISSING,UNTESTABLE_NO_CAUSAL_FORECAST_OR_BOOK,winner
0xf49d532ad2f21a12e4a3a592ff134f53bef7ab002796576580d97ca0c65179be,Toronto,2026-02-18,2026-02-18T10:42:28+00:00,UNRECORDED,38.8,,station path (audit only),32.3,MISSING,0,,,MISSING,UNTESTABLE_NO_CAUSAL_FORECAST_OR_BOOK,winner
0x3ba68283bc5f202978e00f9eb1a757f659c530299d9c05835307590b8b2aac49,Toronto,2026-02-18,2026-02-18T05:00:30+00:00,UNRECORDED,37.0,37.8,station path (audit only),32.3,MISSING,0,,,MISSING,UNTESTABLE_NO_CAUSAL_FORECAST_OR_BOOK,winner
0x186eacf976a4664b46c46c493e2132253b1e19187f2b8a0f97af4a380a6e020d,Wellington,2026-02-18,2026-02-18T02:03:19+00:00,UNRECORDED,71.2,72.0,station path (audit only),66.0,MISSING,0,,,MISSING,UNTESTABLE_NO_CAUSAL_FORECAST_OR_BOOK,winner
0xfe9083f99c7b68d42945ac5c0df3f3dd4606579e07f7bcc559b763be978e56e1,Wellington,2026-02-18,2026-02-17T22:00:23+00:00,UNRECORDED,73.0,,station path (audit only),66.0,MISSING,0,,,MISSING,UNTESTABLE_NO_CAUSAL_FORECAST_OR_BOOK,winner
0x4cbfc612417ad6c45845480691bc90be71dcf988fdc7a26133a6ac78ffeaff9a,Dallas,2026-02-19,2026-02-19T11:36:52+00:00,UNRECORDED,82.0,,station path (audit only),74.7,MISSING,0,,,MISSING,UNTESTABLE_NO_CAUSAL_FORECAST_OR_BOOK,winner
0xcbd6bb5ebd5397f78e0be6578ab715fe952b3758a4ee7ee3084acb19dd0faa57,Miami,2026-02-19,2026-02-19T08:33:36+00:00,UNRECORDED,90.0,,station path (audit only),80.0,MISSING,0,,,MISSING,UNTESTABLE_NO_CAUSAL_FORECAST_OR_BOOK,winner
0xded89173b666ebfbfe574d87332a3aa7fafa6e44df55b33155fc3563c3ad0126,Miami,2026-02-19,2026-02-19T08:27:56+00:00,UNRECORDED,88.0,89.0,station path (audit only),80.0,MISSING,0,,,MISSING,UNTESTABLE_NO_CAUSAL_FORECAST_OR_BOOK,winner
0x41d3ed913d5f6a98c2a0ed6ffef62fb7f9c02e976448f6fecc09a4538fb52eed,Wellington,2026-02-19,2026-02-18T21:06:04+00:00,UNRECORDED,73.0,,station path (audit only),67.5,MISSING,0,,,MISSING,UNTESTABLE_NO_CAUSAL_FORECAST_OR_BOOK,winner
0x24bf0c018ee6f2bc2663da44aa6b71f6e2c7dd5dfd58c2864e9c0df00aea6f6e,Dallas,2026-02-20,2026-02-20T06:06:10+00:00,UNRECORDED,66.0,67.0,station path (audit only),61.3,MISSING,0,,,MISSING,UNTESTABLE_NO_CAUSAL_FORECAST_OR_BOOK,winner
0xd366f3ee995cbbcafe60b74498884f7a4fd7de6cbbf1140e5959bf0bdaa5dfe2,Miami,2026-02-20,2026-02-20T10:10:54+00:00,UNRECORDED,88.0,89.0,station path (audit only),80.9,MISSING,0,,,MISSING,UNTESTABLE_NO_CAUSAL_FORECAST_OR_BOOK,winner
0x72605f74df184d5586b7908dc3c59801c11c7159990905ec40b60a8f1976b12d,Chicago,2026-02-21,2026-02-21T09:00:26+00:00,UNRECORDED,36.0,37.0,station path (audit only),31.2,MISSING,0,,,MISSING,UNTESTABLE_NO_CAUSAL_FORECAST_OR_BOOK,winner
0xf4b165a75bea75d7d243a34ead91e4157da623dc3cdbbe27d252ec4370aa1faf,Dallas,2026-02-21,2026-02-21T07:55:44+00:00,UNRECORDED,64.0,65.0,station path (audit only),59.4,MISSING,0,,,MISSING,UNTESTABLE_NO_CAUSAL_FORECAST_OR_BOOK,winner
0x02019fb81e3f76020ae69a011db109719287c88b53283dd1b08cecba1a6edaac,Wellington,2026-02-21,2026-02-20T20:42:18+00:00,UNRECORDED,69.4,,station path (audit only),64.0,MISSING,0,,,MISSING,UNTESTABLE_NO_CAUSAL_FORECAST_OR_BOOK,winner
0x511e067b580e569a9fcb11a342ce632d9f9a900b428c3e0bd8290dcb7c2e3ace,Dallas,2026-02-22,2026-02-22T06:29:36+00:00,UNRECORDED,60.0,61.0,station path (audit only),54.8,MISSING,0,,,MISSING,UNTESTABLE_NO_CAUSAL_FORECAST_OR_BOOK,winner
0x27fb147ca4a5905a6d4926ec3f3cdaa5870858312ecb181ae5ffdce829a611ad,Dallas,2026-02-22,2026-02-22T09:04:36+00:00,UNRECORDED,62.0,63.0,station path (audit only),54.8,MISSING,0,,,MISSING,UNTESTABLE_NO_CAUSAL_FORECAST_OR_BOOK,winner
0x5ed51708cd744245cbda0c84647e0120324319af767483fb50eaecf77f10943f,Dallas,2026-02-23,2026-02-23T08:25:18+00:00,UNRECORDED,62.0,63.0,station path (audit only),57.5,MISSING,0,,,MISSING,UNTESTABLE_NO_CAUSAL_FORECAST_OR_BOOK,winner
0x519a10de276943f4141bb1dc8d08fa8802bb82b2e25bbe8bde9d07bfcd56e502,Seattle,2026-02-23,2026-02-23T08:02:10+00:00,UNRECORDED,50.0,51.0,station path (audit only),44.5,MISSING,0,,,MISSING,UNTESTABLE_NO_CAUSAL_FORECAST_OR_BOOK,winner
0xe3057c5fbb7e611e116ced5c96397e235e5d726e3c5c97a576a5d08033501ada,Wellington,2026-02-23,2026-02-22T21:14:30+00:00,UNRECORDED,71.2,,station path (audit only),66.2,MISSING,0,,,MISSING,UNTESTABLE_NO_CAUSAL_FORECAST_OR_BOOK,winner
0x7c2e1c38da26fe08933c37a6cc789b45dc144820b05949b7498e59e52ce222f7,Dallas,2026-02-24,2026-02-24T10:11:26+00:00,UNRECORDED,78.0,79.0,station path (audit only),70.4,MISSING,0,,,MISSING,UNTESTABLE_NO_CAUSAL_FORECAST_OR_BOOK,winner
0xf6e26b5f62b3c3c577f0ea3f47acc742716f7c9fc0cbb0b6f51c4dacae401145,Dallas,2026-02-24,2026-02-24T06:01:36+00:00,UNRECORDED,76.0,77.0,station path (audit only),70.4,MISSING,0,,,MISSING,UNTESTABLE_NO_CAUSAL_FORECAST_OR_BOOK,winner
0x456ee8652f7fd2e44e36b3d98406a3e654a2022d33fbd72530439dc836f1a161,Miami,2026-02-24,2026-02-24T08:22:28+00:00,UNRECORDED,74.0,75.0,station path (audit only),66.2,MISSING,0,,,MISSING,UNTESTABLE_NO_CAUSAL_FORECAST_OR_BOOK,winner
0x01da32e07b8a1fd13949ee1a0126f3ad75c7b6ef68b3b7ace2782ca8b1cf475f,Seattle,2026-02-24,2026-02-24T08:19:18+00:00,UNRECORDED,48.0,49.0,station path (audit only),42.3,MISSING,0,,,MISSING,UNTESTABLE_NO_CAUSAL_FORECAST_OR_BOOK,winner
0x4bf24de61ab370dad6eb86e67cf57166ac2d4d328298bde228b66b66ae695f70,Chicago,2026-02-25,2026-02-25T06:07:30+00:00,UNRECORDED,38.0,39.0,station path (audit only),33.4,MISSING,0,,,MISSING,UNTESTABLE_NO_CAUSAL_FORECAST_OR_BOOK,winner
0x720f446ba3946b8c3b474c8ced5211ad8965bee1fc844035a6b31525663837e5,Dallas,2026-02-25,2026-02-25T09:32:54+00:00,UNRECORDED,88.0,89.0,station path (audit only),83.4,MISSING,0,,,MISSING,UNTESTABLE_NO_CAUSAL_FORECAST_OR_BOOK,winner
0xd754547ce48e07b76837f2b241673c1a12ea14e8f0675e9a3afd452c7f694462,London,2026-02-25,2026-02-25T00:19:34+00:00,UNRECORDED,67.6,,station path (audit only),62.6,MISSING,0,,,MISSING,UNTESTABLE_NO_CAUSAL_FORECAST_OR_BOOK,winner
0xc07bd8cac99162833fe11b517f43f1c3957b3a930bcc99f1e93e0728ab4a6c2c,Seattle,2026-02-25,2026-02-25T08:12:48+00:00,UNRECORDED,52.0,53.0,station path (audit only),46.4,MISSING,0,,,MISSING,UNTESTABLE_NO_CAUSAL_FORECAST_OR_BOOK,winner
0x04242fc4961ca21e7b252b2e3b20710c9c4d91678f792d9cb9c33b1ad2fc4f62,Toronto,2026-02-25,2026-02-25T06:25:02+00:00,UNRECORDED,38.8,39.6,station path (audit only),31.6,MISSING,0,,,MISSING,UNTESTABLE_NO_CAUSAL_FORECAST_OR_BOOK,winner
0x8e1ccad60fec6cb184f125cb7b5a018dc39b6eb3587d8e9d49582eb9a09202eb,Toronto,2026-02-25,2026-02-25T10:45:50+00:00,UNRECORDED,37.0,37.8,station path (audit only),31.6,MISSING,0,,,MISSING,UNTESTABLE_NO_CAUSAL_FORECAST_OR_BOOK,winner
0xbda24b91cffc0511f424b797a8fe194cec2d5b55f7743322c797210cf6a61b82,Toronto,2026-02-25,2026-02-25T06:25:12+00:00,UNRECORDED,40.6,,station path (audit only),31.6,MISSING,0,,,MISSING,UNTESTABLE_NO_CAUSAL_FORECAST_OR_BOOK,winner
0x65799eebb86ee815cc66a5a3507c7a979608f45edb2437a41ce10e2da7c30282,Miami,2026-02-26,2026-02-26T09:35:36+00:00,UNRECORDED,86.0,87.0,station path (audit only),77.4,MISSING,0,,,MISSING,UNTESTABLE_NO_CAUSAL_FORECAST_OR_BOOK,winner
0x58256f8d898c878df0671c0dee6724361569e92282249f9ad7c218451ba5cfe9,Miami,2026-02-26,2026-02-26T09:14:52+00:00,UNRECORDED,82.0,83.0,station path (audit only),77.4,MISSING,0,,,MISSING,UNTESTABLE_NO_CAUSAL_FORECAST_OR_BOOK,winner
0x959ddf06421a635eca47b2d7eb4eecccfc780cffdb140a5795d7b3d77edf65eb,Toronto,2026-02-26,2026-02-26T07:23:38+00:00,UNRECORDED,29.8,30.6,station path (audit only),24.4,MISSING,0,,,MISSING,UNTESTABLE_NO_CAUSAL_FORECAST_OR_BOOK,winner
0x471b6ed23ac31b7ddfe8573cf8d7b3b3a76486459cb879e088492a7a2456ecf9,Toronto,2026-02-26,2026-02-26T10:41:42+00:00,UNRECORDED,33.4,,station path (audit only),24.4,MISSING,0,,,MISSING,UNTESTABLE_NO_CAUSAL_FORECAST_OR_BOOK,winner
0xd8c9e85950996faf9b04df48f07fd090d2e0276b7937f2d6f246e242e4050b5d,Wellington,2026-02-27,2026-02-26T20:55:28+00:00,UNRECORDED,65.8,,station path (audit only),59.6,MISSING,0,,,MISSING,UNTESTABLE_NO_CAUSAL_FORECAST_OR_BOOK,winner
0xd5409897656ab196c100135845d9c2dfb2f8e0f25db7770f646741eefeb2ec5d,Paris,2026-02-28,2026-02-28T01:40:43+00:00,UNRECORDED,60.4,,station path (audit only),55.9,MISSING,0,,,MISSING,UNTESTABLE_NO_CAUSAL_FORECAST_OR_BOOK,winner
0x961dbba0947deeac4ca5a6dc819b9fc5a1db966a3991a67d9ae6d03639129a28,Seattle,2026-02-28,2026-02-28T08:20:59+00:00,UNRECORDED,54.0,55.0,station path (audit only),47.2,MISSING,0,,,MISSING,UNTESTABLE_NO_CAUSAL_FORECAST_OR_BOOK,winner
0xe8894d84810858c49eb38481cdfd401505668ce2f55b4104269f5880bc74ca64,Wellington,2026-02-28,2026-02-28T01:45:23+00:00,UNRECORDED,67.6,68.4,station path (audit only),62.7,MISSING,0,,,MISSING,UNTESTABLE_NO_CAUSAL_FORECAST_OR_BOOK,winner
0xeaa2cb8a4d93245755e65a4f78d80852db6a13be0b9a300ef3918ae2226004e2,Wellington,2026-02-28,2026-02-27T20:02:11+00:00,UNRECORDED,69.4,,station path (audit only),62.7,MISSING,0,,,MISSING,UNTESTABLE_NO_CAUSAL_FORECAST_OR_BOOK,winner
0x4fc0917a52c8571769b0aab4e275faa7c537a132c04e7ff876f68478d27f0c49,Toronto,2026-03-01,2026-03-01T08:49:21+00:00,UNRECORDED,24.4,25.2,station path (audit only),18.5,MISSING,0,,,MISSING,UNTESTABLE_NO_CAUSAL_FORECAST_OR_BOOK,winner
0x2f6d38d4e7fa7999dad6eff1d4363b87095f0e0b47b19edbc1a10fa4a8f6b484,Toronto,2026-03-01,2026-03-01T05:07:49+00:00,UNRECORDED,26.2,,station path (audit only),18.5,MISSING,0,,,MISSING,UNTESTABLE_NO_CAUSAL_FORECAST_OR_BOOK,winner
0xfa9a14c4d1a898925995cdb1675c67724ddb8d4eb1d7bb7a5da16b5433e7664d,London,2026-03-02,2026-03-02T10:23:21+00:00,UNRECORDED,64.0,,station path (audit only),58.3,MISSING,0,,,MISSING,UNTESTABLE_NO_CAUSAL_FORECAST_OR_BOOK,winner
0x946a4b53fbd432c4253058937067586b2a0068507288b08e8c9cb2dc1890d241,Wellington,2026-03-02,2026-03-02T07:22:57+00:00,UNRECORDED,58.6,59.4,station path (audit only),52.5,MISSING,0,,,MISSING,UNTESTABLE_NO_CAUSAL_FORECAST_OR_BOOK,winner
0x37841ac89ccfb31cd4ea949d54821fb720ded3cb57e8190ecd72f6876682b0ba,Seattle,2026-03-03,2026-03-03T08:01:45+00:00,UNRECORDED,56.0,,station path (audit only),50.9,MISSING,0,,,MISSING,UNTESTABLE_NO_CAUSAL_FORECAST_OR_BOOK,winner
0xd7fd71ed0c6ded3a1f6367e5b12385066d5fcac1719f2a61c63530ae2760af3e,Wellington,2026-03-03,2026-03-03T00:00:55+00:00,UNRECORDED,60.4,61.2,station path (audit only),55.1,MISSING,0,,,MISSING,UNTESTABLE_NO_CAUSAL_FORECAST_OR_BOOK,winner
0xc2b4e352e34c1b058618137038ba8934f22bfcc48da43f6d652943ebaae47e56,Chicago,2026-03-04,2026-03-04T08:22:19+00:00,UNRECORDED,50.0,,station path (audit only),45.2,MISSING,0,,,MISSING,UNTESTABLE_NO_CAUSAL_FORECAST_OR_BOOK,winner
0x7a73c8400cfc36409481974506ac07775c025c8e1136d5a58bbcf56a1c478e50,Miami,2026-03-04,2026-03-04T05:00:25+00:00,UNRECORDED,84.0,85.0,station path (audit only),79.1,MISSING,0,,,MISSING,UNTESTABLE_NO_CAUSAL_FORECAST_OR_BOOK,winner
0x2e7a943d5ce1c806effe6469fd89101624abbdadd4b2af2adbf046fe52f70e68,Seattle,2026-03-04,2026-03-04T08:01:15+00:00,UNRECORDED,56.0,57.0,station path (audit only),49.9,MISSING,0,,,MISSING,UNTESTABLE_NO_CAUSAL_FORECAST_OR_BOOK,winner
0x11cfd1648cb0d0a843882f5ea64df334002f33bf7aed5a5f540c396308af4ce9,Dallas,2026-03-05,2026-03-05T07:21:05+00:00,UNRECORDED,82.0,83.0,station path (audit only),74.4,MISSING,0,,,MISSING,UNTESTABLE_NO_CAUSAL_FORECAST_OR_BOOK,winner
0x6af94b390614c033c7644673ccb7f0173b834691cc75364cb28b9afe7f7c7e68,London,2026-03-05,2026-03-05T06:57:09+00:00,UNRECORDED,67.6,,station path (audit only),61.7,MISSING,0,,,MISSING,UNTESTABLE_NO_CAUSAL_FORECAST_OR_BOOK,winner
0x7846512090651a0544ac77b1ea7722b9a0005e89c794971c6904b67ca2a2ea43,Seattle,2026-03-05,2026-03-05T08:01:01+00:00,UNRECORDED,54.0,,station path (audit only),47.3,MISSING,0,,,MISSING,UNTESTABLE_NO_CAUSAL_FORECAST_OR_BOOK,winner
0xe7047fadfe0c7d9f87cb5fae8ce15eb29e6de312107ecd0e5b210b903345fae1,Wellington,2026-03-05,2026-03-04T23:35:45+00:00,UNRECORDED,71.2,,station path (audit only),64.2,MISSING,0,,,MISSING,UNTESTABLE_NO_CAUSAL_FORECAST_OR_BOOK,winner
0xd02df4b424292adb00148be9cea67a6788abbf29808c014f9215abc2c25d9b28,Wellington,2026-03-05,2026-03-04T23:33:05+00:00,UNRECORDED,69.4,70.2,station path (audit only),64.2,MISSING,0,,,MISSING,UNTESTABLE_NO_CAUSAL_FORECAST_OR_BOOK,winner
0x54f167f699d4b4ced0a76204972b7d81049f0f5d48fcd1ed876454ae792a244d,Chicago,2026-03-06,2026-03-06T06:00:41+00:00,UNRECORDED,70.0,71.0,station path (audit only),63.7,MISSING,0,,,MISSING,UNTESTABLE_NO_CAUSAL_FORECAST_OR_BOOK,winner
0xcf6f9add566cf889b2da27238a047f9b49139aeec042be9adaa660958c502508,Chicago,2026-03-06,2026-03-06T10:41:53+00:00,UNRECORDED,72.0,,station path (audit only),63.7,MISSING,0,,,MISSING,UNTESTABLE_NO_CAUSAL_FORECAST_OR_BOOK,winner
0xc4cb0f0c1248de8f1adca29b67686a308b8fc0eb55f7a5f80e49e49e27270e60,Dallas,2026-03-06,2026-03-06T06:13:11+00:00,UNRECORDED,82.0,83.0,station path (audit only),72.6,MISSING,0,,,MISSING,UNTESTABLE_NO_CAUSAL_FORECAST_OR_BOOK,winner
0x4ab9bbca657dcba07baad4536b238b1ac380fc70e49d450576c44ebf60809c2f,Seattle,2026-03-06,2026-03-06T08:34:43+00:00,UNRECORDED,54.0,,station path (audit only),48.9,MISSING,0,,,MISSING,UNTESTABLE_NO_CAUSAL_FORECAST_OR_BOOK,winner
0x921eb409a89a24965b9b8dbba8b9ec97e28bd96e6df337a77120791bff369a34,Wellington,2026-03-06,2026-03-05T23:00:29+00:00,UNRECORDED,71.2,,station path (audit only),65.4,MISSING,0,,,MISSING,UNTESTABLE_NO_CAUSAL_FORECAST_OR_BOOK,winner
0xf3e8533bab8be67de7bf57cfdc643187f000239e616acc7fbf11078196609d98,Wellington,2026-03-07,2026-03-07T02:04:11+00:00,UNRECORDED,71.2,72.0,station path (audit only),66.7,MISSING,0,,,MISSING,UNTESTABLE_NO_CAUSAL_FORECAST_OR_BOOK,winner
0x777daa6448f458a3b43b8957ce8efa1c0dad45a5c8e78a62941fbe12fa3d48f2,Wellington,2026-03-07,2026-03-06T21:12:35+00:00,UNRECORDED,73.0,,station path (audit only),66.7,MISSING,0,,,MISSING,UNTESTABLE_NO_CAUSAL_FORECAST_OR_BOOK,winner
0xf4de2e0427331ffd85bc80a7afd0d704d004ffffb5df8abe8da1263500482851,Chicago,2026-03-08,2026-03-08T06:28:15+00:00,UNRECORDED,62.0,63.0,station path (audit only),56.4,MISSING,0,,,MISSING,UNTESTABLE_NO_CAUSAL_FORECAST_OR_BOOK,winner
0xc8110fb29a7b711ef027d403eb975c4905e727d2005a7b3decd6c5933650d3eb,Chicago,2026-03-10,2026-03-10T05:02:13+00:00,UNRECORDED,64.0,65.0,station path (audit only),58.6,MISSING,0,,,MISSING,UNTESTABLE_NO_CAUSAL_FORECAST_OR_BOOK,winner
0x800d33674a3b1b9761a6553411743e74011a7ab0a03195931bec41feecbfeff6,Tokyo,2026-03-10,2026-03-09T22:09:29+00:00,UNRECORDED,51.4,52.2,station path (audit only),46.9,MISSING,0,,,MISSING,UNTESTABLE_NO_CAUSAL_FORECAST_OR_BOOK,winner
0x7328ba874f4696165251cf7867afeb93b0cce8912b062ca864d2419f6e88a610,Toronto,2026-03-10,2026-03-10T04:01:19+00:00,UNRECORDED,62.2,63.0,station path (audit only),46.4,MISSING,23,,2026-03-10 12:00,MISSING,UNTESTABLE_NO_CAUSAL_FORECAST_OR_BOOK,winner
0x1266de7aa2a6208fa71a6cfe551a03674aa5c8d956256eee0eb89f4d37c77245,Toronto,2026-03-10,2026-03-10T04:20:15+00:00,UNRECORDED,64.0,,station path (audit only),46.4,MISSING,23,,,MISSING,UNTESTABLE_NO_CAUSAL_FORECAST_OR_BOOK,loser
0x1abcf7a6bf898da0b2ecf2957e6fa76e77f73e82c7d466fe4562fb59302b6db5,Toronto,2026-03-10,2026-03-10T04:00:45+00:00,UNRECORDED,60.4,61.2,station path (audit only),46.4,MISSING,23,2026-03-10 11:00,2026-03-10 12:00,MISSING,UNTESTABLE_NO_CAUSAL_FORECAST_OR_BOOK,winner
0x14ba16606bc6816a7b22346b136bb8a8261d5f533ce26e404cfcdfc69d6a5d4b,Wellington,2026-03-10,2026-03-09T23:18:01+00:00,UNRECORDED,64.0,64.8,station path (audit only),59.0,MISSING,0,,,MISSING,UNTESTABLE_NO_CAUSAL_FORECAST_OR_BOOK,winner
0x696e7641ab47ca3337322a8123783ad63e9d15a88800aea122ff606d674aca7f,Wellington,2026-03-10,2026-03-09T21:36:01+00:00,UNRECORDED,65.8,,station path (audit only),59.0,MISSING,0,,,MISSING,UNTESTABLE_NO_CAUSAL_FORECAST_OR_BOOK,winner
0x4f464dda058fd24d35f0236e6c73f56e71fe54b5670ce7190b9b276bf31fde6e,Chicago,2026-03-11,2026-03-11T05:09:53+00:00,UNRECORDED,52.0,53.0,station path (audit only),43.3,MISSING,0,,,MISSING,UNTESTABLE_NO_CAUSAL_FORECAST_OR_BOOK,winner
0x982813552a58e4ea0e1a947019ca8dd6f4c787bc33bb5e58fdb3d6b6c687934c,Chicago,2026-03-11,2026-03-11T05:09:51+00:00,UNRECORDED,48.0,49.0,station path (audit only),43.3,MISSING,0,,,MISSING,UNTESTABLE_NO_CAUSAL_FORECAST_OR_BOOK,winner
0xbd3a2b50c66d6237e618594b38953254592473d8905d8cf7ba99d0fa72057e7f,Chicago,2026-03-11,2026-03-11T05:02:27+00:00,UNRECORDED,50.0,51.0,station path (audit only),43.3,MISSING,0,,,MISSING,UNTESTABLE_NO_CAUSAL_FORECAST_OR_BOOK,winner
0x17cb9aedd52e6d375e78bd75d259bf20a0a32ccca56979a90879bcf7f14a24fe,Tokyo,2026-03-11,2026-03-10T20:08:47+00:00,UNRECORDED,53.2,54.0,station path (audit only),48.3,MISSING,0,,,MISSING,UNTESTABLE_NO_CAUSAL_FORECAST_OR_BOOK,winner
0x292b9361520608e96386db6520a4da1fedb6ab626aa5be1d2b733c08b35db8ae,Chicago,2026-03-12,2026-03-12T06:47:09+00:00,UNRECORDED,48.0,49.0,station path (audit only),43.0,MISSING,0,,,MISSING,UNTESTABLE_NO_CAUSAL_FORECAST_OR_BOOK,winner
0x6db1b557b31fa51fadd5c091993d0a8448e91cedb054e1dd2be137f61b9ef58d,Dallas,2026-03-12,2026-03-12T05:10:03+00:00,UNRECORDED,68.0,69.0,station path (audit only),60.9,MISSING,0,,,MISSING,UNTESTABLE_NO_CAUSAL_FORECAST_OR_BOOK,winner
0x02223e5c1c44eeb95cb2fc891483d4b6c95c19b64f15d6335d079cef6ab46069,Seattle,2026-03-12,2026-03-12T07:00:01+00:00,UNRECORDED,50.0,51.0,station path (audit only),42.1,MISSING,37,,,MISSING,UNTESTABLE_NO_CAUSAL_FORECAST_OR_BOOK,winner
0xbcc2523d3fa79997b657e41d2d0b53f6ad006ee7aa929327d154e8f0eaef2409,Seattle,2026-03-12,2026-03-12T08:56:49+00:00,UNRECORDED,48.0,49.0,station path (audit only),42.1,MISSING,35,,,MISSING,UNTESTABLE_NO_CAUSAL_FORECAST_OR_BOOK,loser
0xfc9f2cf9f52473482b1f64c798e45a1dc76e58842163724943535ebc81588be0,Tokyo,2026-03-12,2026-03-12T06:39:03+00:00,UNRECORDED,56.8,,station path (audit only),50.9,MISSING,0,,,MISSING,UNTESTABLE_NO_CAUSAL_FORECAST_OR_BOOK,winner
0x7984c61241b620f9ea4f03d281f0df706ee83a83ba51adb363bd2628881bdc82,Toronto,2026-03-12,2026-03-12T07:15:07+00:00,UNRECORDED,38.8,39.6,station path (audit only),33.0,MISSING,0,,,MISSING,UNTESTABLE_NO_CAUSAL_FORECAST_OR_BOOK,winner
0x5e6de3c623d04a32010e59260d5668457912b3efb3f99da268e3ad88dc6011cb,Chicago,2026-03-13,2026-03-13T06:43:11+00:00,UNRECORDED,48.0,49.0,station path (audit only),41.1,MISSING,0,,,MISSING,UNTESTABLE_NO_CAUSAL_FORECAST_OR_BOOK,winner
0x4074e291200cbb0ad528412781930c1bcf89e8c3da9c3e0c48e82ffecfe3a59c,Seattle,2026-03-13,2026-03-13T07:00:41+00:00,UNRECORDED,42.0,43.0,station path (audit only),37.4,MISSING,0,,,MISSING,UNTESTABLE_NO_CAUSAL_FORECAST_OR_BOOK,winner
0xf5a0f52c67a113320062d34e9f8618a4ff24fb64b012e30e1d094fe62a4da610,Shanghai,2026-03-13,2026-03-12T20:39:59+00:00,UNRECORDED,60.4,,station path (audit only),54.5,MISSING,0,,,MISSING,UNTESTABLE_NO_CAUSAL_FORECAST_OR_BOOK,winner
0xc1b400deb90006ab9f53a2a042dece3c7d20d46361938ba33f9f10cfcdf25468,Singapore,2026-03-13,2026-03-12T23:42:15+00:00,UNRECORDED,91.0,,station path (audit only),85.0,MISSING,0,,,MISSING,UNTESTABLE_NO_CAUSAL_FORECAST_OR_BOOK,winner
0x8c6ee90905f775b6eaaa03a2d4e1f9fe04ed3e29dc1e032a62a122a6cd833b59,Tokyo,2026-03-13,2026-03-12T20:14:09+00:00,UNRECORDED,53.2,54.0,station path (audit only),47.9,MISSING,0,,,MISSING,UNTESTABLE_NO_CAUSAL_FORECAST_OR_BOOK,winner
0x04d0ca0d87b9ce46387190003a0a86822ec1d87487b416a40bde306063263fe2,Toronto,2026-03-13,2026-03-13T04:00:49+00:00,UNRECORDED,40.6,,station path (audit only),35.4,MISSING,0,,,MISSING,UNTESTABLE_NO_CAUSAL_FORECAST_OR_BOOK,winner
0xdf618c04ac7a3d40fb3fd1af5216783104f79950459a2e66f044bb74f03037c1,Chicago,2026-03-14,2026-03-14T05:00:19+00:00,UNRECORDED,42.0,43.0,station path (audit only),36.7,MISSING,0,,,MISSING,UNTESTABLE_NO_CAUSAL_FORECAST_OR_BOOK,winner
0x882e8a8a7bb8096a1d80dd332be9201d659f3dfcfe3873978cf77de2e16432bc,Dallas,2026-03-14,2026-03-14T05:03:21+00:00,UNRECORDED,84.0,85.0,station path (audit only),76.9,MISSING,0,,,MISSING,UNTESTABLE_NO_CAUSAL_FORECAST_OR_BOOK,winner
0x6d24a4b77ba2dd19919b3ae99ca7bce411900391f47262af042927652f2ea978,Seattle,2026-03-14,2026-03-14T07:11:05+00:00,UNRECORDED,48.0,49.0,station path (audit only),43.3,MISSING,0,,,MISSING,UNTESTABLE_NO_CAUSAL_FORECAST_OR_BOOK,winner
0xf6ccb5211275e5b7b289dcdbb5fa15783c9f3f6fd16f6c45c0e32415ff506efa,Shanghai,2026-03-14,2026-03-14T01:01:09+00:00,UNRECORDED,65.8,,station path (audit only),58.6,MISSING,0,,,MISSING,UNTESTABLE_NO_CAUSAL_FORECAST_OR_BOOK,winner
0x22e008d7690348f154b8c3da81cbe18628ce77c3475be675a825668cd5f431ca,Singapore,2026-03-14,2026-03-13T22:00:13+00:00,UNRECORDED,91.0,,station path (audit only),84.9,MISSING,0,,,MISSING,UNTESTABLE_NO_CAUSAL_FORECAST_OR_BOOK,winner
0x4738bfec3bec26a7aa85208f5e80d153def5a0c3d5dbb2ce8f9881ed59abb2e3,Tokyo,2026-03-14,2026-03-14T03:43:27+00:00,UNRECORDED,58.6,59.4,station path (audit only),53.7,MISSING,22,,,MISSING,UNTESTABLE_NO_CAUSAL_FORECAST_OR_BOOK,loser
0x351904fdf804f3e21e37c611fc767f2806e5900a28d296c13f1f879daf18c455,Toronto,2026-03-14,2026-03-14T04:02:35+00:00,UNRECORDED,38.8,,station path (audit only),34.2,MISSING,0,,,MISSING,UNTESTABLE_NO_CAUSAL_FORECAST_OR_BOOK,winner
0xf54c5a9cc1f04a5c7073a556cb71429ae0ba555d4cbe22644f94fe8b93c98316,Chicago,2026-03-15,2026-03-15T06:14:31+00:00,UNRECORDED,64.0,65.0,station path (audit only),58.5,MISSING,0,,,MISSING,UNTESTABLE_NO_CAUSAL_FORECAST_OR_BOOK,winner
0xe0477ac700d475ca1c7a086e62c95ab481efd6988fe1338e194efb1c62102d4a,Dallas,2026-03-15,2026-03-15T07:26:43+00:00,UNRECORDED,86.0,87.0,station path (audit only),80.9,MISSING,0,,,MISSING,UNTESTABLE_NO_CAUSAL_FORECAST_OR_BOOK,winner
0x85eb84420ab7a75d8f73f4472c15a10cc21d2c1f573dcbd0081b7a4a4760ce25,Miami,2026-03-15,2026-03-15T04:15:47+00:00,UNRECORDED,84.0,85.0,station path (audit only),79.1,MISSING,0,,,MISSING,UNTESTABLE_NO_CAUSAL_FORECAST_OR_BOOK,winner
0xd7f726f74e2e4ffc9254941fcb03910d1ff1eadc96ad9bd2edfe49b5113ea0c5,Seattle,2026-03-15,2026-03-15T08:06:57+00:00,UNRECORDED,50.0,51.0,station path (audit only),45.4,MISSING,0,,,MISSING,UNTESTABLE_NO_CAUSAL_FORECAST_OR_BOOK,winner
0x10e754d5ff91d4ea3909e56b61ea7b133cfec8b73545bf4134a8da52d0d06376,Singapore,2026-03-15,2026-03-14T20:00:23+00:00,UNRECORDED,91.0,91.8,station path (audit only),85.3,MISSING,0,,,MISSING,UNTESTABLE_NO_CAUSAL_FORECAST_OR_BOOK,winner
0xc047f4653810c20106dde6903f9be046855ca011c0c1cd37dbf99760972331d4,Tokyo,2026-03-15,2026-03-14T20:28:27+00:00,UNRECORDED,58.6,59.4,station path (audit only),53.7,MISSING,0,,,MISSING,UNTESTABLE_NO_CAUSAL_FORECAST_OR_BOOK,winner
0xede11f0fdec3048a6675536979949b908f5cf479aaea40a485dd6b06ce87ed25,Tokyo,2026-03-15,2026-03-14T22:14:49+00:00,UNRECORDED,60.4,,station path (audit only),53.7,MISSING,0,,,MISSING,UNTESTABLE_NO_CAUSAL_FORECAST_OR_BOOK,winner
0xd543539180437cb04a8d707441ad5628773912c380b2e9ba736dca23f4de2666,Dallas,2026-03-16,2026-03-16T05:01:29+00:00,UNRECORDED,54.0,55.0,station path (audit only),49.2,MISSING,0,,,MISSING,UNTESTABLE_NO_CAUSAL_FORECAST_OR_BOOK,winner
0xccf4df4c7e5a2e226ba5eb661596492d4df373276262a42433de76f89e254cf5,Tokyo,2026-03-16,2026-03-16T01:36:41+00:00,UNRECORDED,60.4,61.2,station path (audit only),52.0,MISSING,0,,,MISSING,UNTESTABLE_NO_CAUSAL_FORECAST_OR_BOOK,winner
0xe486b590159cdb2f09db61f9fe88059ee3dadc51dd390edc598a9a8814a29943,Tokyo,2026-03-16,2026-03-16T00:10:55+00:00,UNRECORDED,56.8,57.6,station path (audit only),52.0,MISSING,0,,,MISSING,UNTESTABLE_NO_CAUSAL_FORECAST_OR_BOOK,winner
0x7ddc4b18cd48343dd7f7cb789177e4f2aef7758fad5bcbe68ec1caeb987d6ef0,Chicago,2026-03-17,2026-03-17T05:00:57+00:00,UNRECORDED,28.0,29.0,station path (audit only),22.2,MISSING,0,,,MISSING,UNTESTABLE_NO_CAUSAL_FORECAST_OR_BOOK,winner
0x2f84117bc3896084097de7041a6fd4bea771de44a69904e40e3a559323e2981d,Miami,2026-03-17,2026-03-17T04:00:45+00:00,UNRECORDED,76.0,77.0,station path (audit only),71.0,MISSING,0,,,MISSING,UNTESTABLE_NO_CAUSAL_FORECAST_OR_BOOK,winner
0x78d3fcf9a6d7311cbace698a666082d653793ecf905da5fcfd2feeae25110b12,Tokyo,2026-03-17,2026-03-16T20:02:13+00:00,UNRECORDED,60.4,61.2,station path (audit only),55.2,MISSING,0,,,MISSING,UNTESTABLE_NO_CAUSAL_FORECAST_OR_BOOK,winner
0x0d702d5d9e416e91b256ff9b1095aa11c4d10d476b9baff7873269ab95dfed9f,Toronto,2026-03-17,2026-03-17T04:36:15+00:00,UNRECORDED,29.8,,station path (audit only),24.8,MISSING,0,,,MISSING,UNTESTABLE_NO_CAUSAL_FORECAST_OR_BOOK,winner
0xa4ceba7d1865eb42ac8c3e85ff2c9247639f27eef5d7d90c16ba19d1e1190959,Wellington,2026-03-17,2026-03-16T20:06:01+00:00,UNRECORDED,71.2,72.0,station path (audit only),66.3,MISSING,0,,,MISSING,UNTESTABLE_NO_CAUSAL_FORECAST_OR_BOOK,winner
0x7c55c68ea1bb1b5312eef24605cfc7225d08dd8ed6cd0d910295dd14ee232eae,Wellington,2026-03-17,2026-03-16T23:38:31+00:00,UNRECORDED,73.0,,station path (audit only),66.3,MISSING,0,,,MISSING,UNTESTABLE_NO_CAUSAL_FORECAST_OR_BOOK,winner
0x87f80d9f5056ad1adb0a75ccc7cc83c86d0b7bbee240b605f2311750d34af484,Dallas,2026-03-18,2026-03-18T05:06:15+00:00,UNRECORDED,80.0,81.0,station path (audit only),75.4,MISSING,0,,,MISSING,UNTESTABLE_NO_CAUSAL_FORECAST_OR_BOOK,winner
0xbcb9bcedce9548a9461de5afedb8b19794d861958370e6494fc7630dfb347849,Miami,2026-03-18,2026-03-18T04:01:39+00:00,UNRECORDED,74.0,75.0,station path (audit only),63.4,MISSING,0,,,MISSING,UNTESTABLE_NO_CAUSAL_FORECAST_OR_BOOK,winner
0x2de5d6ae013c61a6b62cdb265b34471fb54692c9dda6160d9296fd64bacdf42c,Singapore,2026-03-18,2026-03-18T05:50:51+00:00,UNRECORDED,92.8,93.6,station path (audit only),88.1,MISSING,0,,,MISSING,UNTESTABLE_NO_CAUSAL_FORECAST_OR_BOOK,winner
0xa18f1b8d96807b54807efc12544fbebaeff0985ffa3c9675e2463fa5dc575242,Tokyo,2026-03-18,2026-03-18T07:44:33+00:00,UNRECORDED,65.8,,station path (audit only),54.8,MISSING,14,,,MISSING,UNTESTABLE_NO_CAUSAL_FORECAST_OR_BOOK,winner
0xd35661d1299e034b4f8efcb506f8f4886170061a66fd745f7e7c76e026e48518,Tokyo,2026-03-18,2026-03-18T01:04:19+00:00,UNRECORDED,60.4,61.2,station path (audit only),54.8,MISSING,27,2026-03-18 13:30,2026-03-18 16:00,MISSING,UNTESTABLE_NO_CAUSAL_FORECAST_OR_BOOK,loser
0x1b538dde95d8cd3a3ad7b99162e5168225bdf3e57510575b5f208f6f34f11be0,Tokyo,2026-03-18,2026-03-18T07:06:33+00:00,UNRECORDED,64.0,64.8,station path (audit only),54.8,MISSING,15,,,MISSING,UNTESTABLE_NO_CAUSAL_FORECAST_OR_BOOK,winner
0x1dd531c239d2355a9f3cb08159e7e147787babd0ebd13b59ed9eb1aaa3a1d994,Tokyo,2026-03-18,2026-03-18T03:56:43+00:00,UNRECORDED,62.2,63.0,station path (audit only),54.8,MISSING,22,2026-03-18 16:00,,MISSING,UNTESTABLE_NO_CAUSAL_FORECAST_OR_BOOK,winner
0x324e06c2a1558ed908d3cc17917c20c55c203bf1b8220e9e94080532000628c5,Wellington,2026-03-18,2026-03-17T20:05:07+00:00,UNRECORDED,71.2,72.0,station path (audit only),66.5,MISSING,0,,,MISSING,UNTESTABLE_NO_CAUSAL_FORECAST_OR_BOOK,winner
0x3123981fc51b97a1961e8fc86c3de7678c20c6264ad624890038eef9b2cf4868,Dallas,2026-03-19,2026-03-19T05:00:17+00:00,UNRECORDED,90.0,91.0,station path (audit only),85.4,MISSING,0,,,MISSING,UNTESTABLE_NO_CAUSAL_FORECAST_OR_BOOK,winner
0x04647342c2824c4e92482c4efa450b93922f424586a0ef277cc48f9876097b3d,Miami,2026-03-19,2026-03-19T04:23:25+00:00,UNRECORDED,78.0,79.0,station path (audit only),72.1,MISSING,0,,,MISSING,UNTESTABLE_NO_CAUSAL_FORECAST_OR_BOOK,winner
0xa7773b6e2245c8e2c58b1c7377cf9cacbaa92a214c388df53b5df152280cac37,Tokyo,2026-03-19,2026-03-18T21:22:01+00:00,UNRECORDED,67.6,68.4,station path (audit only),61.7,MISSING,0,,,MISSING,UNTESTABLE_NO_CAUSAL_FORECAST_OR_BOOK,winner
0x78739e2a4a4ac7388dcb0aee35581e337cad8f2f8d63fa08ff265f32042aaa86,Wellington,2026-03-19,2026-03-18T21:48:25+00:00,UNRECORDED,67.6,68.4,station path (audit only),62.7,MISSING,0,,,MISSING,UNTESTABLE_NO_CAUSAL_FORECAST_OR_BOOK,winner
0x0220d83e90c6aeb544514697419f4e3267dc2d55b75b918588787fa9287a8511,Seattle,2026-03-20,2026-03-20T07:02:19+00:00,UNRECORDED,58.0,59.0,station path (audit only),52.7,MISSING,0,,,MISSING,UNTESTABLE_NO_CAUSAL_FORECAST_OR_BOOK,winner
0x34afe42895108c18c4fb953e34e8d8b7ff4bbbad6e20f3606095f5563cb877a2,Shanghai,2026-03-20,2026-03-20T02:39:33+00:00,UNRECORDED,60.4,,station path (audit only),53.7,MISSING,0,,,MISSING,UNTESTABLE_NO_CAUSAL_FORECAST_OR_BOOK,winner
0x309eabe1dc3416e95531352e7760f96abf87d0dfae6a3da04d82329d9ebd2af9,Shanghai,2026-03-20,2026-03-19T23:11:41+00:00,UNRECORDED,58.6,59.4,station path (audit only),53.7,MISSING,0,,,MISSING,UNTESTABLE_NO_CAUSAL_FORECAST_OR_BOOK,winner
0x4b72befbb49f7759882547f9f3ed7eb8b53b34ae84fcb0cf4b988cc2507b86ed,Tokyo,2026-03-20,2026-03-20T07:45:29+00:00,UNRECORDED,60.4,61.2,station path (audit only),55.3,MISSING,0,,,MISSING,UNTESTABLE_NO_CAUSAL_FORECAST_OR_BOOK,winner
0x67478c9cbf53d5babfc8fee9554078478e3d2e315e9b932ad982cef0a1ce7dd8,Toronto,2026-03-20,2026-03-20T04:00:21+00:00,UNRECORDED,49.6,50.4,station path (audit only),43.4,MISSING,0,,,MISSING,UNTESTABLE_NO_CAUSAL_FORECAST_OR_BOOK,winner
0x7936a82d3611d7957eb3c46cacbab5655e28992b7c5cf4a9715cc7897ed621f6,Warsaw,2026-03-20,2026-03-20T09:13:31+00:00,UNRECORDED,53.2,54.0,station path (audit only),46.3,MISSING,0,,,MISSING,UNTESTABLE_NO_CAUSAL_FORECAST_OR_BOOK,winner
0x618928194c9460400a0d99722a822b47a3186a39078cbc0c281cacbd1fcdb582,Miami,2026-03-21,2026-03-21T08:40:21+00:00,UNRECORDED,84.0,85.0,station path (audit only),78.8,MISSING,0,,,MISSING,UNTESTABLE_NO_CAUSAL_FORECAST_OR_BOOK,winner
0x6643cc15f721456f001b0185772bec832c87dc91f601d5db3e87f755a4d01629,Seattle,2026-03-21,2026-03-21T07:00:13+00:00,UNRECORDED,52.0,53.0,station path (audit only),46.8,MISSING,0,,,MISSING,UNTESTABLE_NO_CAUSAL_FORECAST_OR_BOOK,winner
0xc2e8fb7b64943416b4b39de69455c67a4fc986bd895b6a32035dae5575ecd245,Seattle,2026-03-21,2026-03-21T09:46:23+00:00,UNRECORDED,54.0,55.0,station path (audit only),46.8,MISSING,0,,,MISSING,UNTESTABLE_NO_CAUSAL_FORECAST_OR_BOOK,winner
0xff0595f7687dab39a0b15b12d41ef2868b6aa7f5e051fad0836dba096486976c,Tokyo,2026-03-21,2026-03-21T00:01:05+00:00,UNRECORDED,62.2,63.0,station path (audit only),55.7,MISSING,0,,,MISSING,UNTESTABLE_NO_CAUSAL_FORECAST_OR_BOOK,winner
0x81917eef3c5465ecc77bd003c5e93e470e9e1ff692ceb4de8811104a4ddbed84,Tokyo,2026-03-21,2026-03-21T08:08:37+00:00,UNRECORDED,64.0,,station path (audit only),55.7,MISSING,0,,,MISSING,UNTESTABLE_NO_CAUSAL_FORECAST_OR_BOOK,winner
0x6a9280d04fc860dfd125ddac3993de5de98aa4bf0cd9d53045ebc6bb6faec83f,Tokyo,2026-03-21,2026-03-21T05:12:55+00:00,UNRECORDED,60.4,61.2,station path (audit only),55.7,MISSING,0,,,MISSING,UNTESTABLE_NO_CAUSAL_FORECAST_OR_BOOK,winner
0x4c19ebf15ce62f914bbbbc78f4adf753bb98aef7e1952bb75e97efa7356dd6e7,Toronto,2026-03-21,2026-03-21T07:43:37+00:00,UNRECORDED,42.4,,station path (audit only),37.0,MISSING,0,,,MISSING,UNTESTABLE_NO_CAUSAL_FORECAST_OR_BOOK,winner
0x122636f99b106dd8c1e8b3756598eb683dc737f67706427e6b520cb7b2724bdb,Wellington,2026-03-21,2026-03-21T01:30:57+00:00,UNRECORDED,65.8,66.6,station path (audit only),60.8,MISSING,0,,,MISSING,UNTESTABLE_NO_CAUSAL_FORECAST_OR_BOOK,winner
0xe4c5335bb54274a49204880da50bf1b75a2b05b36a87c6b8dd7c96a833644b3f,Chicago,2026-03-22,2026-03-22T05:12:41+00:00,UNRECORDED,72.0,73.0,station path (audit only),58.2,MISSING,29,,,MISSING,UNTESTABLE_NO_CAUSAL_FORECAST_OR_BOOK,winner
0xa0e3288a9d5caf921549e17e06b27b61800f9f7b47868d1aa7424b30b279d06f,Chicago,2026-03-22,2026-03-22T05:02:49+00:00,UNRECORDED,64.0,65.0,station path (audit only),58.2,MISSING,29,,2026-03-22 00:51,MISSING,UNTESTABLE_NO_CAUSAL_FORECAST_OR_BOOK,loser
0xbe920ed5dd1ea5462fa363d6bd4cedac5777fb1bde8f51c6fc1c9a952b4006eb,Chicago,2026-03-22,2026-03-22T05:00:11+00:00,UNRECORDED,66.0,67.0,station path (audit only),58.2,MISSING,29,,2026-03-22 00:51,MISSING,UNTESTABLE_NO_CAUSAL_FORECAST_OR_BOOK,winner
0x0420cb3f05679513514fce9a7c1e19d802bef631d7ba56c3ef24f5e8f201adc0,Chicago,2026-03-22,2026-03-22T05:00:11+00:00,UNRECORDED,70.0,71.0,station path (audit only),58.2,MISSING,29,,,MISSING,UNTESTABLE_NO_CAUSAL_FORECAST_OR_BOOK,winner
0xd1958f788be1af6bbafbc28a9480ccbdf0c55d8f7230a52b7e29f2b62c06a156,Seattle,2026-03-22,2026-03-22T07:03:41+00:00,UNRECORDED,54.0,55.0,station path (audit only),45.7,MISSING,0,,,MISSING,UNTESTABLE_NO_CAUSAL_FORECAST_OR_BOOK,winner
0x50854c9715dba6cbd65781ff3159bd63bd545ea55b6d7843e58905df831d587e,Shanghai,2026-03-22,2026-03-21T20:42:21+00:00,UNRECORDED,69.4,,station path (audit only),64.0,MISSING,0,,,MISSING,UNTESTABLE_NO_CAUSAL_FORECAST_OR_BOOK,winner
0xf1edf7953a5da361528ac4ead476518e89fe638876d9a1bbb8219a8853a30a05,Tokyo,2026-03-22,2026-03-21T22:09:21+00:00,UNRECORDED,64.0,64.8,station path (audit only),57.9,MISSING,0,,,MISSING,UNTESTABLE_NO_CAUSAL_FORECAST_OR_BOOK,winner
0xf0cce91a99ec8c26564f519f827b6acbc96be950106bdede06e297d12245977d,Tokyo,2026-03-22,2026-03-22T07:47:37+00:00,UNRECORDED,67.6,68.4,station path (audit only),57.9,MISSING,0,,,MISSING,UNTESTABLE_NO_CAUSAL_FORECAST_OR_BOOK,winner
0x39780f8dfd83658acd0800e5cb51c274b0c1613743cf309f0b9b4e0bb3020b05,Wellington,2026-03-22,2026-03-22T00:09:25+00:00,UNRECORDED,71.2,,station path (audit only),66.2,MISSING,0,,,MISSING,UNTESTABLE_NO_CAUSAL_FORECAST_OR_BOOK,winner
0xd9154b4d4ac91c09dd10698b3a047eb3a3b319320799f0f77d0f69da213d96c7,Chicago,2026-03-23,2026-03-23T06:00:19+00:00,UNRECORDED,46.0,47.0,station path (audit only),39.8,MISSING,0,,,MISSING,UNTESTABLE_NO_CAUSAL_FORECAST_OR_BOOK,winner
0x287b754d5c81c4f7fb000fecbb4776c48de1a23f85ddef93451b7f9f4c0b3d19,Dallas,2026-03-23,2026-03-23T10:45:09+00:00,UNRECORDED,84.0,,station path (audit only),77.8,MISSING,0,,,MISSING,UNTESTABLE_NO_CAUSAL_FORECAST_OR_BOOK,winner
0x4c1b2983ee964f508f1254f700dbb50ea2c78e025a6c0938da4b6792c151983d,Seattle,2026-03-23,2026-03-23T07:01:49+00:00,UNRECORDED,54.0,55.0,station path (audit only),49.3,MISSING,0,,,MISSING,UNTESTABLE_NO_CAUSAL_FORECAST_OR_BOOK,winner
0xf14340ffe6ab2812f9b64c09168a74a389ddf13ed4c9391ef154aa297aed9443,Shanghai,2026-03-23,2026-03-23T05:01:33+00:00,UNRECORDED,64.0,64.8,station path (audit only),58.3,MISSING,0,,,MISSING,UNTESTABLE_NO_CAUSAL_FORECAST_OR_BOOK,winner
0x2ac646b12fdb10d9a86e41fe19750fbe82e18b378f34e5e4468ed71f8fc2fb7e,Shanghai,2026-03-23,2026-03-23T05:01:29+00:00,UNRECORDED,65.8,66.6,station path (audit only),58.3,MISSING,0,,,MISSING,UNTESTABLE_NO_CAUSAL_FORECAST_OR_BOOK,winner
0x9b6333fc198c624c6c9a5b22ca3cb521430a784bb21b00408180ead74a6abfc4,Toronto,2026-03-23,2026-03-23T04:01:11+00:00,UNRECORDED,40.6,,station path (audit only),33.3,MISSING,0,,,MISSING,UNTESTABLE_NO_CAUSAL_FORECAST_OR_BOOK,winner
0x45f5b11f5a05abf909cb1249e591716263196c713b763b12671a4973b5edc43a,Toronto,2026-03-23,2026-03-23T04:01:03+00:00,UNRECORDED,38.8,39.6,station path (audit only),33.3,MISSING,0,,,MISSING,UNTESTABLE_NO_CAUSAL_FORECAST_OR_BOOK,winner
0x86914c63b1dfd60818f6180782e3c9950f8a3d2a862342e54aa2429a93378e21,Austin,2026-03-24,2026-03-24T08:50:13+00:00,UNRECORDED,90.0,91.0,station path (audit only),83.1,MISSING,0,,,MISSING,UNTESTABLE_NO_CAUSAL_FORECAST_OR_BOOK,winner
0x8c08a161a1d30649ecb43a4c2061014b831fa6a067cb2563f4b29ff0a5d7fb05,Chicago,2026-03-24,2026-03-24T05:00:53+00:00,UNRECORDED,56.0,,station path (audit only),51.2,MISSING,0,,,MISSING,UNTESTABLE_NO_CAUSAL_FORECAST_OR_BOOK,winner
0xd1ebf93dd5899f626dee09af4ca877b53bd907c19d823ec7b043869c564addfe,Los Angeles,2026-03-24,2026-03-24T08:30:01+00:00,UNRECORDED,76.0,77.0,station path (audit only),69.3,MISSING,0,,,MISSING,UNTESTABLE_NO_CAUSAL_FORECAST_OR_BOOK,winner
0x0e3e42678b4bf57084f3220171ed27f0e53eccf123bac18c6278068b02f503bd,Los Angeles,2026-03-24,2026-03-24T08:16:49+00:00,UNRECORDED,74.0,75.0,station path (audit only),69.3,MISSING,0,,,MISSING,UNTESTABLE_NO_CAUSAL_FORECAST_OR_BOOK,winner
0x3fd9575df558bd1e73573e331b3c563176179fdf4f45bd24b243a18983814683,Los Angeles,2026-03-24,2026-03-24T08:11:45+00:00,UNRECORDED,80.0,81.0,station path (audit only),69.3,MISSING,0,,,MISSING,UNTESTABLE_NO_CAUSAL_FORECAST_OR_BOOK,winner
0xb0d640c4e0837c296c63419b20b089dd98fe5981d10d0e96ac7e0e1a8d1ea612,Los Angeles,2026-03-24,2026-03-24T07:09:33+00:00,UNRECORDED,78.0,79.0,station path (audit only),69.3,MISSING,0,,,MISSING,UNTESTABLE_NO_CAUSAL_FORECAST_OR_BOOK,winner
0x9c63189f8d2c4f58b9ee70001c11a9faea42cb625f3d03287a29debcf77a0848,Shanghai,2026-03-24,2026-03-24T05:01:15+00:00,UNRECORDED,62.2,63.0,station path (audit only),55.6,MISSING,0,,,MISSING,UNTESTABLE_NO_CAUSAL_FORECAST_OR_BOOK,winner
0xcbaa1f4f3728c8fc2f6b518076451960fd31c75a0ec045316cf3830448571161,Tokyo,2026-03-24,2026-03-24T09:01:39+00:00,UNRECORDED,65.8,66.6,station path (audit only),58.4,MISSING,0,,,MISSING,UNTESTABLE_NO_CAUSAL_FORECAST_OR_BOOK,winner
0xff6e65fc5174088ec8be0abb8153192ce49cf933f93bf7f83b97740a0df2a340,Tokyo,2026-03-24,2026-03-23T20:02:45+00:00,UNRECORDED,64.0,64.8,station path (audit only),58.4,MISSING,0,,,MISSING,UNTESTABLE_NO_CAUSAL_FORECAST_OR_BOOK,winner
0xc618585af730858978fb52f5e71c777d9a9ac67d2615cfa9f3ac6bd9ce3bda69,Toronto,2026-03-24,2026-03-24T09:57:33+00:00,UNRECORDED,42.4,,station path (audit only),35.5,MISSING,0,,,MISSING,UNTESTABLE_NO_CAUSAL_FORECAST_OR_BOOK,winner
0x86a8e405b6c71af46535f42daea036780b0bdd2d91734ee24777b2c9cee4be70,Wellington,2026-03-24,2026-03-23T22:52:13+00:00,UNRECORDED,73.0,,station path (audit only),67.6,MISSING,0,,,MISSING,UNTESTABLE_NO_CAUSAL_FORECAST_OR_BOOK,winner
0x524f830c1469e29d9a6c94b755d0488d511e6bef1e4fee9ed1501b505fc8c539,Austin,2026-03-25,2026-03-25T05:41:11+00:00,UNRECORDED,92.0,93.0,station path (audit only),84.2,MISSING,0,,,MISSING,UNTESTABLE_NO_CAUSAL_FORECAST_OR_BOOK,winner
0x991cde12ddf5eb20a95f136393a5054faaa1ff1ffd136b002ff3bd0fc5e1336d,Dallas,2026-03-25,2026-03-25T05:00:55+00:00,UNRECORDED,90.0,91.0,station path (audit only),83.0,MISSING,0,,,MISSING,UNTESTABLE_NO_CAUSAL_FORECAST_OR_BOOK,winner
0x199b324abbfcb3ddbd1a4221f7c4c1238b362b4ca4d513356c2a66db7f28dd30,Los Angeles,2026-03-25,2026-03-25T07:00:27+00:00,UNRECORDED,72.0,73.0,station path (audit only),65.2,MISSING,0,,,MISSING,UNTESTABLE_NO_CAUSAL_FORECAST_OR_BOOK,winner
0x6964600bf1ab365b93dbb4f72b45b4e3dc270cd24c19f61efda9e895f4c855e2,Los Angeles,2026-03-25,2026-03-25T07:12:49+00:00,UNRECORDED,76.0,77.0,station path (audit only),65.2,MISSING,0,,,MISSING,UNTESTABLE_NO_CAUSAL_FORECAST_OR_BOOK,winner
0x6cd2c0a34b1a1b6bb8a8180743f6416c672043d2f7c7a4258586c1d96be6f33d,Los Angeles,2026-03-25,2026-03-25T07:00:25+00:00,UNRECORDED,74.0,75.0,station path (audit only),65.2,MISSING,0,,,MISSING,UNTESTABLE_NO_CAUSAL_FORECAST_OR_BOOK,winner
0x6562101158e5e203823da8d7879bfb29cff77a8588608b538316edd1f4c5e62f,Paris,2026-03-25,2026-03-24T23:02:25+00:00,UNRECORDED,56.8,57.6,station path (audit only),52.3,MISSING,0,,,MISSING,UNTESTABLE_NO_CAUSAL_FORECAST_OR_BOOK,winner
0x18134db3b0f2ec59bb9eb2afaf36670e3553655be707d5c694ab7c3c092e5587,Paris,2026-03-25,2026-03-25T02:24:05+00:00,UNRECORDED,58.6,59.4,station path (audit only),52.3,MISSING,0,,,MISSING,UNTESTABLE_NO_CAUSAL_FORECAST_OR_BOOK,winner
0x46b88ddc0c66018099136ca45ec6ec4e7493a54975f31723de8346a559395fe8,Seattle,2026-03-25,2026-03-25T08:51:17+00:00,UNRECORDED,52.0,53.0,station path (audit only),44.3,MISSING,0,,,MISSING,UNTESTABLE_NO_CAUSAL_FORECAST_OR_BOOK,winner
0x47cba45a5e2e6dc822a79d1e11e63fc62207a583515692d4ca661695c8b51203,Wellington,2026-03-25,2026-03-25T00:21:27+00:00,UNRECORDED,69.4,70.2,station path (audit only),64.0,MISSING,0,,,MISSING,UNTESTABLE_NO_CAUSAL_FORECAST_OR_BOOK,winner
0x249d79ad5cb0f309ca508e7accd1b67ff0f41cd8df54947bcae573e1265a02c1,Austin,2026-03-26,2026-03-26T07:41:23+00:00,UNRECORDED,92.0,93.0,station path (audit only),85.9,MISSING,0,,,MISSING,UNTESTABLE_NO_CAUSAL_FORECAST_OR_BOOK,winner
0x648fe97ff495d8f6da5a21bac1d2d8aea300c7a192c1c09a52c20c3be49093a3,Austin,2026-03-26,2026-03-26T07:41:23+00:00,UNRECORDED,94.0,95.0,station path (audit only),85.9,MISSING,0,,,MISSING,UNTESTABLE_NO_CAUSAL_FORECAST_OR_BOOK,winner
0x01b647e8ddf781b1747be42bf15bc23367b9a3e7c4ac1ee50a1b6d00d4cf6087,Chicago,2026-03-26,2026-03-26T05:00:09+00:00,UNRECORDED,72.0,73.0,station path (audit only),60.6,MISSING,0,,,MISSING,UNTESTABLE_NO_CAUSAL_FORECAST_OR_BOOK,winner
0xbc9a682f36c501b81a9402023851e7f132c0c2afd1025c47e0ee4cf9c0483952,Chicago,2026-03-26,2026-03-26T05:00:33+00:00,UNRECORDED,68.0,69.0,station path (audit only),60.6,MISSING,0,,,MISSING,UNTESTABLE_NO_CAUSAL_FORECAST_OR_BOOK,winner
0x2f02106fe0df68f998f733bb40d225eea7d129c18c5712f3e957436488656828,Chicago,2026-03-26,2026-03-26T06:19:17+00:00,UNRECORDED,70.0,71.0,station path (audit only),60.6,MISSING,0,,,MISSING,UNTESTABLE_NO_CAUSAL_FORECAST_OR_BOOK,winner
0xa98933e8807bf6589cd7f2c0d13a316d2b135d9224f717a3f1fa37aae97200a0,Chicago,2026-03-26,2026-03-26T10:42:39+00:00,UNRECORDED,76.0,77.0,station path (audit only),60.6,MISSING,0,,,MISSING,UNTESTABLE_NO_CAUSAL_FORECAST_OR_BOOK,winner
0x2bfbf62c5be60056af5408d32cabcdc638d2b65b99342dfb1d755ea214efbc55,Chicago,2026-03-26,2026-03-26T10:42:25+00:00,UNRECORDED,74.0,75.0,station path (audit only),60.6,MISSING,0,,,MISSING,UNTESTABLE_NO_CAUSAL_FORECAST_OR_BOOK,winner
0x66a644892e490544e255dd4e4fbc5b9e651216dab8be7c2983e2f609dd8c6e75,Dallas,2026-03-26,2026-03-26T05:00:49+00:00,UNRECORDED,90.0,91.0,station path (audit only),84.6,MISSING,0,,,MISSING,UNTESTABLE_NO_CAUSAL_FORECAST_OR_BOOK,winner
0x24c778da32d81aa8cfe8864af48be4aad8f02d2f3156efe8ed41882f8d555b5f,Los Angeles,2026-03-26,2026-03-26T08:00:41+00:00,UNRECORDED,80.0,81.0,station path (audit only),73.4,MISSING,0,,,MISSING,UNTESTABLE_NO_CAUSAL_FORECAST_OR_BOOK,winner
0x6bf2040a9d8b4cde0549a3dc3e36fb00c74a0d90942747eb77f11d6e06fd239b,Seattle,2026-03-26,2026-03-26T08:12:45+00:00,UNRECORDED,56.0,57.0,station path (audit only),47.1,MISSING,0,,,MISSING,UNTESTABLE_NO_CAUSAL_FORECAST_OR_BOOK,winner
0xc6e7304f4e8196a1a5e94937aefa1824af8117d6ed791746dd5284a493ddde54,Shanghai,2026-03-26,2026-03-25T20:29:41+00:00,UNRECORDED,64.0,64.8,station path (audit only),57.3,MISSING,0,,,MISSING,UNTESTABLE_NO_CAUSAL_FORECAST_OR_BOOK,winner
0xea124ec9c86900dec85df4b78f2a06c7749a60085b6b7df504e5ee38092f043f,Shanghai,2026-03-26,2026-03-26T00:25:09+00:00,UNRECORDED,65.8,66.6,station path (audit only),57.3,MISSING,0,,,MISSING,UNTESTABLE_NO_CAUSAL_FORECAST_OR_BOOK,winner
0xf6adb37e1f151b700b5e1866eeb20cf99c3f88f241148856a4f6b29ad490aa7e,Shanghai,2026-03-26,2026-03-26T05:29:19+00:00,UNRECORDED,62.2,63.0,station path (audit only),57.3,MISSING,0,,,MISSING,UNTESTABLE_NO_CAUSAL_FORECAST_OR_BOOK,winner
0x8eb28eeb7bb7a689227952df3585590ccc70ed80b5cd158e7448280179f187d2,Tokyo,2026-03-26,2026-03-26T00:23:27+00:00,UNRECORDED,58.6,59.4,station path (audit only),53.7,MISSING,0,,,MISSING,UNTESTABLE_NO_CAUSAL_FORECAST_OR_BOOK,winner
0x51a02fb8ebc8ae52922f78556d49508dbd2d767e14975b024ecfb9f11eb99ed1,Warsaw,2026-03-26,2026-03-26T08:16:23+00:00,UNRECORDED,55.0,,station path (audit only),47.7,MISSING,0,,,MISSING,UNTESTABLE_NO_CAUSAL_FORECAST_OR_BOOK,winner
0xf03fa8625ce8104695dcb75dd940160035b8c999b67a5fdbfb5037d379b84057,Austin,2026-03-27,2026-03-27T05:02:11+00:00,UNRECORDED,90.0,91.0,station path (audit only),85.1,MISSING,0,,,MISSING,UNTESTABLE_NO_CAUSAL_FORECAST_OR_BOOK,winner
0xa9155718f53ee532833d29a3fcd4586d6ef5e431caf3c89ab5ebc82aa85a8165,Chicago,2026-03-27,2026-03-27T05:00:51+00:00,UNRECORDED,46.0,47.0,station path (audit only),37.5,MISSING,0,,,MISSING,UNTESTABLE_NO_CAUSAL_FORECAST_OR_BOOK,winner
0x8bc04fa104e3eb8a0c0ffee679e6166df89119dee0534534d8df567b4d610e3a,Dallas,2026-03-27,2026-03-27T11:06:17+00:00,UNRECORDED,82.0,83.0,station path (audit only),75.1,MISSING,0,,,MISSING,UNTESTABLE_NO_CAUSAL_FORECAST_OR_BOOK,winner
0xd075c85d68e4ad65372e4cea1a7198cd1a6ab88676f3224aa5eabc16010249e6,Dallas,2026-03-27,2026-03-27T11:12:05+00:00,UNRECORDED,84.0,85.0,station path (audit only),75.1,MISSING,0,,,MISSING,UNTESTABLE_NO_CAUSAL_FORECAST_OR_BOOK,winner
0xe29ecf75b9000501f0222fab686d7872e0a6ca0989ab55d05652136c341ed378,Dallas,2026-03-27,2026-03-27T05:00:47+00:00,UNRECORDED,80.0,81.0,station path (audit only),75.1,MISSING,0,,,MISSING,UNTESTABLE_NO_CAUSAL_FORECAST_OR_BOOK,winner
0xcdb40c81b1ae3181dadf620351d7f7f7ca7d913466a54911d7d7473d153d783d,Los Angeles,2026-03-27,2026-03-27T09:10:45+00:00,UNRECORDED,74.0,75.0,station path (audit only),68.9,MISSING,0,,,MISSING,UNTESTABLE_NO_CAUSAL_FORECAST_OR_BOOK,winner
0x5ce47aaf2cb635ae77c9b71b52d1ca4d0679e60044fb52737923f802f16d4494,Seattle,2026-03-27,2026-03-27T07:02:13+00:00,UNRECORDED,58.0,59.0,station path (audit only),51.1,MISSING,0,,,MISSING,UNTESTABLE_NO_CAUSAL_FORECAST_OR_BOOK,winner
0xc0f9be470fe323e2a66cb189ac4891a1b50d7c271d62df3aa423c2c24460b824,Shanghai,2026-03-27,2026-03-27T07:41:35+00:00,UNRECORDED,67.6,68.4,station path (audit only),57.9,MISSING,0,,,MISSING,UNTESTABLE_NO_CAUSAL_FORECAST_OR_BOOK,winner
0x2d8a87ec3e6963f29793e96bb63d75b04c110cc73b6912b4b69e2049cd72e171,Shanghai,2026-03-27,2026-03-27T07:01:29+00:00,UNRECORDED,65.8,66.6,station path (audit only),57.9,MISSING,0,,,MISSING,UNTESTABLE_NO_CAUSAL_FORECAST_OR_BOOK,winner
0x0f6e0e271f66c9d2002eab25cf445d2a714f0534aa3d7f3f1181dac5b5bc4fda,Shanghai,2026-03-27,2026-03-26T23:50:05+00:00,UNRECORDED,64.0,64.8,station path (audit only),57.9,MISSING,0,,,MISSING,UNTESTABLE_NO_CAUSAL_FORECAST_OR_BOOK,winner
0xcc7ff5cad043849f1534d4423707c7c523d59359a8c3d482663a24d69d2abb36,Singapore,2026-03-27,2026-03-27T07:47:07+00:00,UNRECORDED,94.6,95.4,station path (audit only),89.1,MISSING,0,,,MISSING,UNTESTABLE_NO_CAUSAL_FORECAST_OR_BOOK,winner
0x5252987a096e9435f9f2e6494400e34e35fb2930dbefedec676f328ce63822d5,Tokyo,2026-03-27,2026-03-26T23:58:43+00:00,UNRECORDED,64.0,64.8,station path (audit only),59.1,MISSING,0,,,MISSING,UNTESTABLE_NO_CAUSAL_FORECAST_OR_BOOK,winner
0x93f49b39e796fa6f7c0b6cc635b4dc65283f2806135af8e570dceba8bee6e957,Tokyo,2026-03-27,2026-03-26T22:13:07+00:00,UNRECORDED,65.8,66.6,station path (audit only),59.1,MISSING,0,,,MISSING,UNTESTABLE_NO_CAUSAL_FORECAST_OR_BOOK,winner
0x14721598c78520951389bd222380e11052f1b625fc143f2d40b61b5be47a1383,Wellington,2026-03-27,2026-03-27T01:33:23+00:00,UNRECORDED,74.8,75.6,station path (audit only),69.1,MISSING,0,,,MISSING,UNTESTABLE_NO_CAUSAL_FORECAST_OR_BOOK,winner
0x3aa97e4bfa614db7ac07f845417da2d549fe27b9758e7c8fe97eb2215706f5ea,Chicago,2026-03-28,2026-03-28T05:04:21+00:00,UNRECORDED,52.0,53.0,station path (audit only),46.8,MISSING,0,,,MISSING,UNTESTABLE_NO_CAUSAL_FORECAST_OR_BOOK,winner
0xf450e7981d50a48ffe744a8c4b387247527483065198c1c2e804a09c27fd089d,Dallas,2026-03-28,2026-03-28T05:02:23+00:00,UNRECORDED,66.0,67.0,station path (audit only),59.9,MISSING,0,,,MISSING,UNTESTABLE_NO_CAUSAL_FORECAST_OR_BOOK,winner
0x9ae89deda3d82dd5c87748c516b7e8a212b2426ffecd9e6aca437a64732619ea,London,2026-03-28,2026-03-28T11:15:13+00:00,UNRECORDED,55.0,55.8,station path (audit only),50.1,MISSING,0,,,MISSING,UNTESTABLE_NO_CAUSAL_FORECAST_OR_BOOK,winner
0xf1a45381dc924e0e052d7f0adeb8bd1bac9fb6bacab2192286c4ea1aa857e42f,Los Angeles,2026-03-28,2026-03-28T07:03:45+00:00,UNRECORDED,74.0,75.0,station path (audit only),69.2,MISSING,0,,,MISSING,UNTESTABLE_NO_CAUSAL_FORECAST_OR_BOOK,winner
0xc437dcf714836bb4d9b825501332cccbf954d303fd52abbd347da3d611731af6,Los Angeles,2026-03-28,2026-03-28T08:27:51+00:00,UNRECORDED,76.0,77.0,station path (audit only),69.2,MISSING,0,,,MISSING,UNTESTABLE_NO_CAUSAL_FORECAST_OR_BOOK,winner
0xd963cc358a64ab5a455597be4f15e2c3ac3f7659d62203f6d7c84a3a54fcef8f,Madrid,2026-03-28,2026-03-28T11:25:51+00:00,UNRECORDED,67.6,68.4,station path (audit only),62.8,MISSING,0,,,MISSING,UNTESTABLE_NO_CAUSAL_FORECAST_OR_BOOK,winner
0x6d2604e910c3ff739a667a80d2f2b18dc747b8ee69c01b60e0adabdcf6964c03,Seattle,2026-03-28,2026-03-28T07:22:03+00:00,UNRECORDED,58.0,59.0,station path (audit only),52.4,MISSING,0,,,MISSING,UNTESTABLE_NO_CAUSAL_FORECAST_OR_BOOK,winner
0xbcfd3f6070062e45dece2bc70a55f00d31a5dd59143165056ee2201f574b9191,Shanghai,2026-03-28,2026-03-28T02:43:37+00:00,UNRECORDED,67.6,68.4,station path (audit only),62.2,MISSING,0,,,MISSING,UNTESTABLE_NO_CAUSAL_FORECAST_OR_BOOK,winner
0x906694f77dd7e9798369d580364df17de9fbdbb77d7006957ebf592aa0a5b99d,Shanghai,2026-03-28,2026-03-27T23:54:15+00:00,UNRECORDED,74.8,,station path (audit only),62.2,MISSING,0,,,MISSING,UNTESTABLE_NO_CAUSAL_FORECAST_OR_BOOK,winner
0x9882ad23050ba69df6797d7bdd71109a84603143f09222b1352914bf493b8b45,Shanghai,2026-03-28,2026-03-27T20:14:55+00:00,UNRECORDED,71.2,72.0,station path (audit only),62.2,MISSING,0,,,MISSING,UNTESTABLE_NO_CAUSAL_FORECAST_OR_BOOK,winner
0x87d6f2f49310f6d3e8aff4baa89cc36658017838c368fe7286269f17ae1a239d,Shanghai,2026-03-28,2026-03-28T01:06:41+00:00,UNRECORDED,73.0,73.8,station path (audit only),62.2,MISSING,0,,,MISSING,UNTESTABLE_NO_CAUSAL_FORECAST_OR_BOOK,winner
0x16be5e21aed2a098b1352ab04f8e1948d7d3e5fc162fc8c397b39a51ba3c617a,Shanghai,2026-03-28,2026-03-28T03:07:53+00:00,UNRECORDED,69.4,70.2,station path (audit only),62.2,MISSING,0,,,MISSING,UNTESTABLE_NO_CAUSAL_FORECAST_OR_BOOK,winner
0x9e2c05a8721ba593373788aa9bf2cfac84fadd8da3e8aeab7efdad698ea97861,Tokyo,2026-03-28,2026-03-28T03:49:15+00:00,UNRECORDED,67.6,68.4,station path (audit only),62.9,MISSING,0,,,MISSING,UNTESTABLE_NO_CAUSAL_FORECAST_OR_BOOK,winner
0xe1805f1d96ee19bd0c826ff4e23b0757137051d8a708337bf4714a59bedff1b7,Toronto,2026-03-28,2026-03-28T04:01:51+00:00,UNRECORDED,37.0,37.8,station path (audit only),31.8,MISSING,0,,,MISSING,UNTESTABLE_NO_CAUSAL_FORECAST_OR_BOOK,winner
0xb06e05ea55996f8cdd739e350ca7d282d552c809ed11ef3a91c777b03c25392d,Wellington,2026-03-28,2026-03-27T20:10:15+00:00,UNRECORDED,73.0,,station path (audit only),67.7,MISSING,0,,,MISSING,UNTESTABLE_NO_CAUSAL_FORECAST_OR_BOOK,winner
0xcde8c77f73705cb2b19db9e046c8e4501d82c2801f7c567cd0b2ff53ffdaf888,Austin,2026-03-29,2026-03-29T11:55:52+00:00,UNRECORDED,88.0,89.0,station path (audit only),82.0,MISSING,0,,,MISSING,UNTESTABLE_NO_CAUSAL_FORECAST_OR_BOOK,winner
0x183bc453643ef446fe8604ce79d143263b12d450ee9e477ea21f41981d87b95d,Los Angeles,2026-03-29,2026-03-29T08:07:30+00:00,UNRECORDED,76.0,77.0,station path (audit only),69.0,MISSING,0,,,MISSING,UNTESTABLE_NO_CAUSAL_FORECAST_OR_BOOK,winner
0x06723e822fd7971d3db6c309ffb84bb49263e4c1354baf513bca3fa1a7483f3e,Los Angeles,2026-03-29,2026-03-29T07:00:56+00:00,UNRECORDED,84.0,,station path (audit only),69.0,MISSING,0,,,MISSING,UNTESTABLE_NO_CAUSAL_FORECAST_OR_BOOK,winner
0x26e0281329f017d598f45bbd5b7adb7459aaf412b0189eb049db66a05309bd8c,Miami,2026-03-29,2026-03-29T05:02:54+00:00,UNRECORDED,82.0,83.0,station path (audit only),75.7,MISSING,0,,,MISSING,UNTESTABLE_NO_CAUSAL_FORECAST_OR_BOOK,winner
0xa5c4431a22ce7c441b579135f6f650e9fec820bb80c72ea5d436ddaade7fa595,Seattle,2026-03-29,2026-03-29T07:57:28+00:00,UNRECORDED,50.0,51.0,station path (audit only),44.4,MISSING,0,,,MISSING,UNTESTABLE_NO_CAUSAL_FORECAST_OR_BOOK,winner
0xac3cd0e0e1c6d52cb6f610200c0b7e5237a0648445bb569bed5aa0865157ebea,Shanghai,2026-03-29,2026-03-29T00:42:26+00:00,UNRECORDED,71.2,72.0,station path (audit only),64.8,MISSING,0,,,MISSING,UNTESTABLE_NO_CAUSAL_FORECAST_OR_BOOK,winner
0x092bb560801ab6026661d57b13b9fb754153bc0bb30744bf37f8ea696a8f9274,Shanghai,2026-03-29,2026-03-28T20:00:00+00:00,UNRECORDED,73.0,,station path (audit only),64.8,MISSING,0,,,MISSING,UNTESTABLE_NO_CAUSAL_FORECAST_OR_BOOK,winner
0xad028751a81b90b1dd8e0893d18609662519a25a7f9271c48075e5c44c52cad2,Shanghai,2026-03-29,2026-03-29T03:26:20+00:00,UNRECORDED,69.4,70.2,station path (audit only),64.8,MISSING,0,,,MISSING,UNTESTABLE_NO_CAUSAL_FORECAST_OR_BOOK,winner
0x8f70b0e50a68afd1f221c84b1762f35150a820290ca87af707a84354727bf93c,Singapore,2026-03-29,2026-03-28T20:00:14+00:00,UNRECORDED,91.0,91.8,station path (audit only),86.5,MISSING,0,,,MISSING,UNTESTABLE_NO_CAUSAL_FORECAST_OR_BOOK,winner
0x1d5ad7048b810986d44824f9428df89a2091478dca8da55b15b3baf5003136a4,Tokyo,2026-03-29,2026-03-28T21:57:30+00:00,UNRECORDED,71.2,,station path (audit only),66.0,MISSING,0,,,MISSING,UNTESTABLE_NO_CAUSAL_FORECAST_OR_BOOK,winner
0x95a6df15c870d791553a9dc2099e79a30d3a165efa4ba2d51ea9677b01b58688,Austin,2026-03-30,2026-03-30T07:06:46+00:00,UNRECORDED,90.0,91.0,station path (audit only),84.4,MISSING,0,,,MISSING,UNTESTABLE_NO_CAUSAL_FORECAST_OR_BOOK,winner
0x354a4d79dc9558ccec28f7f6190eb84c48b7f96dfa666e882d68d602fbd27382,Dallas,2026-03-30,2026-03-30T05:19:36+00:00,UNRECORDED,88.0,89.0,station path (audit only),82.7,MISSING,0,,,MISSING,UNTESTABLE_NO_CAUSAL_FORECAST_OR_BOOK,winner
0x1cbf7bb8518b6490bc35674b9f2b3dbbc287a2338df7d3d4b3ad8036f901c081,Los Angeles,2026-03-30,2026-03-30T07:29:34+00:00,UNRECORDED,76.0,,station path (audit only),69.7,MISSING,0,,,MISSING,UNTESTABLE_NO_CAUSAL_FORECAST_OR_BOOK,winner
0x0d02558cfe83b8d84e619d814a2b7c972ea524e83963108129bc21baa36957bb,Mexico City,2026-03-30,2026-03-30T08:11:24+00:00,UNRECORDED,73.0,73.8,station path (audit only),65.9,MISSING,0,,,MISSING,UNTESTABLE_NO_CAUSAL_FORECAST_OR_BOOK,winner
0x4c3eb60b2eeec7c859b3a5d5917d0bbd85346890e7c54a491081258215d47b12,Mexico City,2026-03-30,2026-03-30T07:29:32+00:00,UNRECORDED,74.8,75.6,station path (audit only),65.9,MISSING,0,,,MISSING,UNTESTABLE_NO_CAUSAL_FORECAST_OR_BOOK,winner
0x7432e24dcd81288aead154ffab101f61400c6301c7be71f4833af86c28590810,Mexico City,2026-03-30,2026-03-30T06:26:30+00:00,UNRECORDED,71.2,72.0,station path (audit only),65.9,MISSING,0,,,MISSING,UNTESTABLE_NO_CAUSAL_FORECAST_OR_BOOK,winner
0xe36825e10f8a314a8ac3b5b4373f7d5897282e5f3f8e4307c79f73685d4c9ac3,Seattle,2026-03-30,2026-03-30T07:00:26+00:00,UNRECORDED,54.0,55.0,station path (audit only),45.5,MISSING,0,,,MISSING,UNTESTABLE_NO_CAUSAL_FORECAST_OR_BOOK,winner
0x114d5eb70b6679a877b994d1922ef29a8b99ad98039795b2618bfd5714d0eba0,Seattle,2026-03-30,2026-03-30T09:05:00+00:00,UNRECORDED,52.0,53.0,station path (audit only),45.5,MISSING,0,,,MISSING,UNTESTABLE_NO_CAUSAL_FORECAST_OR_BOOK,winner
0x228463c1f3a8803435189cdfe339083f0e1e880dc376b13ac1252cb3c827415b,Shanghai,2026-03-30,2026-03-29T21:05:34+00:00,UNRECORDED,71.2,72.0,station path (audit only),63.6,MISSING,37,2026-03-30 14:00,,MISSING,UNTESTABLE_NO_CAUSAL_FORECAST_OR_BOOK,winner
0xd48f162fec0eba2220667d11d2e7a933a6864e730bd2584a2ebd73c2df59fd3e,Shanghai,2026-03-30,2026-03-29T21:20:00+00:00,UNRECORDED,69.4,70.2,station path (audit only),63.6,MISSING,37,2026-03-30 12:30,2026-03-30 14:00,MISSING,UNTESTABLE_NO_CAUSAL_FORECAST_OR_BOOK,winner
0x806f7b902f03309ec4516e42290b942abedccf4c3b9ed1f1f54440cc9b55bd65,Shanghai,2026-03-30,2026-03-29T20:07:20+00:00,UNRECORDED,73.0,,station path (audit only),63.6,MISSING,39,,,MISSING,UNTESTABLE_NO_CAUSAL_FORECAST_OR_BOOK,winner
0x33ab1213895d4bf60cbef86242be45f607bd9ef9d232050648f57c505216a4b4,Tokyo,2026-03-30,2026-03-29T22:41:24+00:00,UNRECORDED,71.2,,station path (audit only),65.1,MISSING,0,,,MISSING,UNTESTABLE_NO_CAUSAL_FORECAST_OR_BOOK,winner
0xe3c105195727563dbb572205352be82c1608e854ec3f89c295126b6c57e145f5,Istanbul,2026-04-01,2026-04-01T04:47:01+00:00,UNRECORDED,62.2,63.0,station path (audit only),56.0,MISSING,0,,,MISSING,UNTESTABLE_NO_CAUSAL_FORECAST_OR_BOOK,winner
0x045c18a60b82d5d18f6d7d22421dab7ca9089f50426e4307ad985bbf3df52489,Istanbul,2026-04-01,2026-04-01T00:01:39+00:00,UNRECORDED,64.0,64.8,station path (audit only),56.0,MISSING,0,,,MISSING,UNTESTABLE_NO_CAUSAL_FORECAST_OR_BOOK,winner
0x6481a247fa190a12ebeb3be7de8b64509ea7a3745a9766ef5b9b16e1cea145c5,Shanghai,2026-04-01,2026-04-01T07:31:35+00:00,UNRECORDED,71.2,72.0,station path (audit only),64.0,MISSING,0,,,MISSING,UNTESTABLE_NO_CAUSAL_FORECAST_OR_BOOK,winner
0x490b61b946d57a29d2653e4bc11865d3dd8140c69c8cfc551ddffd39600229e7,Shanghai,2026-04-01,2026-04-01T01:00:55+00:00,UNRECORDED,69.4,70.2,station path (audit only),64.0,MISSING,0,,,MISSING,UNTESTABLE_NO_CAUSAL_FORECAST_OR_BOOK,winner
0x581de8076fb4a0ad49cdaaf2257dedb22bb0e2126f29d47b3735c872d535d284,Toronto,2026-04-01,2026-04-01T04:02:23+00:00,UNRECORDED,56.8,,station path (audit only),50.0,MISSING,0,,,MISSING,UNTESTABLE_NO_CAUSAL_FORECAST_OR_BOOK,winner
0x9d6573df3ba2ee627aefd8c1b03cd17eeffa0ac810c19436349772285b1abe37,Toronto,2026-04-01,2026-04-01T04:02:47+00:00,UNRECORDED,55.0,55.8,station path (audit only),50.0,MISSING,0,,,MISSING,UNTESTABLE_NO_CAUSAL_FORECAST_OR_BOOK,winner
0x2c4e37fe372f52415e4228d76b353112b4d440992d5bb57355cedad11c84d8c8,Austin,2026-04-02,2026-04-02T05:00:23+00:00,UNRECORDED,88.0,89.0,station path (audit only),78.5,MISSING,0,,,MISSING,UNTESTABLE_NO_CAUSAL_FORECAST_OR_BOOK,winner
0xe066a0f00860124b3e7326349fafc0731fb603ac900c97a422b4f7a150833fcd,Los Angeles,2026-04-02,2026-04-02T07:25:53+00:00,UNRECORDED,72.0,73.0,station path (audit only),67.2,MISSING,0,,,MISSING,UNTESTABLE_NO_CAUSAL_FORECAST_OR_BOOK,winner
0xe28532fd1672dad799a7fd3f2ae253f4ebd4fe8ba873cd76c5feb6415e0f3c94,Mexico City,2026-04-02,2026-04-02T08:13:51+00:00,UNRECORDED,80.2,81.0,station path (audit only),75.3,MISSING,0,,,MISSING,UNTESTABLE_NO_CAUSAL_FORECAST_OR_BOOK,winner
0x713521251ded1b921b388105fbf81410b69398268a657f6ac3be0c0c4fb9932a,Seattle,2026-04-02,2026-04-02T10:25:55+00:00,UNRECORDED,56.0,57.0,station path (audit only),47.9,MISSING,0,,,MISSING,UNTESTABLE_NO_CAUSAL_FORECAST_OR_BOOK,winner
0x4b3db12bb49464d0af7622fa12a97cce10d7a385ba5965cb0c1c999de8eb8107,Shanghai,2026-04-02,2026-04-02T01:48:39+00:00,UNRECORDED,76.6,,station path (audit only),65.1,MISSING,0,,,MISSING,UNTESTABLE_NO_CAUSAL_FORECAST_OR_BOOK,winner
0x193b5e7e467b94445e8fdd7087c8cf7922809f638755ec6a17fbfe95e4b5962f,Shanghai,2026-04-02,2026-04-02T00:36:39+00:00,UNRECORDED,74.8,75.6,station path (audit only),65.1,MISSING,0,,,MISSING,UNTESTABLE_NO_CAUSAL_FORECAST_OR_BOOK,winner
0x9d1014a486b5bdcf50775f83c16e6c28fd4eb0fa5d3e688f5f247d8e8ec7428f,Shanghai,2026-04-02,2026-04-01T22:27:25+00:00,UNRECORDED,73.0,73.8,station path (audit only),65.1,MISSING,0,,,MISSING,UNTESTABLE_NO_CAUSAL_FORECAST_OR_BOOK,winner
0x8708bdeb96cb16747964514df2bbbd75ab59ad0d15ec0a0647db9ae62b6d1618,Tokyo,2026-04-02,2026-04-02T01:20:05+00:00,UNRECORDED,65.8,,station path (audit only),58.8,MISSING,0,,,MISSING,UNTESTABLE_NO_CAUSAL_FORECAST_OR_BOOK,winner
0xcf5424dad58539597c2a00008a5d10782e84a69e277f01ffc702df3d1f81b2d3,Tokyo,2026-04-02,2026-04-01T23:47:45+00:00,UNRECORDED,64.0,64.8,station path (audit only),58.8,MISSING,0,,,MISSING,UNTESTABLE_NO_CAUSAL_FORECAST_OR_BOOK,winner
0x4635765e66a7225b62bd854efc16bdb7798a91955f62eafd4fba71c5d4c0a3f7,Wellington,2026-04-02,2026-04-01T23:24:15+00:00,UNRECORDED,69.4,,station path (audit only),63.7,MISSING,0,,,MISSING,UNTESTABLE_NO_CAUSAL_FORECAST_OR_BOOK,winner
0x381bd52fb4a32a35a532b8805172b07bb0407038e7fd7522e33b600525c3b492,Amsterdam,2026-04-03,2026-04-03T06:30:47+00:00,UNRECORDED,58.6,,station path (audit only),51.5,MISSING,0,,,MISSING,UNTESTABLE_NO_CAUSAL_FORECAST_OR_BOOK,winner
0x05ed9ad09ec574405b66716f573408cf77d688d3f2be8d9ed76923bbf8dbdf06,Amsterdam,2026-04-03,2026-04-03T06:30:45+00:00,UNRECORDED,56.8,57.6,station path (audit only),51.5,MISSING,0,,,MISSING,UNTESTABLE_NO_CAUSAL_FORECAST_OR_BOOK,winner
0x6006f12745c355a437cf630936e00126313e66ca47cdf9856f6874278a214394,Dallas,2026-04-03,2026-04-03T05:46:41+00:00,UNRECORDED,86.0,87.0,station path (audit only),81.1,MISSING,0,,,MISSING,UNTESTABLE_NO_CAUSAL_FORECAST_OR_BOOK,winner
0x1e7b045959decf0977842fbc13b6a8deebfcd8a6244ef9ea8f6d09953c342c26,Helsinki,2026-04-03,2026-04-03T06:37:33+00:00,UNRECORDED,49.6,50.4,station path (audit only),45.1,MISSING,0,,,MISSING,UNTESTABLE_NO_CAUSAL_FORECAST_OR_BOOK,winner
0x5344655611934fed2de6dd4b8bf4e9f7dcb609082948f74d2215954524833bc2,Jakarta,2026-04-03,2026-04-03T07:48:43+00:00,UNRECORDED,100.0,,station path (audit only),91.9,MISSING,0,,,MISSING,UNTESTABLE_NO_CAUSAL_FORECAST_OR_BOOK,winner
0xe6e4a04036425369cd54eb8ddd22e449e9ce8056e722ea5107b5a59512bb48de,Kuala Lumpur,2026-04-03,2026-04-03T05:39:01+00:00,UNRECORDED,98.2,,station path (audit only),92.7,MISSING,0,,,MISSING,UNTESTABLE_NO_CAUSAL_FORECAST_OR_BOOK,winner
0xec96189ecadfbd71d0b635bf89162d19d6ee89c5103546aadf56c4ff51fc0256,Paris,2026-04-03,2026-04-03T09:45:41+00:00,UNRECORDED,58.6,59.4,station path (audit only),53.3,MISSING,0,,,MISSING,UNTESTABLE_NO_CAUSAL_FORECAST_OR_BOOK,winner
0xa48757f59ef21705626dcbc662cb7cc5878d2d81a1d95e1efdc402792ff189ce,Seattle,2026-04-03,2026-04-03T07:23:15+00:00,UNRECORDED,60.0,61.0,station path (audit only),51.5,MISSING,0,,,MISSING,UNTESTABLE_NO_CAUSAL_FORECAST_OR_BOOK,winner
0xa681d140f66b01bb425cf02437d76b039d5ca5e987584253d2952bf853ac4839,Shanghai,2026-04-03,2026-04-02T20:08:25+00:00,UNRECORDED,64.0,64.8,station path (audit only),59.3,MISSING,0,,,MISSING,UNTESTABLE_NO_CAUSAL_FORECAST_OR_BOOK,winner
0xe59718cf4af3cc67d3d8f795ae2a3af2d04c3af3a3d519119c4a1a183a60a508,Shanghai,2026-04-03,2026-04-02T20:18:43+00:00,UNRECORDED,65.8,66.6,station path (audit only),59.3,MISSING,0,,,MISSING,UNTESTABLE_NO_CAUSAL_FORECAST_OR_BOOK,winner
0x539d78868c435cc384f22916467429454e15c678576f6d175067c2d402524e41,Tokyo,2026-04-03,2026-04-03T01:37:23+00:00,UNRECORDED,69.4,,station path (audit only),63.0,MISSING,0,,,MISSING,UNTESTABLE_NO_CAUSAL_FORECAST_OR_BOOK,winner
0x5a1434001e1d77b7748c4eae9e1de35758a9b356e680bb2fc5390f4fd5cc1798,Tokyo,2026-04-03,2026-04-02T20:00:43+00:00,UNRECORDED,67.6,68.4,station path (audit only),63.0,MISSING,0,,,MISSING,UNTESTABLE_NO_CAUSAL_FORECAST_OR_BOOK,winner
0xbd553763e39b201c92ecb6bbb4f8b3f0f035af681f7ce2d7afb2029a54270076,Warsaw,2026-04-03,2026-04-03T07:34:25+00:00,UNRECORDED,62.2,,station path (audit only),57.4,MISSING,0,,,MISSING,UNTESTABLE_NO_CAUSAL_FORECAST_OR_BOOK,winner
0xb8f90d05e4849692114fb80de6550a953c8c246b15be32f9800950b650c83828,Austin,2026-04-04,2026-04-04T11:06:15+00:00,UNRECORDED,80.0,81.0,station path (audit only),74.4,MISSING,0,,,MISSING,UNTESTABLE_NO_CAUSAL_FORECAST_OR_BOOK,winner
0xdea3cfcf3bddb2bb6f751ff140b6816042f1034753f0112a3bb481987011d819,Busan,2026-04-04,2026-04-04T06:53:23+00:00,UNRECORDED,73.0,,station path (audit only),68.5,MISSING,0,,,MISSING,UNTESTABLE_NO_CAUSAL_FORECAST_OR_BOOK,winner
0xcd7bb136b00a294c9f2bc7b5d490108203c1019eb6d7072ac4b50156f7812fcb,Chicago,2026-04-04,2026-04-04T05:05:09+00:00,UNRECORDED,62.0,63.0,station path (audit only),57.1,MISSING,0,,,MISSING,UNTESTABLE_NO_CAUSAL_FORECAST_OR_BOOK,winner
0x3c43b638c90dfe0a61c5b763d98e7a6eb67906aa31b36cd8d698eaaad4c1ff22,Chicago,2026-04-04,2026-04-04T09:12:21+00:00,UNRECORDED,64.0,65.0,station path (audit only),57.1,MISSING,0,,,MISSING,UNTESTABLE_NO_CAUSAL_FORECAST_OR_BOOK,winner
0xdc7a1b02f2b20e025c57ccde81ea625867c4cec2de843a97986ebf622f7953bb,Dallas,2026-04-04,2026-04-04T05:56:17+00:00,UNRECORDED,76.0,77.0,station path (audit only),70.9,MISSING,0,,,MISSING,UNTESTABLE_NO_CAUSAL_FORECAST_OR_BOOK,winner
0x7bd83881deb1fb9698f64fb05979900b009b5787d21156229ee5cff36d611fb8,Helsinki,2026-04-04,2026-04-04T08:55:59+00:00,UNRECORDED,44.2,45.0,station path (audit only),39.2,MISSING,0,,,MISSING,UNTESTABLE_NO_CAUSAL_FORECAST_OR_BOOK,winner
0x7332b94a12216e5273a49705c122d677dc031fc28f04790fdf76704d9f5d2b3f,Istanbul,2026-04-04,2026-04-04T08:42:29+00:00,UNRECORDED,56.8,57.6,station path (audit only),52.2,MISSING,0,,,MISSING,UNTESTABLE_NO_CAUSAL_FORECAST_OR_BOOK,winner
0xae027330ad17c50692cc6e96696ebaf52f7936f159c34d9796271d7f8f841181,Istanbul,2026-04-04,2026-04-03T21:09:03+00:00,UNRECORDED,60.4,,station path (audit only),52.2,MISSING,0,,,MISSING,UNTESTABLE_NO_CAUSAL_FORECAST_OR_BOOK,winner
0xff160c7f972152c107a9d638e23bbf461d7885db156c11bea24fa4363d2ea240,Istanbul,2026-04-04,2026-04-03T21:04:49+00:00,UNRECORDED,58.6,59.4,station path (audit only),52.2,MISSING,0,,,MISSING,UNTESTABLE_NO_CAUSAL_FORECAST_OR_BOOK,winner
0xe11e35a8298f51ba4ee77a069807bc15b4153fbcc660dbb9f29f7f381170be83,Jakarta,2026-04-04,2026-04-04T04:36:09+00:00,UNRECORDED,94.6,95.4,station path (audit only),90.1,MISSING,0,,,MISSING,UNTESTABLE_NO_CAUSAL_FORECAST_OR_BOOK,winner
0x26e2c5f733f6cf55d42a0e1fe275159749a8f3a7c305c71254dc66fdf7453c6a,Kuala Lumpur,2026-04-04,2026-04-04T07:08:25+00:00,UNRECORDED,96.4,97.2,station path (audit only),88.2,MISSING,0,,,MISSING,UNTESTABLE_NO_CAUSAL_FORECAST_OR_BOOK,winner
0xb39f8cdced7f42258cbc22c8b88544d47aed7f166819a27ffd14f21fbfaa3a42,Kuala Lumpur,2026-04-04,2026-04-04T00:08:43+00:00,UNRECORDED,92.8,93.6,station path (audit only),88.2,MISSING,0,,,MISSING,UNTESTABLE_NO_CAUSAL_FORECAST_OR_BOOK,winner
0xab9d82e3357f649216cbeceb9d83ae9201420f8a08762f4a815bff164228681e,Kuala Lumpur,2026-04-04,2026-04-04T07:20:35+00:00,UNRECORDED,94.6,95.4,station path (audit only),88.2,MISSING,0,,,MISSING,UNTESTABLE_NO_CAUSAL_FORECAST_OR_BOOK,winner
0xbcf92c71d5848a19ab4cf696a1aee172e506966f15a6aad050161bec494f7076,Mexico City,2026-04-04,2026-04-04T08:49:03+00:00,UNRECORDED,83.8,84.6,station path (audit only),77.7,MISSING,0,,,MISSING,UNTESTABLE_NO_CAUSAL_FORECAST_OR_BOOK,winner
0xd27793c9ee716629311ec53bc93b6c2d8edfa8e432126328d14d3f103fa8ac67,Seattle,2026-04-04,2026-04-04T07:01:41+00:00,UNRECORDED,64.0,65.0,station path (audit only),58.0,MISSING,0,,,MISSING,UNTESTABLE_NO_CAUSAL_FORECAST_OR_BOOK,winner
0xe26a62cef48ec1d50aaba8451e81d4baa0e3435c126bbd0c5fd9bd9187b48fb6,Seattle,2026-04-04,2026-04-04T11:41:19+00:00,UNRECORDED,66.0,67.0,station path (audit only),58.0,MISSING,0,,,MISSING,UNTESTABLE_NO_CAUSAL_FORECAST_OR_BOOK,winner
0xbf7c12d33197d42b2300039d34b7aa4fd7d9fe7f9089c6a4ad6ee8e593239d48,Tokyo,2026-04-04,2026-04-03T22:14:51+00:00,UNRECORDED,67.6,68.4,station path (audit only),62.5,MISSING,0,,,MISSING,UNTESTABLE_NO_CAUSAL_FORECAST_OR_BOOK,winner
0x6531e75c1ce5fdd9090876015342e44d564dca52d33e9656396de825b3a2af36,Toronto,2026-04-04,2026-04-04T04:08:13+00:00,UNRECORDED,49.6,50.4,station path (audit only),41.9,MISSING,0,,,MISSING,UNTESTABLE_NO_CAUSAL_FORECAST_OR_BOOK,winner
0x366ae32887018569122149432f0daadba4b83a743feea6d3b37ff62ef57e2654,Toronto,2026-04-04,2026-04-04T09:08:55+00:00,UNRECORDED,47.8,48.6,station path (audit only),41.9,MISSING,0,,,MISSING,UNTESTABLE_NO_CAUSAL_FORECAST_OR_BOOK,winner
0x917c310726b8f10d01f69b576cd09f85aa86b98d067fe2d799ba192f6ea77450,Toronto,2026-04-04,2026-04-04T04:16:55+00:00,UNRECORDED,51.4,,station path (audit only),41.9,MISSING,0,,,MISSING,UNTESTABLE_NO_CAUSAL_FORECAST_OR_BOOK,winner
0xdb7044a24431e2100e980b2ea2c0724c7279563d1825d44e14466297907620db,Warsaw,2026-04-04,2026-04-03T23:48:29+00:00,UNRECORDED,58.6,59.4,station path (audit only),53.3,MISSING,0,,,MISSING,UNTESTABLE_NO_CAUSAL_FORECAST_OR_BOOK,winner
0x6be4842d8f96778a031a987a8c67dc02d882471a285f62790ee473945974b3a2,Warsaw,2026-04-04,2026-04-04T07:44:19+00:00,UNRECORDED,60.4,61.2,station path (audit only),53.3,MISSING,0,,,MISSING,UNTESTABLE_NO_CAUSAL_FORECAST_OR_BOOK,winner
0x04283f6e6a73c06e80b42ff4e6bacadb5b818f499ea374eb093650d93c3bc6dd,Wellington,2026-04-04,2026-04-03T20:34:21+00:00,UNRECORDED,71.2,,station path (audit only),65.4,MISSING,0,,,MISSING,UNTESTABLE_NO_CAUSAL_FORECAST_OR_BOOK,winner
0xc89592192e5380bbe35c4821fc199b1053a7941e96cd9408ddf0c18d46508471,Amsterdam,2026-04-05,2026-04-04T22:14:25+00:00,UNRECORDED,60.4,61.2,station path (audit only),54.2,MISSING,0,,,MISSING,UNTESTABLE_NO_CAUSAL_FORECAST_OR_BOOK,winner
0x1483ef58e0ed7ba217f2af164501545e28a4a05fcd148f8a9839e7b6f71879f8,Busan,2026-04-05,2026-04-05T03:02:47+00:00,UNRECORDED,65.8,66.6,station path (audit only),60.1,MISSING,0,,,MISSING,UNTESTABLE_NO_CAUSAL_FORECAST_OR_BOOK,winner
0x28cc4fe36ec5a14b2fc438f468d2477901d980c8331d5baf56afc451dfd7b6fe,Busan,2026-04-05,2026-04-05T06:06:57+00:00,UNRECORDED,71.2,,station path (audit only),60.1,MISSING,0,,,MISSING,UNTESTABLE_NO_CAUSAL_FORECAST_OR_BOOK,winner
0x721e537f6cfeaedc2267c8763dfdabd8c03a91a9df97314315b5f9586d27a38e,Busan,2026-04-05,2026-04-05T06:03:13+00:00,UNRECORDED,69.4,70.2,station path (audit only),60.1,MISSING,0,,,MISSING,UNTESTABLE_NO_CAUSAL_FORECAST_OR_BOOK,winner
0x81f68dcfd256c8a6be13a899cc5cadf410e3c61b8229415f575e639c993ef063,Chicago,2026-04-05,2026-04-05T05:09:29+00:00,UNRECORDED,56.0,,station path (audit only),47.3,MISSING,0,,,MISSING,UNTESTABLE_NO_CAUSAL_FORECAST_OR_BOOK,winner
0x8fe71cc609e9878efaca0dde3614c90c0caf486e53f949531d3c112012f69830,Dallas,2026-04-05,2026-04-05T05:00:11+00:00,UNRECORDED,74.0,,station path (audit only),69.3,MISSING,0,,,MISSING,UNTESTABLE_NO_CAUSAL_FORECAST_OR_BOOK,winner
0x957610b30bb4b6b33c37f19d208f74403b437de4476fbe882a447b285f37173a,Jakarta,2026-04-05,2026-04-05T06:35:53+00:00,UNRECORDED,94.6,95.4,station path (audit only),84.9,MISSING,0,,,MISSING,UNTESTABLE_NO_CAUSAL_FORECAST_OR_BOOK,winner
0x1a99d3f3e096622f2a3bd890c34b2d0ce28a9381236153f6cbf421f516449736,Jakarta,2026-04-05,2026-04-05T00:05:19+00:00,UNRECORDED,92.8,93.6,station path (audit only),84.9,MISSING,0,,,MISSING,UNTESTABLE_NO_CAUSAL_FORECAST_OR_BOOK,winner
0x53cd4dfbcb6a05fbeee246ba2332ba5c54ab8f18cd63facfc2980f290ef97e15,Kuala Lumpur,2026-04-05,2026-04-05T06:55:11+00:00,UNRECORDED,100.0,,station path (audit only),92.1,MISSING,0,,,MISSING,UNTESTABLE_NO_CAUSAL_FORECAST_OR_BOOK,winner
0xa09ef31a4eb50cd9c9304178d02e6ed87a60cf10de146ad108827cb978bc0a72,Los Angeles,2026-04-05,2026-04-05T07:01:25+00:00,UNRECORDED,80.0,81.0,station path (audit only),72.0,MISSING,0,,,MISSING,UNTESTABLE_NO_CAUSAL_FORECAST_OR_BOOK,winner
0x0df1b866864af41ae759e82342dd4a4cde9b68b6a61912104be160a78f0d26d5,Los Angeles,2026-04-05,2026-04-05T07:25:27+00:00,UNRECORDED,82.0,83.0,station path (audit only),72.0,MISSING,0,,,MISSING,UNTESTABLE_NO_CAUSAL_FORECAST_OR_BOOK,winner
0xa04abd6e4133193330e6cd0c13718bff9a51e2d74d56c5e8ef63c65f3ae714c7,Mexico City,2026-04-05,2026-04-05T06:01:21+00:00,UNRECORDED,80.2,81.0,station path (audit only),72.9,MISSING,0,,,MISSING,UNTESTABLE_NO_CAUSAL_FORECAST_OR_BOOK,winner
0xbfa1ca025f5630a41e94884885355b4883af368435c89e04c2c68c6022679087,Miami,2026-04-05,2026-04-05T04:05:59+00:00,UNRECORDED,84.0,85.0,station path (audit only),76.8,MISSING,0,,,MISSING,UNTESTABLE_NO_CAUSAL_FORECAST_OR_BOOK,winner
0xd0ab991e4f02691dae33d4c96f4c3d8c01188d1904df0a165aa528bc942a0aed,Paris,2026-04-05,2026-04-04T22:45:31+00:00,UNRECORDED,62.2,63.0,station path (audit only),57.4,MISSING,0,,,MISSING,UNTESTABLE_NO_CAUSAL_FORECAST_OR_BOOK,winner
0xb16e3edf8bd723a7a30220c1ae54bf3a242ec33ce9c9782c2b598dae563fe702,Shanghai,2026-04-05,2026-04-04T22:53:13+00:00,UNRECORDED,80.2,81.0,station path (audit only),72.2,MISSING,0,,,MISSING,UNTESTABLE_NO_CAUSAL_FORECAST_OR_BOOK,winner
0x0bd73def4b7f879f0f0775191d79d2cf8daea5c8bda71e8d7014fc7547ee6cf0,Shanghai,2026-04-05,2026-04-05T03:23:27+00:00,UNRECORDED,78.4,79.2,station path (audit only),72.2,MISSING,0,,,MISSING,UNTESTABLE_NO_CAUSAL_FORECAST_OR_BOOK,winner
0xe2bcebbc5e03e7a1525012268f161adc1a8cff6d8b4bb47ce336f59387a38e38,Toronto,2026-04-05,2026-04-05T04:01:29+00:00,UNRECORDED,51.4,52.2,station path (audit only),45.7,MISSING,0,,,MISSING,UNTESTABLE_NO_CAUSAL_FORECAST_OR_BOOK,winner
0x3868b2cc42a1edca25cd44ab0c770bbe956ea25a5201a827bdca61d46082031b,Toronto,2026-04-05,2026-04-05T04:00:43+00:00,UNRECORDED,53.2,,station path (audit only),45.7,MISSING,0,,,MISSING,UNTESTABLE_NO_CAUSAL_FORECAST_OR_BOOK,winner
0x3f126e00b4dd068a30c9f3f6227d89a7bcd57208322d74dd4ddaa4b3d940de64,Warsaw,2026-04-05,2026-04-05T04:28:03+00:00,UNRECORDED,71.2,,station path (audit only),65.2,MISSING,0,,,MISSING,UNTESTABLE_NO_CAUSAL_FORECAST_OR_BOOK,winner
0xe49d858182bcdd3984ae24bf978dee912c75a207e1601ceff0171f28d5490a77,Amsterdam,2026-04-06,2026-04-06T01:23:15+00:00,UNRECORDED,58.6,59.4,station path (audit only),53.4,MISSING,0,,,MISSING,UNTESTABLE_NO_CAUSAL_FORECAST_OR_BOOK,winner
0x2b90eb369790698fc0f4de47f89120945eea836d794b99792ebc335da1127054,Chicago,2026-04-06,2026-04-06T09:22:23+00:00,UNRECORDED,54.0,55.0,station path (audit only),44.3,MISSING,0,,,MISSING,UNTESTABLE_NO_CAUSAL_FORECAST_OR_BOOK,winner
0xe7b12774fd4b637c5ca98857cda52656a9baebf052095f08b136ea9597e3510f,Chicago,2026-04-06,2026-04-06T05:00:49+00:00,UNRECORDED,52.0,53.0,station path (audit only),44.3,MISSING,0,,,MISSING,UNTESTABLE_NO_CAUSAL_FORECAST_OR_BOOK,winner
0x226e78d6556d46148de8bae70e433b9eba3c76e9dd13c751f6935abab1d1c7c7,Dallas,2026-04-06,2026-04-06T05:08:49+00:00,UNRECORDED,76.0,77.0,station path (audit only),70.9,MISSING,0,,,MISSING,UNTESTABLE_NO_CAUSAL_FORECAST_OR_BOOK,winner
0x5023ed434bf11d6ab06782e6636d89a9498b83db5a1ca0a6dccba9e542b6cc80,Jakarta,2026-04-06,2026-04-06T01:19:59+00:00,UNRECORDED,92.8,93.6,station path (audit only),88.3,MISSING,0,,,MISSING,UNTESTABLE_NO_CAUSAL_FORECAST_OR_BOOK,winner
0x3b21c07a9e1364ea804f402b7b6316dbeb3bdf5f694fb5647b178425ebb94478,Jakarta,2026-04-06,2026-04-06T05:31:03+00:00,UNRECORDED,96.4,,station path (audit only),88.3,MISSING,0,,,MISSING,UNTESTABLE_NO_CAUSAL_FORECAST_OR_BOOK,winner
0xc0cbfbc9a3509fece710ae31e74b6862a4267a4c8b9f235f9a5f17c2ecc34a53,Jakarta,2026-04-06,2026-04-06T03:10:03+00:00,UNRECORDED,94.6,95.4,station path (audit only),88.3,MISSING,0,,,MISSING,UNTESTABLE_NO_CAUSAL_FORECAST_OR_BOOK,winner
0xae9a5ffc02ace4b8a7858445b67febd2e74e445da37ddb4b3a1286378fff6819,Kuala Lumpur,2026-04-06,2026-04-05T21:10:03+00:00,UNRECORDED,94.6,95.4,station path (audit only),90.1,MISSING,0,,,MISSING,UNTESTABLE_NO_CAUSAL_FORECAST_OR_BOOK,winner
0x468b79c1394cc3a7866b3e36d18c743a375587c3073396b3c133c35332663469,Los Angeles,2026-04-06,2026-04-06T08:32:47+00:00,UNRECORDED,74.0,75.0,station path (audit only),67.6,MISSING,25,,2026-04-06 10:53,MISSING,UNTESTABLE_NO_CAUSAL_FORECAST_OR_BOOK,winner
0x23317f0867e83fd5ed4b68f0db13291102d2846ba3b2a42a7e6b500eab6bc383,Los Angeles,2026-04-06,2026-04-06T10:26:27+00:00,UNRECORDED,78.0,,station path (audit only),67.6,MISSING,21,,,MISSING,UNTESTABLE_NO_CAUSAL_FORECAST_OR_BOOK,winner
0x9d45fb30f3fdd6e1291464dffae28953f9935f61f38a710031dd66840a5e3cd3,Mexico City,2026-04-06,2026-04-06T09:05:55+00:00,UNRECORDED,78.4,79.2,station path (audit only),72.0,MISSING,0,,,MISSING,UNTESTABLE_NO_CAUSAL_FORECAST_OR_BOOK,winner
0x11925a8a33f9d00440ae4a466cdd0cfdf2c20e7d2a62c455a78c48b4210c9dba,Mexico City,2026-04-06,2026-04-06T07:27:23+00:00,UNRECORDED,76.6,77.4,station path (audit only),72.0,MISSING,0,,,MISSING,UNTESTABLE_NO_CAUSAL_FORECAST_OR_BOOK,winner
0xa9e323317a1d41c9292e184f0e231a5fb928935bfc2d09cdcab40781b8a15802,Moscow,2026-04-06,2026-04-05T23:08:59+00:00,UNRECORDED,49.6,50.4,station path (audit only),44.9,MISSING,0,,,MISSING,UNTESTABLE_NO_CAUSAL_FORECAST_OR_BOOK,winner
0xc8fae2031bbc88af9b5a89bf50f88cc945c81a15004c403d92e1bfbb6b9f2506,Moscow,2026-04-06,2026-04-05T23:09:01+00:00,UNRECORDED,51.4,52.2,station path (audit only),44.9,MISSING,0,,,MISSING,UNTESTABLE_NO_CAUSAL_FORECAST_OR_BOOK,winner
0x212ce133e2c8b7f13357158bd5f11a3fb5b99df330ad4b9ee583a4dca6fc9d9e,Paris,2026-04-06,2026-04-06T03:08:07+00:00,UNRECORDED,67.6,68.4,station path (audit only),62.0,MISSING,0,,,MISSING,UNTESTABLE_NO_CAUSAL_FORECAST_OR_BOOK,winner
0x6d7ad68a0536672a34ca70de755f0704dc7a2ff9dad94837f4cc7e9acec1cb2a,Seattle,2026-04-06,2026-04-06T11:21:13+00:00,UNRECORDED,72.0,73.0,station path (audit only),65.3,MISSING,0,,,MISSING,UNTESTABLE_NO_CAUSAL_FORECAST_OR_BOOK,winner
0xffcae609f4a318631485b9343f12e3f746865e7b780239febccafe2562c3eb28,Shanghai,2026-04-06,2026-04-05T20:16:01+00:00,UNRECORDED,71.2,72.0,station path (audit only),66.6,MISSING,39,2026-04-06 09:30,2026-04-06 10:00,MISSING,UNTESTABLE_NO_CAUSAL_FORECAST_OR_BOOK,winner
0xb47da574d8ecabd26d63e49314cbbf5c3413379461fb6d2388743dfb1e9908fc,Shanghai,2026-04-06,2026-04-06T01:49:09+00:00,UNRECORDED,73.0,73.8,station path (audit only),66.6,MISSING,28,2026-04-06 10:00,2026-04-06 11:00,MISSING,UNTESTABLE_NO_CAUSAL_FORECAST_OR_BOOK,winner
0x0e26527700656ed76e0019597869ef36b505b4b5016ee1db0471786e4635811a,Shanghai,2026-04-06,2026-04-06T04:00:19+00:00,UNRECORDED,76.6,77.4,station path (audit only),66.6,MISSING,23,,2026-04-06 12:30,MISSING,UNTESTABLE_NO_CAUSAL_FORECAST_OR_BOOK,winner
0x5aa045e49cd52cbe18a3de8916854ff1b88eaed7ea87d7d7fd3c9dd14682f87c,Shanghai,2026-04-06,2026-04-06T03:28:05+00:00,UNRECORDED,74.8,75.6,station path (audit only),66.6,MISSING,25,,2026-04-06 11:30,MISSING,UNTESTABLE_NO_CAUSAL_FORECAST_OR_BOOK,winner
0x95e7c17e6b55b55856445a3a0e999966076d3adbdeca80392db18ff65607009e,Shanghai,2026-04-06,2026-04-06T03:56:53+00:00,UNRECORDED,80.2,,station path (audit only),66.6,MISSING,24,,,MISSING,UNTESTABLE_NO_CAUSAL_FORECAST_OR_BOOK,winner
0xc7af485895a8621069f2c60845c9533675b02af04df9de0b5dad3c19b6c72899,Shanghai,2026-04-06,2026-04-05T20:04:19+00:00,UNRECORDED,78.4,79.2,station path (audit only),66.6,MISSING,39,2026-04-06 12:30,2026-04-06 13:00,MISSING,UNTESTABLE_NO_CAUSAL_FORECAST_OR_BOOK,winner
0x6b5efa8ca53fa018ee33b40f1267e2fbaf084a9002e34b689f33b0b5262414cc,Singapore,2026-04-06,2026-04-06T06:16:05+00:00,UNRECORDED,94.6,,station path (audit only),90.1,MISSING,0,,,MISSING,UNTESTABLE_NO_CAUSAL_FORECAST_OR_BOOK,winner
0x21f5ea937d09d192b5dfd0277cfd9a4054069007eba073e1ef8a7e00f357c156,Warsaw,2026-04-06,2026-04-06T10:56:03+00:00,UNRECORDED,53.2,54.0,station path (audit only),48.7,MISSING,0,,,MISSING,UNTESTABLE_NO_CAUSAL_FORECAST_OR_BOOK,winner
0x714c4c9af17023f49b19d325fd50cddbba08eecb9fce2b799f9230f788797f28,Warsaw,2026-04-06,2026-04-05T22:01:03+00:00,UNRECORDED,55.0,55.8,station path (audit only),48.7,MISSING,0,,,MISSING,UNTESTABLE_NO_CAUSAL_FORECAST_OR_BOOK,winner
0x50a801e3ad973e1d981954204bafe2edd3cd8179440ce49d1fa26532b3640276,Wellington,2026-04-06,2026-04-05T22:55:49+00:00,UNRECORDED,73.0,,station path (audit only),66.7,MISSING,0,,,MISSING,UNTESTABLE_NO_CAUSAL_FORECAST_OR_BOOK,winner
0xbe9ba283b66254661e53e3a6ed740f1deaed84a46b647b580fc810c1e0f1336d,Austin,2026-04-07,2026-04-07T07:51:09+00:00,UNRECORDED,80.0,81.0,station path (audit only),75.0,MISSING,0,,,MISSING,UNTESTABLE_NO_CAUSAL_FORECAST_OR_BOOK,winner
0x04cf21337a8f81b187341e66a21192d762ec0424d9243190de9cab9291f63b02,Busan,2026-04-07,2026-04-07T01:00:27+00:00,UNRECORDED,64.0,64.8,station path (audit only),57.6,MISSING,0,,,MISSING,UNTESTABLE_NO_CAUSAL_FORECAST_OR_BOOK,winner
0x94cd5b7888cecdfb423aea2faec8618589a40b922667a14f518dfc8346af42eb,Busan,2026-04-07,2026-04-06T20:46:05+00:00,UNRECORDED,62.2,63.0,station path (audit only),57.6,MISSING,0,,,MISSING,UNTESTABLE_NO_CAUSAL_FORECAST_OR_BOOK,winner
0x930683904a89f8e64ccec126e3225f7b240c82451b51797a5745fc47cc002189,Busan,2026-04-07,2026-04-07T05:04:59+00:00,UNRECORDED,67.6,,station path (audit only),57.6,MISSING,0,,,MISSING,UNTESTABLE_NO_CAUSAL_FORECAST_OR_BOOK,winner
0x00ce0c28871bc8e39c7b85a970eef1fe3cd5e1eae4652adc0cb3ad2599795fb8,Chicago,2026-04-07,2026-04-07T05:40:55+00:00,UNRECORDED,42.0,43.0,station path (audit only),36.8,MISSING,0,,,MISSING,UNTESTABLE_NO_CAUSAL_FORECAST_OR_BOOK,winner
0x1e8b4179f82635e94afdee765fee463adc7aef7b4f804fd6abd2fa30ea95656b,Jakarta,2026-04-07,2026-04-07T00:32:11+00:00,UNRECORDED,92.8,93.6,station path (audit only),88.3,MISSING,0,,,MISSING,UNTESTABLE_NO_CAUSAL_FORECAST_OR_BOOK,winner
0x3d0622a694f928f3413c90f24453b73b2978ba33f4d508ca5fed1fccaaa3fb22,Kuala Lumpur,2026-04-07,2026-04-07T01:49:49+00:00,UNRECORDED,94.6,95.4,station path (audit only),89.8,MISSING,0,,,MISSING,UNTESTABLE_NO_CAUSAL_FORECAST_OR_BOOK,winner
0x7b9036c3cc6efd9963bd6cb5ea7869d14aec50775b95576e83fd7095155c81c7,Kuala Lumpur,2026-04-07,2026-04-07T08:08:25+00:00,UNRECORDED,96.4,,station path (audit only),89.8,MISSING,0,,,MISSING,UNTESTABLE_NO_CAUSAL_FORECAST_OR_BOOK,winner
0xe630d008d796ccd7e7906e3ac95e284570bd8a737f2e9948834ffb100f20ffc2,London,2026-04-07,2026-04-07T03:46:43+00:00,UNRECORDED,71.2,72.0,station path (audit only),65.9,MISSING,0,,,MISSING,UNTESTABLE_NO_CAUSAL_FORECAST_OR_BOOK,winner
0x8a12dfac5ab9cad8ce16826088bf1bf4c6a95f8422f6615f8a1a9b15016778c0,Los Angeles,2026-04-07,2026-04-07T10:58:21+00:00,UNRECORDED,78.0,79.0,station path (audit only),72.1,MISSING,0,,,MISSING,UNTESTABLE_NO_CAUSAL_FORECAST_OR_BOOK,winner
0x16b42b21236cc60233cd704ddd9b789597c9317184bd6256ed3e8684d62494bd,Mexico City,2026-04-07,2026-04-07T09:12:25+00:00,UNRECORDED,80.2,81.0,station path (audit only),72.7,MISSING,0,,,MISSING,UNTESTABLE_NO_CAUSAL_FORECAST_OR_BOOK,winner
0x3eab8e6d95d931544b486888fc646434e8ac120b72d2ea70a3ab95be02344031,Miami,2026-04-07,2026-04-07T07:07:53+00:00,UNRECORDED,86.0,87.0,station path (audit only),76.4,MISSING,0,,,MISSING,UNTESTABLE_NO_CAUSAL_FORECAST_OR_BOOK,winner
0x92009078fe6bcbeb53d6d8f780bda072597e53cc4b77d853ad689760b73e06b0,Miami,2026-04-07,2026-04-07T07:05:47+00:00,UNRECORDED,84.0,85.0,station path (audit only),76.4,MISSING,0,,,MISSING,UNTESTABLE_NO_CAUSAL_FORECAST_OR_BOOK,winner
0x4ffa228e58ecc8246077d6ef7f6932de2bd4f7a7ec6b2d7b24f6cbd74d9df41b,Paris,2026-04-07,2026-04-06T22:58:07+00:00,UNRECORDED,80.2,81.0,station path (audit only),73.1,MISSING,0,,,MISSING,UNTESTABLE_NO_CAUSAL_FORECAST_OR_BOOK,winner
0xd3a353f795c7b4318355ff76a632d89d5788b4e1b0415b584e2c93023b6a2df0,Paris,2026-04-07,2026-04-06T22:58:01+00:00,UNRECORDED,78.4,79.2,station path (audit only),73.1,MISSING,0,,,MISSING,UNTESTABLE_NO_CAUSAL_FORECAST_OR_BOOK,winner
0x4feb61c740d6bf4a599a39ad90dad91db58176824c4fe788931add7894aceb18,Seattle,2026-04-07,2026-04-07T09:02:53+00:00,UNRECORDED,60.0,61.0,station path (audit only),53.4,MISSING,0,,,MISSING,UNTESTABLE_NO_CAUSAL_FORECAST_OR_BOOK,winner
0xd87e5f57e5deec0c89a57bb0d983fef5678ba8b265686d1fb5a6a303702f77c9,Seattle,2026-04-07,2026-04-07T08:09:13+00:00,UNRECORDED,58.0,59.0,station path (audit only),53.4,MISSING,0,,,MISSING,UNTESTABLE_NO_CAUSAL_FORECAST_OR_BOOK,winner
0xf8f688bb775abc92d1ecf0da0fcb455b696da2a290ddfdfad6d5d2298cffb34a,Shanghai,2026-04-07,2026-04-07T00:50:51+00:00,UNRECORDED,65.8,66.6,station path (audit only),57.6,MISSING,0,,,MISSING,UNTESTABLE_NO_CAUSAL_FORECAST_OR_BOOK,winner
0xe50490a298652ac88a7153e252084f41aa62ddcf996ca0c21e3d97477ba23425,Shanghai,2026-04-07,2026-04-06T21:09:19+00:00,UNRECORDED,67.6,,station path (audit only),57.6,MISSING,0,,,MISSING,UNTESTABLE_NO_CAUSAL_FORECAST_OR_BOOK,winner
0xf2066c41adc4b04b5162a1744f051e55fe3130ff3d86df8a936f7ec97736d8fa,Shanghai,2026-04-07,2026-04-07T05:57:15+00:00,UNRECORDED,64.0,64.8,station path (audit only),57.6,MISSING,0,,,MISSING,UNTESTABLE_NO_CAUSAL_FORECAST_OR_BOOK,winner
0x7071ff4c2023edb17476decf0b38b4be72b8eaae3a0d5e66de4a8a650ccec4f3,Singapore,2026-04-07,2026-04-06T20:00:27+00:00,UNRECORDED,92.8,,station path (audit only),87.9,MISSING,0,,,MISSING,UNTESTABLE_NO_CAUSAL_FORECAST_OR_BOOK,winner
0xce29f49854e98f45af49a05f2185080c01b06824eba6d149c9f89edceabfa32a,Tokyo,2026-04-07,2026-04-07T02:09:05+00:00,UNRECORDED,71.2,72.0,station path (audit only),62.4,MISSING,0,,,MISSING,UNTESTABLE_NO_CAUSAL_FORECAST_OR_BOOK,winner
0x517d6f6be5c37e6355006c4e869859b1ae5f4633971add7b12f89c2b2fc7f735,Tokyo,2026-04-07,2026-04-07T01:50:39+00:00,UNRECORDED,67.6,68.4,station path (audit only),62.4,MISSING,0,,,MISSING,UNTESTABLE_NO_CAUSAL_FORECAST_OR_BOOK,winner
0xd84f457b4b99d34d34677d7854e7fbb6a7e3794cbbfb7701e87b04ea1b038561,Toronto,2026-04-07,2026-04-07T05:18:05+00:00,UNRECORDED,42.4,,station path (audit only),33.3,MISSING,0,,,MISSING,UNTESTABLE_NO_CAUSAL_FORECAST_OR_BOOK,winner
0xa2f46406ee67760d5acef6df862bd56898cb5875c9de9bca55d1a168d42f976a,Warsaw,2026-04-07,2026-04-06T23:16:13+00:00,UNRECORDED,53.2,54.0,station path (audit only),47.5,MISSING,0,,,MISSING,UNTESTABLE_NO_CAUSAL_FORECAST_OR_BOOK,winner
0x8c40c033ace8f8a63e2fc3c8498ad1ab0371811f344ff44907621c52584d108f,Austin,2026-04-08,2026-04-08T05:26:49+00:00,UNRECORDED,84.0,,station path (audit only),79.5,MISSING,0,,,MISSING,UNTESTABLE_NO_CAUSAL_FORECAST_OR_BOOK,winner
0x7a8d85bbfd403a6ea8e74ee3ecfe2b4d5561dfcc463f00d36b8cae0280787a83,Busan,2026-04-08,2026-04-08T00:59:19+00:00,UNRECORDED,64.0,64.8,station path (audit only),58.2,MISSING,0,,,MISSING,UNTESTABLE_NO_CAUSAL_FORECAST_OR_BOOK,winner
0x12d8e33042d3e770a108cf8fc3779061344e81bb635a6717132641fcf2fbee06,Busan,2026-04-08,2026-04-08T02:45:59+00:00,UNRECORDED,67.6,68.4,station path (audit only),58.2,MISSING,0,,,MISSING,UNTESTABLE_NO_CAUSAL_FORECAST_OR_BOOK,winner
0x249a37a0f571cfdde99a91ffe2446bb58c4cfc2b6705b319f63d2967e9ef5c0d,Busan,2026-04-08,2026-04-08T02:07:33+00:00,UNRECORDED,65.8,66.6,station path (audit only),58.2,MISSING,0,,,MISSING,UNTESTABLE_NO_CAUSAL_FORECAST_OR_BOOK,winner
0x7b8c74e94f6fe9f6cdb6251f06b0d9c6cf48fd1772f96046bd3b46f5f353e3b2,Istanbul,2026-04-08,2026-04-08T07:21:17+00:00,UNRECORDED,64.0,64.8,station path (audit only),59.4,MISSING,0,,,MISSING,UNTESTABLE_NO_CAUSAL_FORECAST_OR_BOOK,winner
0x27c6f68a035d66bd4c99c5e4394fe5649fcfc8dfbb68a23c0f87df48ef8c37a2,Istanbul,2026-04-08,2026-04-08T07:38:33+00:00,UNRECORDED,65.8,,station path (audit only),59.4,MISSING,0,,,MISSING,UNTESTABLE_NO_CAUSAL_FORECAST_OR_BOOK,winner
0x1ff6bb8bb7880754fcd84f94c556f80543b2866a3d1c85687a92da22868c03ce,Jakarta,2026-04-08,2026-04-08T05:51:55+00:00,UNRECORDED,96.4,,station path (audit only),90.7,MISSING,0,,,MISSING,UNTESTABLE_NO_CAUSAL_FORECAST_OR_BOOK,winner
0xb1ed19c014013b0a38b2b028c84e0a29c72f275b4360b7ede54499b542df95bb,Kuala Lumpur,2026-04-08,2026-04-08T00:06:55+00:00,UNRECORDED,94.6,95.4,station path (audit only),88.8,MISSING,0,,,MISSING,UNTESTABLE_NO_CAUSAL_FORECAST_OR_BOOK,winner
0x4740fe772e634de308290537f031342e2ad8c57608711e30da3c835828ca4cf7,Kuala Lumpur,2026-04-08,2026-04-08T01:06:31+00:00,UNRECORDED,96.4,97.2,station path (audit only),88.8,MISSING,0,,,MISSING,UNTESTABLE_NO_CAUSAL_FORECAST_OR_BOOK,winner
0x18819965292ab0eb00b4d3f05bf278f1cd1b6be924915180df354f60eddb1b69,Los Angeles,2026-04-08,2026-04-08T07:02:09+00:00,UNRECORDED,76.0,,station path (audit only),69.6,MISSING,0,,,MISSING,UNTESTABLE_NO_CAUSAL_FORECAST_OR_BOOK,winner
0x7d885c67334724ff7a0dee751715abe0d8e5bcfabde2b7e2745b88256e7d8525,Miami,2026-04-08,2026-04-08T04:02:45+00:00,UNRECORDED,82.0,83.0,station path (audit only),76.9,MISSING,0,,,MISSING,UNTESTABLE_NO_CAUSAL_FORECAST_OR_BOOK,winner
0x61a29065627a1e6277b2a237828550fc94162187d0c9454a7a64632c19df495e,Paris,2026-04-08,2026-04-07T22:30:03+00:00,UNRECORDED,80.2,81.0,station path (audit only),74.7,MISSING,0,,,MISSING,UNTESTABLE_NO_CAUSAL_FORECAST_OR_BOOK,winner
0x9df658d5cd717192aebaf81c81530be23eb8304abd26de7b686147b3f5e49c21,Paris,2026-04-08,2026-04-08T10:52:59+00:00,UNRECORDED,82.0,,station path (audit only),74.7,MISSING,0,,,MISSING,UNTESTABLE_NO_CAUSAL_FORECAST_OR_BOOK,winner
0x21b363246460b7788c8c699f8714d3eda2368a52005f017d2780697775cf93d6,Seattle,2026-04-08,2026-04-08T08:18:29+00:00,UNRECORDED,64.0,,station path (audit only),58.5,MISSING,0,,,MISSING,UNTESTABLE_NO_CAUSAL_FORECAST_OR_BOOK,winner
0x6fde93b76f44f864e159cb7ba1445ba06779fc3b7a697de205170f204eedb67e,Shanghai,2026-04-08,2026-04-08T03:31:07+00:00,UNRECORDED,69.4,70.2,station path (audit only),59.8,MISSING,0,,,MISSING,UNTESTABLE_NO_CAUSAL_FORECAST_OR_BOOK,winner
0xc7b11a346835daf77ebdc38f28e3896bb53e501c7b1d77c364c80ab22a7334dd,Shanghai,2026-04-08,2026-04-07T23:56:27+00:00,UNRECORDED,67.6,68.4,station path (audit only),59.8,MISSING,0,,,MISSING,UNTESTABLE_NO_CAUSAL_FORECAST_OR_BOOK,winner
0x36abe86f0daea0fd9a6400cca14d519d445f680be94d85b22eacccf8c51a6a21,Shanghai,2026-04-08,2026-04-07T20:13:43+00:00,UNRECORDED,65.8,66.6,station path (audit only),59.8,MISSING,0,,,MISSING,UNTESTABLE_NO_CAUSAL_FORECAST_OR_BOOK,winner
0x3845207a0d66a43daf3a54bcb8526503f99d4d100ae26521c0aa36c32cc4cb5e,Tokyo,2026-04-08,2026-04-07T20:45:19+00:00,UNRECORDED,67.6,,station path (audit only),59.7,MISSING,0,,,MISSING,UNTESTABLE_NO_CAUSAL_FORECAST_OR_BOOK,winner
0x2f060086453dbb590767f40c1baffa94eaf85462533953b039f4a3a191ab149f,Tokyo,2026-04-08,2026-04-07T20:56:01+00:00,UNRECORDED,65.8,66.6,station path (audit only),59.7,MISSING,0,,,MISSING,UNTESTABLE_NO_CAUSAL_FORECAST_OR_BOOK,winner
0x79778d655b8f802b15dc9b09c034e4601db7c064dae5b890aa1799d174233714,Wellington,2026-04-08,2026-04-07T23:36:21+00:00,UNRECORDED,71.2,,station path (audit only),66.6,MISSING,0,,,MISSING,UNTESTABLE_NO_CAUSAL_FORECAST_OR_BOOK,winner
0xb40847e84d6127f76956357d2f2f7d1f3c58350358be17c1df615117570dd32f,Istanbul,2026-04-09,2026-04-09T07:16:51+00:00,UNRECORDED,60.4,61.2,station path (audit only),54.3,MISSING,0,,,MISSING,UNTESTABLE_NO_CAUSAL_FORECAST_OR_BOOK,winner
0x7aede0a150950c7549336c4fd43a5ea3a9795d1d275a74eaf76949769781c866,Istanbul,2026-04-09,2026-04-09T06:51:19+00:00,UNRECORDED,62.2,,station path (audit only),54.3,MISSING,0,,,MISSING,UNTESTABLE_NO_CAUSAL_FORECAST_OR_BOOK,winner
0x0b1528412232fbabe83e3e27a271e0ef0d811fb3535a065d24f30bc339676498,Kuala Lumpur,2026-04-09,2026-04-08T20:17:33+00:00,UNRECORDED,94.6,95.4,station path (audit only),87.4,MISSING,0,,,MISSING,UNTESTABLE_NO_CAUSAL_FORECAST_OR_BOOK,winner
0x52cb09a65c55d218e0ba22cc7e4dbeaa922e614b51c6dfc241c56da5ed13cdda,London,2026-04-09,2026-04-08T23:00:13+00:00,UNRECORDED,73.0,73.8,station path (audit only),67.1,MISSING,0,,,MISSING,UNTESTABLE_NO_CAUSAL_FORECAST_OR_BOOK,winner
0xac4699b2d8bacc2db318c9ed978bc7ac026a1e4e056927d0fd5b2a3e1d9b34bf,Tokyo,2026-04-09,2026-04-09T06:23:55+00:00,UNRECORDED,69.4,70.2,station path (audit only),64.6,MISSING,0,,,MISSING,UNTESTABLE_NO_CAUSAL_FORECAST_OR_BOOK,winner
0xc5787acb6d06c25577f4ceb8efd5d7b84f175d2aae24a8f21f194c6cbb3dd58a,Warsaw,2026-04-09,2026-04-09T00:02:01+00:00,UNRECORDED,46.0,46.8,station path (audit only),40.0,MISSING,0,,,MISSING,UNTESTABLE_NO_CAUSAL_FORECAST_OR_BOOK,winner
0xdffe7ea1a238275d7f1ac6a1af36328aa79016b4ed673af4302f3bf8296ff29a,Jeddah,2026-04-10,2026-04-10T02:39:01+00:00,UNRECORDED,91.0,,station path (audit only),84.9,MISSING,0,,,MISSING,UNTESTABLE_NO_CAUSAL_FORECAST_OR_BOOK,winner
0x588dc1119335e03b166e83769282ea2560268f2d174bf110fa3dfe2d30151329,Los Angeles,2026-04-10,2026-04-10T08:06:43+00:00,UNRECORDED,72.0,73.0,station path (audit only),66.8,MISSING,0,,,MISSING,UNTESTABLE_NO_CAUSAL_FORECAST_OR_BOOK,winner
0xd25910ba7e39156c3d8be60e3ec12d043cf04f13248e896cc1dc52ca4852fffa,Madrid,2026-04-10,2026-04-10T07:24:15+00:00,UNRECORDED,87.4,88.2,station path (audit only),82.0,MISSING,0,,,MISSING,UNTESTABLE_NO_CAUSAL_FORECAST_OR_BOOK,winner
0x36de1547b821965d7ccc5268d8efcb81e8ab805e8a3d8d39d7a459fa0acf7253,Miami,2026-04-10,2026-04-10T04:01:33+00:00,UNRECORDED,82.0,83.0,station path (audit only),77.1,MISSING,0,,,MISSING,UNTESTABLE_NO_CAUSAL_FORECAST_OR_BOOK,winner
0x8a3195b819843e1c6633f6758bcb7082d36af01eac96cc33662f071d181a58ca,Moscow,2026-04-10,2026-04-09T21:01:23+00:00,UNRECORDED,42.4,,station path (audit only),37.5,MISSING,0,,,MISSING,UNTESTABLE_NO_CAUSAL_FORECAST_OR_BOOK,winner
0x48807abc8521319472bd2792f53761fc3b1519d054da3845faa0e22279de1f37,Singapore,2026-04-10,2026-04-10T02:41:21+00:00,UNRECORDED,92.8,93.6,station path (audit only),83.2,MISSING,0,,,MISSING,UNTESTABLE_NO_CAUSAL_FORECAST_OR_BOOK,winner
0xcc600e67a0b2dc1b1d0ee90ab2056af7270e880817f3ba4eab5d371fed581d0a,Singapore,2026-04-10,2026-04-09T23:18:19+00:00,UNRECORDED,91.0,91.8,station path (audit only),83.2,MISSING,0,,,MISSING,UNTESTABLE_NO_CAUSAL_FORECAST_OR_BOOK,winner
0xd33f6ccd823c920548e36a11526c1b464371078e68d6c974c863ec6b88142acf,Tokyo,2026-04-10,2026-04-09T23:22:37+00:00,UNRECORDED,71.2,,station path (audit only),66.6,MISSING,0,,,MISSING,UNTESTABLE_NO_CAUSAL_FORECAST_OR_BOOK,winner
0xc3cefd6a0b628f288ae1485614c346852e08754352ecdb02765d4a6121c64fdd,Toronto,2026-04-10,2026-04-10T09:56:13+00:00,UNRECORDED,53.2,54.0,station path (audit only),41.9,MISSING,0,,,MISSING,UNTESTABLE_NO_CAUSAL_FORECAST_OR_BOOK,winner
0x0289df2f96f16fdd5c5df959a5e78e2c047125b88c8afd87c7d796004ef0aae2,Toronto,2026-04-10,2026-04-10T06:18:55+00:00,UNRECORDED,49.6,50.4,station path (audit only),41.9,MISSING,0,,,MISSING,UNTESTABLE_NO_CAUSAL_FORECAST_OR_BOOK,winner
0xb550edd6a1135189970e960dbbf156935899a56c86ee6ddfe86bcac23aa1166b,Toronto,2026-04-10,2026-04-10T08:04:49+00:00,UNRECORDED,51.4,52.2,station path (audit only),41.9,MISSING,0,,,MISSING,UNTESTABLE_NO_CAUSAL_FORECAST_OR_BOOK,winner
0xe7b178822367bb6af7cfb4237ebf1a98a867e6cc28b96b5103be7a62048cbc06,Wellington,2026-04-10,2026-04-09T20:09:57+00:00,UNRECORDED,67.6,68.4,station path (audit only),61.8,MISSING,0,,,MISSING,UNTESTABLE_NO_CAUSAL_FORECAST_OR_BOOK,winner
0x93e1ac3f5a058f6f2bde5a41b943ef0011eb0cc9cf70f551edcbac7e18024446,Jeddah,2026-04-11,2026-04-11T10:00:37+00:00,UNRECORDED,91.0,91.8,station path (audit only),86.1,MISSING,0,,,MISSING,UNTESTABLE_NO_CAUSAL_FORECAST_OR_BOOK,winner
0xdfd1003f0d11202b30335b4608f129697f5e5eeb536d01d158c923f4aae214a7,Paris,2026-04-11,2026-04-10T22:08:15+00:00,UNRECORDED,65.8,66.6,station path (audit only),58.0,MISSING,0,,,MISSING,UNTESTABLE_NO_CAUSAL_FORECAST_OR_BOOK,winner
0x06d508163ac6ca0e7689d42b73b3a443e6d323fdce74f732e2d4a3dfa42babaf,Singapore,2026-04-11,2026-04-11T02:46:11+00:00,UNRECORDED,92.8,93.6,station path (audit only),86.0,MISSING,0,,,MISSING,UNTESTABLE_NO_CAUSAL_FORECAST_OR_BOOK,winner
0xc828e81f51512072d39c3653132d7c24ba981df50f3411faab9ddfa3aa2dce52,Singapore,2026-04-11,2026-04-11T05:08:09+00:00,UNRECORDED,91.0,91.8,station path (audit only),86.0,MISSING,0,,,MISSING,UNTESTABLE_NO_CAUSAL_FORECAST_OR_BOOK,winner
0xc3eb2bc852215729be1dccbc5260c494ccc5946c21c7589aade713263d3070f7,Tokyo,2026-04-11,2026-04-11T04:38:35+00:00,UNRECORDED,78.4,,station path (audit only),72.2,MISSING,0,,,MISSING,UNTESTABLE_NO_CAUSAL_FORECAST_OR_BOOK,winner
0x9078622a34c3f6df8b643689fe603c7e0fea62085a18e7f20614002fc56c82f5,Toronto,2026-04-11,2026-04-11T04:07:27+00:00,UNRECORDED,53.2,54.0,station path (audit only),45.5,MISSING,0,,,MISSING,UNTESTABLE_NO_CAUSAL_FORECAST_OR_BOOK,winner
0xa879da481f73d56b7608084802cb92885b03fd1266c7cd11d67f936adc8c069b,Busan,2026-04-12,2026-04-12T01:56:49+00:00,UNRECORDED,76.6,77.4,station path (audit only),68.7,MISSING,0,,,MISSING,UNTESTABLE_NO_CAUSAL_FORECAST_OR_BOOK,winner
0x4002ddcc035eef4f877be9b1c0f4f8299577684ec1b1dbba4229fbe9e1b310e2,Jakarta,2026-04-12,2026-04-12T04:12:39+00:00,UNRECORDED,96.4,97.2,station path (audit only),90.2,MISSING,0,,,MISSING,UNTESTABLE_NO_CAUSAL_FORECAST_OR_BOOK,winner
0x34e9a7a5b2469543ed2d84a1ca1b2e0a724db186ae893de4321f704944717444,Jeddah,2026-04-12,2026-04-12T08:23:29+00:00,UNRECORDED,91.0,91.8,station path (audit only),85.3,MISSING,0,,,MISSING,UNTESTABLE_NO_CAUSAL_FORECAST_OR_BOOK,winner
0x32ecdbcc8f4e54b6941d2595eb2f90e896bae3cc0e90a62578cb3c8931832960,Madrid,2026-04-12,2026-04-11T22:04:31+00:00,UNRECORDED,64.0,64.8,station path (audit only),57.9,MISSING,0,,,MISSING,UNTESTABLE_NO_CAUSAL_FORECAST_OR_BOOK,winner
0x8298d1dba701a88684e47f2aa3d3345c5868a07c48445f2007db61794a95ad7b,Singapore,2026-04-12,2026-04-11T20:32:37+00:00,UNRECORDED,91.0,91.8,station path (audit only),84.7,MISSING,0,,,MISSING,UNTESTABLE_NO_CAUSAL_FORECAST_OR_BOOK,winner
0xa091fa2ffc4e99072ad0b5be91d066977ce4ccf65b3b3d015f2c0853f5402b35,Singapore,2026-04-12,2026-04-12T03:20:53+00:00,UNRECORDED,89.2,90.0,station path (audit only),84.7,MISSING,0,,,MISSING,UNTESTABLE_NO_CAUSAL_FORECAST_OR_BOOK,winner
0xff750dfb94f0732c58933496949814a7cea5e9b250fbd85ddcdec8758b378156,Tokyo,2026-04-12,2026-04-12T03:52:33+00:00,UNRECORDED,73.0,,station path (audit only),66.9,MISSING,0,,,MISSING,UNTESTABLE_NO_CAUSAL_FORECAST_OR_BOOK,winner
0xce5ccb21e8ee42b997ed7f60ac230acb09fa85b2f75af8324772576a4cdd0a7f,Toronto,2026-04-12,2026-04-12T06:19:49+00:00,UNRECORDED,51.4,52.2,station path (audit only),46.6,MISSING,29,,,MISSING,UNTESTABLE_NO_CAUSAL_FORECAST_OR_BOOK,loser
0xee486ce16bf39cc1bc376471975e85d27d9bc9e82ce69ad8e2a738d8f6e64349,Toronto,2026-04-12,2026-04-12T04:19:07+00:00,UNRECORDED,53.2,54.0,station path (audit only),46.6,MISSING,31,,,MISSING,UNTESTABLE_NO_CAUSAL_FORECAST_OR_BOOK,winner
0x486fd14104620191c1194722b667b21b622b57d8d05dab1f73d27b67365ba4ee,Jakarta,2026-04-13,2026-04-13T06:43:27+00:00,UNRECORDED,94.6,95.4,station path (audit only),87.8,MISSING,0,,,MISSING,UNTESTABLE_NO_CAUSAL_FORECAST_OR_BOOK,winner
0xeae4f57c62ab39345f259183a3b5668029b520a2371e4dda3534f5ee026b5b16,Jakarta,2026-04-13,2026-04-13T02:23:13+00:00,UNRECORDED,96.4,97.2,station path (audit only),87.8,MISSING,0,,,MISSING,UNTESTABLE_NO_CAUSAL_FORECAST_OR_BOOK,winner
0x8c8be3072c408af84b341ca87c247d705bf467e9d6075daf99bf808bc933ad5c,London,2026-04-13,2026-04-13T07:41:27+00:00,UNRECORDED,58.6,59.4,station path (audit only),53.4,MISSING,0,,,MISSING,UNTESTABLE_NO_CAUSAL_FORECAST_OR_BOOK,winner
0x8f1b745553fd91ce21f922036ee52f0951abf87958c392ef67795c3df4695586,London,2026-04-13,2026-04-13T04:29:25+00:00,UNRECORDED,60.4,,station path (audit only),53.4,MISSING,0,,,MISSING,UNTESTABLE_NO_CAUSAL_FORECAST_OR_BOOK,winner
0x93c792ae12e6419402898119d4add57836a3aa7720132bd38d38250594e4377e,Los Angeles,2026-04-13,2026-04-13T07:00:25+00:00,UNRECORDED,68.0,69.0,station path (audit only),63.3,MISSING,0,,,MISSING,UNTESTABLE_NO_CAUSAL_FORECAST_OR_BOOK,winner
0x8e3b02bc7760fe1439c78f9efcbd13d0ea8de0c73a370994c91d7700c8aaed96,Paris,2026-04-13,2026-04-13T11:31:01+00:00,UNRECORDED,60.4,61.2,station path (audit only),55.5,MISSING,0,,,MISSING,UNTESTABLE_NO_CAUSAL_FORECAST_OR_BOOK,winner
0x027d0a5755ace512642997fb14cf36227c2ab785a2f4d80cb7a43d09abc50b18,Shanghai,2026-04-13,2026-04-12T20:01:45+00:00,UNRECORDED,67.6,,station path (audit only),63.0,MISSING,0,,,MISSING,UNTESTABLE_NO_CAUSAL_FORECAST_OR_BOOK,winner
0xbf47a66fa8f92bbfb4c1fb533b0b4542f2c08c23ba7e0ad78a6488c06697ae6e,Singapore,2026-04-13,2026-04-13T06:31:05+00:00,UNRECORDED,91.0,91.8,station path (audit only),86.1,MISSING,0,,,MISSING,UNTESTABLE_NO_CAUSAL_FORECAST_OR_BOOK,winner
0x8921330852066327925fecd84fc718fcc759f4b3dde4c470433d1f96cda70dfa,Singapore,2026-04-13,2026-04-13T06:31:13+00:00,UNRECORDED,94.6,,station path (audit only),86.1,MISSING,0,,,MISSING,UNTESTABLE_NO_CAUSAL_FORECAST_OR_BOOK,winner
0xffa75908e2d14f82eb2683ea37b26ff88ea9f6a49209f60523126553525a466e,Singapore,2026-04-13,2026-04-12T20:03:41+00:00,UNRECORDED,92.8,93.6,station path (audit only),86.1,MISSING,0,,,MISSING,UNTESTABLE_NO_CAUSAL_FORECAST_OR_BOOK,winner
0xacbde5e1cd0db9cb706332d3fe7d2306ed70bd68463301ec8e4e9ead77a3808e,Toronto,2026-04-13,2026-04-13T04:00:15+00:00,UNRECORDED,73.0,73.8,station path (audit only),65.8,MISSING,0,,,MISSING,UNTESTABLE_NO_CAUSAL_FORECAST_OR_BOOK,winner
0x33eba0dfc25d28cb9b4296609c14c3b7d997239f73b8d58f7f8bfb7e1dd179cb,Wellington,2026-04-13,2026-04-12T22:32:07+00:00,UNRECORDED,71.2,,station path (audit only),64.5,MISSING,0,,,MISSING,UNTESTABLE_NO_CAUSAL_FORECAST_OR_BOOK,winner
0xff78719c15e205050f1a31b45381d005dc13348c78417bef2766541897f103be,Wellington,2026-04-13,2026-04-12T20:00:07+00:00,UNRECORDED,69.4,70.2,station path (audit only),64.5,MISSING,0,,,MISSING,UNTESTABLE_NO_CAUSAL_FORECAST_OR_BOOK,winner
0x6623aec4262e5989ead8bd8dc65d9c4adb7059b3174dd4608abac398f55857ed,Busan,2026-04-14,2026-04-14T00:48:23+00:00,UNRECORDED,71.2,72.0,station path (audit only),59.0,MISSING,18,,,MISSING,UNTESTABLE_NO_CAUSAL_FORECAST_OR_BOOK,winner
0xc88fb895fb64aacaa1a3d53c31a5eb19bbd5ba45686c58c1ba424af18be6f2b8,Busan,2026-04-14,2026-04-14T01:50:51+00:00,UNRECORDED,64.0,64.8,station path (audit only),59.0,MISSING,17,,2026-04-14 11:00,MISSING,UNTESTABLE_NO_CAUSAL_FORECAST_OR_BOOK,loser
0x8c9395aa9c791ce29ac3ff2d158edf70a7daf9e248299d5b0f67e72858d8ecfe,Busan,2026-04-14,2026-04-13T21:22:53+00:00,UNRECORDED,67.6,68.4,station path (audit only),59.0,MISSING,21,,,MISSING,UNTESTABLE_NO_CAUSAL_FORECAST_OR_BOOK,winner
0x1b05e520e935e7b640a2d0b325f5cfa9cc5e32ca3a10f8cc4ca0b0aa45ecbe01,Busan,2026-04-14,2026-04-13T23:12:47+00:00,UNRECORDED,69.4,70.2,station path (audit only),59.0,MISSING,19,,,MISSING,UNTESTABLE_NO_CAUSAL_FORECAST_OR_BOOK,winner
0xe92686028324aacd117549518c2286cf9acd7c8d3545f238d799067dff52f922,Jakarta,2026-04-14,2026-04-14T03:06:05+00:00,UNRECORDED,94.6,95.4,station path (audit only),87.9,MISSING,0,,,MISSING,UNTESTABLE_NO_CAUSAL_FORECAST_OR_BOOK,winner
0xe07c28205315bee4904782038f040838f2abda8aa2633600c8c2f8927951e8db,Jakarta,2026-04-14,2026-04-14T07:30:29+00:00,UNRECORDED,92.8,93.6,station path (audit only),87.9,MISSING,0,,,MISSING,UNTESTABLE_NO_CAUSAL_FORECAST_OR_BOOK,winner
0xe42e809d14e46b99a3e8e2643cb5b1059ef5a5b8d618372515a881091972e735,Kuala Lumpur,2026-04-14,2026-04-13T20:22:43+00:00,UNRECORDED,92.8,93.6,station path (audit only),87.8,MISSING,0,,,MISSING,UNTESTABLE_NO_CAUSAL_FORECAST_OR_BOOK,winner
0x5332022f6658a4ff76d9ce55fd09fddc5dd8e1d19c1ea342fe589bb9d1acecdd,Moscow,2026-04-14,2026-04-14T08:08:09+00:00,UNRECORDED,56.8,57.6,station path (audit only),48.9,MISSING,31,,,MISSING,UNTESTABLE_NO_CAUSAL_FORECAST_OR_BOOK,winner
0x44ef072220b7a086363a761a853f008825196d05e46450958f2efb4e6c82124e,Moscow,2026-04-14,2026-04-14T07:32:37+00:00,UNRECORDED,55.0,55.8,station path (audit only),48.9,MISSING,32,2026-04-14 11:30,,MISSING,UNTESTABLE_NO_CAUSAL_FORECAST_OR_BOOK,loser
0xeda04b46944292f1cb684f6d305a3e60b2bce8795b3423f72624b11fbcc02774,Seattle,2026-04-14,2026-04-14T07:00:49+00:00,UNRECORDED,52.0,53.0,station path (audit only),46.9,MISSING,0,,,MISSING,UNTESTABLE_NO_CAUSAL_FORECAST_OR_BOOK,winner
0x8b520991892787efe7237b33c5982d9b459aff4ede08268f61d093e91ce0771e,Tokyo,2026-04-14,2026-04-13T20:09:09+00:00,UNRECORDED,74.8,75.6,station path (audit only),70.0,MISSING,0,,,MISSING,UNTESTABLE_NO_CAUSAL_FORECAST_OR_BOOK,winner
0xa91c642ea3b836c83e0e835c62a16cb7e1a0f716b0ec5b1c9dab5d9792e471a4,Toronto,2026-04-14,2026-04-14T04:59:17+00:00,UNRECORDED,74.8,75.6,station path (audit only),69.3,MISSING,0,,,MISSING,UNTESTABLE_NO_CAUSAL_FORECAST_OR_BOOK,winner
0x0a10df4598e728ab69657262eda409ee763be172c5f9f6c81a70fcc46e6e278b,Wellington,2026-04-14,2026-04-13T22:09:13+00:00,UNRECORDED,67.6,68.4,station path (audit only),62.7,MISSING,0,,,MISSING,UNTESTABLE_NO_CAUSAL_FORECAST_OR_BOOK,winner
0x9fc7b36490c5dbbc321587d6eaf8cac4d1e4873eb7110b1e04801289a680f1df,Jakarta,2026-04-15,2026-04-14T20:03:00+00:00,UNRECORDED,92.8,,station path (audit only),86.4,MISSING,0,,,MISSING,UNTESTABLE_NO_CAUSAL_FORECAST_OR_BOOK,winner
0x3bac8ccd10535c2d2206fe18262cf50b1f7b097791906e4a67de7808f7a0dbf7,Moscow,2026-04-15,2026-04-14T22:15:56+00:00,UNRECORDED,58.6,59.4,station path (audit only),52.5,MISSING,0,,,MISSING,UNTESTABLE_NO_CAUSAL_FORECAST_OR_BOOK,winner
0x6c4c9c8f1d1414a4499e7e22742c86e5bf9bc9f735e585000e7f4eb72f4a77c8,Seattle,2026-04-15,2026-04-15T07:01:08+00:00,UNRECORDED,50.0,51.0,station path (audit only),44.8,MISSING,0,,,MISSING,UNTESTABLE_NO_CAUSAL_FORECAST_OR_BOOK,winner
0xc9a2f1a4d9c30b685375ca65c35e29af26bad5c434891d1cbd8506922a7d992e,Singapore,2026-04-15,2026-04-14T20:20:48+00:00,UNRECORDED,91.0,91.8,station path (audit only),86.5,MISSING,0,,,MISSING,UNTESTABLE_NO_CAUSAL_FORECAST_OR_BOOK,winner
0x3254e93abb25ea36d8402db6e47836fe7ffcae340535ae5fc56464a668ed3099,Tokyo,2026-04-15,2026-04-15T06:03:34+00:00,UNRECORDED,73.0,73.8,station path (audit only),65.0,MISSING,17,,,MISSING,UNTESTABLE_NO_CAUSAL_FORECAST_OR_BOOK,winner
0x188686f0c12cd2097df78ac2b9c53b5e822ba39d383c1c4a4d8773d6a72af944,Tokyo,2026-04-15,2026-04-15T02:03:30+00:00,UNRECORDED,71.2,72.0,station path (audit only),65.0,MISSING,25,2026-04-15 15:00,,MISSING,UNTESTABLE_NO_CAUSAL_FORECAST_OR_BOOK,winner
0xa98b72f9c0a22b578d2c6c144bf051c54edacb82dd04b2bfcb2311cf491c27bf,Warsaw,2026-04-15,2026-04-14T22:09:06+00:00,UNRECORDED,56.8,57.6,station path (audit only),51.3,MISSING,47,2026-04-15 10:30,2026-04-15 12:00,MISSING,UNTESTABLE_NO_CAUSAL_FORECAST_OR_BOOK,winner
0x5553060842ca409458b5bb7acf40d4cc49981e94cd4f7c95fbb937e9e44568db,Wellington,2026-04-15,2026-04-15T01:13:06+00:00,UNRECORDED,65.8,66.6,station path (audit only),59.1,MISSING,0,,,MISSING,UNTESTABLE_NO_CAUSAL_FORECAST_OR_BOOK,winner
0xa6c0d4c4904db175a9213cd4b04bf27315928daae889748400055735cc2f552a,Wellington,2026-04-15,2026-04-14T22:04:56+00:00,UNRECORDED,67.6,,station path (audit only),59.1,MISSING,0,,,MISSING,UNTESTABLE_NO_CAUSAL_FORECAST_OR_BOOK,winner
0x564377db0cc3ed7ce6153a2ae50676844cc3e34bf39ca0f2b56dd0ce03033f19,Austin,2026-04-16,2026-04-16T09:40:28+00:00,UNRECORDED,94.0,95.0,station path (audit only),83.3,MISSING,0,,,MISSING,UNTESTABLE_NO_CAUSAL_FORECAST_OR_BOOK,winner
0xaefcadfd02b160d0757271e8ea89f0c40a3d294cdb0e6d033b3415c709fde7c2,Busan,2026-04-16,2026-04-15T21:11:46+00:00,UNRECORDED,73.0,,station path (audit only),66.0,MISSING,0,,,MISSING,UNTESTABLE_NO_CAUSAL_FORECAST_OR_BOOK,winner
0x51cbac02ddd439b00c54c7475907adf78a114f3c355bb23b029ec2c46d8e477f,Busan,2026-04-16,2026-04-15T20:11:28+00:00,UNRECORDED,71.2,72.0,station path (audit only),66.0,MISSING,0,,,MISSING,UNTESTABLE_NO_CAUSAL_FORECAST_OR_BOOK,winner
0x68ec5c765ad7c00d1910c5d1f40d45355fe0337830dd7098021d630879ebc9e1,Chicago,2026-04-16,2026-04-16T10:54:18+00:00,UNRECORDED,76.0,77.0,station path (audit only),67.0,MISSING,0,,,MISSING,UNTESTABLE_NO_CAUSAL_FORECAST_OR_BOOK,winner
0xa63b994e9dc8f3af4412f245e485163d04fac006bd77b0380384fd5dc519097e,Chicago,2026-04-16,2026-04-16T05:23:20+00:00,UNRECORDED,74.0,75.0,station path (audit only),67.0,MISSING,0,,,MISSING,UNTESTABLE_NO_CAUSAL_FORECAST_OR_BOOK,winner
0xe2f4fa9d4e144ff2603e91214aca5e0be67c10e1b72a2fdc5776d14ef144cf70,Istanbul,2026-04-16,2026-04-16T01:18:46+00:00,UNRECORDED,58.6,59.4,station path (audit only),53.5,MISSING,0,,,MISSING,UNTESTABLE_NO_CAUSAL_FORECAST_OR_BOOK,winner
0x0a8529ee507abb62fcfe6b6d6ac4a1f56d4f8d03a46d55eb32764c395570efa5,Jakarta,2026-04-16,2026-04-15T20:00:32+00:00,UNRECORDED,94.6,95.4,station path (audit only),87.4,MISSING,0,,,MISSING,UNTESTABLE_NO_CAUSAL_FORECAST_OR_BOOK,winner
0x5df8166da3bb88b6e9063643b6959a2388ca401e7ca6ddf437f5e0a0a32109c2,Jakarta,2026-04-16,2026-04-16T05:21:06+00:00,UNRECORDED,92.8,93.6,station path (audit only),87.4,MISSING,0,,,MISSING,UNTESTABLE_NO_CAUSAL_FORECAST_OR_BOOK,winner
0x7623aa39fa70ab4ce9a9e56aedced57db23bd06fecb811ab973653a124196cbd,Kuala Lumpur,2026-04-16,2026-04-16T04:26:14+00:00,UNRECORDED,94.6,95.4,station path (audit only),87.9,MISSING,0,,,MISSING,UNTESTABLE_NO_CAUSAL_FORECAST_OR_BOOK,winner
0x6ee726ceb70f0c157b9fbf53b22e1eafc9763517dc877ae65ae5162ecfd09ab2,London,2026-04-16,2026-04-16T11:12:22+00:00,UNRECORDED,65.8,66.6,station path (audit only),59.9,MISSING,0,,,MISSING,UNTESTABLE_NO_CAUSAL_FORECAST_OR_BOOK,winner
0x0a33217e157fc64c801012953a58844f6a7c32e4d131ba502bdc79c5f0d12b59,Manila,2026-04-16,2026-04-15T23:50:36+00:00,UNRECORDED,100.0,100.8,station path (audit only),95.0,MISSING,0,,,MISSING,UNTESTABLE_NO_CAUSAL_FORECAST_OR_BOOK,winner
0xf11f4ab0c14ecc09a41821623de44e85150a2995851a1950e45e902ed0d84acf,Seattle,2026-04-16,2026-04-16T07:03:58+00:00,UNRECORDED,58.0,59.0,station path (audit only),50.9,MISSING,0,,,MISSING,UNTESTABLE_NO_CAUSAL_FORECAST_OR_BOOK,winner
0x0ac01ba1aa5040f03a3af5f51077c2c5cd5b65b3a792712e80475e356b9ee9b2,Shanghai,2026-04-16,2026-04-16T01:40:30+00:00,UNRECORDED,71.2,,station path (audit only),65.0,MISSING,0,,,MISSING,UNTESTABLE_NO_CAUSAL_FORECAST_OR_BOOK,winner
0x78ae43d80746df448f7536a5fe4d688ed043ad2dc638b8a6aacbe02472b04b13,Singapore,2026-04-16,2026-04-15T20:11:30+00:00,UNRECORDED,92.8,,station path (audit only),85.8,MISSING,0,,,MISSING,UNTESTABLE_NO_CAUSAL_FORECAST_OR_BOOK,winner
0x0f444f1bd6e3b60169b363bbefb24bd3a80089c5138b6f030594b649cffea9be,Tokyo,2026-04-16,2026-04-15T20:22:36+00:00,UNRECORDED,74.8,,station path (audit only),69.3,MISSING,0,,,MISSING,UNTESTABLE_NO_CAUSAL_FORECAST_OR_BOOK,winner
0xc22ef7f3d50773d13f23505e09e5d1a2fbedf5e8aa8a8701b5bcfa52f7ca0d55,Toronto,2026-04-16,2026-04-16T11:39:54+00:00,UNRECORDED,71.2,72.0,station path (audit only),65.1,MISSING,0,,,MISSING,UNTESTABLE_NO_CAUSAL_FORECAST_OR_BOOK,winner
0x8c4d9c34f8c8f1897a8380f2aa2f4d96c263a508eebe9c37e86d72bfaad653e3,Wellington,2026-04-16,2026-04-15T20:39:00+00:00,UNRECORDED,65.8,66.6,station path (audit only),61.2,MISSING,0,,,MISSING,UNTESTABLE_NO_CAUSAL_FORECAST_OR_BOOK,winner
0x6d88cdbb69eabf838e7d1832e215de0cc982ce777504790b91c4131ec6bbae0e,Wellington,2026-04-16,2026-04-15T23:14:04+00:00,UNRECORDED,67.6,68.4,station path (audit only),61.2,MISSING,0,,,MISSING,UNTESTABLE_NO_CAUSAL_FORECAST_OR_BOOK,winner
0x70583f6fb373d279eb1f8af1f81e5bc74f85442a48e4719b36d31bb2c1a83bf7,Jakarta,2026-04-17,2026-04-17T03:38:34+00:00,UNRECORDED,94.6,95.4,station path (audit only),86.5,MISSING,0,,,MISSING,UNTESTABLE_NO_CAUSAL_FORECAST_OR_BOOK,winner
0x961da9c9172c19d0813894bdcd45d458ab87f34b4c91b518931997561c88c1f9,Jakarta,2026-04-17,2026-04-17T06:52:40+00:00,UNRECORDED,92.8,93.6,station path (audit only),86.5,MISSING,0,,,MISSING,UNTESTABLE_NO_CAUSAL_FORECAST_OR_BOOK,winner
0x6a2e6f9ae47b020314955ca6e5c8f7969d65331495fb52e1fe660af340f53e45,Kuala Lumpur,2026-04-17,2026-04-16T20:07:16+00:00,UNRECORDED,92.8,93.6,station path (audit only),88.2,MISSING,0,,,MISSING,UNTESTABLE_NO_CAUSAL_FORECAST_OR_BOOK,winner
0x2bbe08482d424ce0493b6943dc2b4b2bd1ec6bd7ca0a3ae8a9389d6a3178c6be,Los Angeles,2026-04-17,2026-04-17T07:21:20+00:00,UNRECORDED,78.0,79.0,station path (audit only),71.3,MISSING,0,,,MISSING,UNTESTABLE_NO_CAUSAL_FORECAST_OR_BOOK,winner
0x146c2545edfa2dbb67c3b1aa69b91f826dc7d2a034bf5676676c59940a888fd2,Paris,2026-04-17,2026-04-16T23:56:34+00:00,UNRECORDED,74.8,75.6,station path (audit only),67.9,MISSING,0,,,MISSING,UNTESTABLE_NO_CAUSAL_FORECAST_OR_BOOK,winner
0x2c11b7847a1deafaa210aaf913c3ffe37483f55f082b1e5e2b1f6197c686187d,Paris,2026-04-17,2026-04-17T10:42:30+00:00,UNRECORDED,76.6,77.4,station path (audit only),67.9,MISSING,0,,,MISSING,UNTESTABLE_NO_CAUSAL_FORECAST_OR_BOOK,winner
0xa6e57020ecf6283dffec83ff04aeb6aaab157a2d87e71d83df0507ebce47116d,Paris,2026-04-17,2026-04-16T22:00:28+00:00,UNRECORDED,73.0,73.8,station path (audit only),67.9,MISSING,0,,,MISSING,UNTESTABLE_NO_CAUSAL_FORECAST_OR_BOOK,winner
0x1a4ceeb9ef22ff272302219bdbcfd66a9cba21b13ca9e46000e82adcd3f85111,Seattle,2026-04-17,2026-04-17T11:08:00+00:00,UNRECORDED,58.0,59.0,station path (audit only),52.6,MISSING,0,,,MISSING,UNTESTABLE_NO_CAUSAL_FORECAST_OR_BOOK,winner
0xc44fdbad43ce4c8fb9a4c2d0f4322042e1314fe7874166dc199623f7af4e74c1,Singapore,2026-04-17,2026-04-17T03:19:12+00:00,UNRECORDED,94.6,,station path (audit only),85.7,MISSING,0,,,MISSING,UNTESTABLE_NO_CAUSAL_FORECAST_OR_BOOK,winner
0x1fdf057f86387c233fef07c24d953a7e88e0c814b1a67d681de0edbc4755da95,Singapore,2026-04-17,2026-04-17T00:21:16+00:00,UNRECORDED,92.8,93.6,station path (audit only),85.7,MISSING,0,,,MISSING,UNTESTABLE_NO_CAUSAL_FORECAST_OR_BOOK,winner
0x6e8f20ad5895caaed7b77c5bc38b0ce9eb90e4d1ae9b0fa316277f5e0366068d,Toronto,2026-04-17,2026-04-17T07:16:30+00:00,UNRECORDED,67.6,68.4,station path (audit only),59.5,MISSING,0,,,MISSING,UNTESTABLE_NO_CAUSAL_FORECAST_OR_BOOK,winner
0xd80234b865956db95bbee360668e3b32089091b9033a08cdd1fcaa7ead780fd8,Toronto,2026-04-17,2026-04-17T04:03:20+00:00,UNRECORDED,65.8,66.6,station path (audit only),59.5,MISSING,0,,,MISSING,UNTESTABLE_NO_CAUSAL_FORECAST_OR_BOOK,winner
0x86d3581109352a402e3aade3fa47cb1a238b37db21a681973b5d4d4f00bd5721,Warsaw,2026-04-17,2026-04-17T10:47:24+00:00,UNRECORDED,62.2,,station path (audit only),57.4,MISSING,0,,,MISSING,UNTESTABLE_NO_CAUSAL_FORECAST_OR_BOOK,winner
0x2d6feec0f3fd4b62d9efd68590343b01a94c07034e94737488cf4e4224377074,Jakarta,2026-04-18,2026-04-18T05:35:26+00:00,UNRECORDED,91.0,91.8,station path (audit only),86.5,MISSING,0,,,MISSING,UNTESTABLE_NO_CAUSAL_FORECAST_OR_BOOK,winner
0x928f6432f9c8755400be1bf5fbaf86d42cceb0d7b21b710f3237bae94ef4f0a4,Jakarta,2026-04-18,2026-04-18T00:11:02+00:00,UNRECORDED,92.8,93.6,station path (audit only),86.5,MISSING,0,,,MISSING,UNTESTABLE_NO_CAUSAL_FORECAST_OR_BOOK,winner
0x60b408f3d29ed20bc8eb95ef7110005de98fe43d1f989fb692d4f542b1b03d2a,Jakarta,2026-04-18,2026-04-18T04:05:08+00:00,UNRECORDED,94.6,95.4,station path (audit only),86.5,MISSING,0,,,MISSING,UNTESTABLE_NO_CAUSAL_FORECAST_OR_BOOK,winner
0x2ac6523967f0c68ada99eb9e72b68184863206ca38946b682ca302e45c258b6d,Moscow,2026-04-18,2026-04-18T07:31:52+00:00,UNRECORDED,53.2,54.0,station path (audit only),48.2,MISSING,0,,,MISSING,UNTESTABLE_NO_CAUSAL_FORECAST_OR_BOOK,winner
0xf2fc97add6113139553102c7f0fcee08f3648dd787a2451bb656193abe45afa0,Shanghai,2026-04-18,2026-04-18T06:26:08+00:00,UNRECORDED,73.0,73.8,station path (audit only),68.1,MISSING,0,,,MISSING,UNTESTABLE_NO_CAUSAL_FORECAST_OR_BOOK,winner
0x769ecff87f8505849d5fe159810acdbe5ec7efd3e9a1bddda438e8685c1af455,Singapore,2026-04-18,2026-04-18T05:31:02+00:00,UNRECORDED,91.0,91.8,station path (audit only),86.0,MISSING,0,,,MISSING,UNTESTABLE_NO_CAUSAL_FORECAST_OR_BOOK,winner
0xd885a88a0760623b49436891225e23f1efd395d3c5352045c4b7744aab5dc58d,Singapore,2026-04-18,2026-04-18T00:42:48+00:00,UNRECORDED,92.8,93.6,station path (audit only),86.0,MISSING,0,,,MISSING,UNTESTABLE_NO_CAUSAL_FORECAST_OR_BOOK,winner
0xf7e152ed8842d837062c1edda777fe3d4198bd3fde080084afee72ad01e2de58,Singapore,2026-04-18,2026-04-18T02:58:40+00:00,UNRECORDED,94.6,,station path (audit only),86.0,MISSING,0,,,MISSING,UNTESTABLE_NO_CAUSAL_FORECAST_OR_BOOK,winner
0xd77e0f5730ee50eea7cc78b54ebd0a66771e9e24173392e062e04ca3e4c97415,Tokyo,2026-04-18,2026-04-17T20:03:38+00:00,UNRECORDED,73.0,,station path (audit only),67.8,MISSING,0,,,MISSING,UNTESTABLE_NO_CAUSAL_FORECAST_OR_BOOK,winner
0xb0d655cd9f3c1ce2c535f17e632da911346342dd0a7999ee37955cf85b61446e,Toronto,2026-04-18,2026-04-18T04:05:36+00:00,UNRECORDED,67.6,68.4,station path (audit only),61.7,MISSING,33,2026-04-18 13:54,,MISSING,UNTESTABLE_NO_CAUSAL_FORECAST_OR_BOOK,winner
0x5df7449a7858aba15e223c9a1493f506165601a5d5fe108e89fb5305c37d253f,Busan,2026-04-19,2026-04-19T01:35:02+00:00,UNRECORDED,78.4,79.2,station path (audit only),73.2,MISSING,0,,,MISSING,UNTESTABLE_NO_CAUSAL_FORECAST_OR_BOOK,winner
0xe0194d2e971d85f32edeae596b90cc3d63c94efb273932eb3d0d1ecda5f8d53e,Busan,2026-04-19,2026-04-19T01:37:14+00:00,UNRECORDED,80.2,,station path (audit only),73.2,MISSING,0,,,MISSING,UNTESTABLE_NO_CAUSAL_FORECAST_OR_BOOK,winner
0xf8458cc3b55ea93a746cfee897f15a450d1918e1011f24669b11e8616433083e,Chicago,2026-04-19,2026-04-19T05:09:54+00:00,UNRECORDED,52.0,53.0,station path (audit only),46.8,MISSING,0,,,MISSING,UNTESTABLE_NO_CAUSAL_FORECAST_OR_BOOK,winner
0x97e6c8d319fb85b20d6a23cd0ef62e828245365f4eab1aa32a8d1b93570fd7d9,Jakarta,2026-04-19,2026-04-18T20:25:08+00:00,UNRECORDED,94.6,95.4,station path (audit only),86.8,MISSING,0,,,MISSING,UNTESTABLE_NO_CAUSAL_FORECAST_OR_BOOK,winner
0x5ec3bf42a753e96923ca4f21f959552d66efaeb209b6a106bc946cd49c38e97e,Kuala Lumpur,2026-04-19,2026-04-18T20:00:12+00:00,UNRECORDED,91.0,91.8,station path (audit only),86.5,MISSING,0,,,MISSING,UNTESTABLE_NO_CAUSAL_FORECAST_OR_BOOK,winner
0x18da92dd77b5dee1b16da3a2ce7a488a0631186576837f9a49c02934c4806a12,Los Angeles,2026-04-19,2026-04-19T07:12:08+00:00,UNRECORDED,74.0,,station path (audit only),67.3,MISSING,0,,,MISSING,UNTESTABLE_NO_CAUSAL_FORECAST_OR_BOOK,winner
0x7e34c854f564ced4e568d32359d86c4995621cc51504dc4a1856d71dde2478be,Singapore,2026-04-19,2026-04-19T04:31:34+00:00,UNRECORDED,91.0,91.8,station path (audit only),85.0,MISSING,0,,,MISSING,UNTESTABLE_NO_CAUSAL_FORECAST_OR_BOOK,winner
0x026b9cd473afa0b84b2a5d8d69cde5e9506572a4e0cc18b3e691c2280a2f403f,Singapore,2026-04-19,2026-04-18T22:04:12+00:00,UNRECORDED,92.8,93.6,station path (audit only),85.0,MISSING,0,,,MISSING,UNTESTABLE_NO_CAUSAL_FORECAST_OR_BOOK,winner
0x7cacd59a6ab6ef892c588df92589e2086bdd5b2bb74b7e12dd36f44dfd6970f7,Tokyo,2026-04-19,2026-04-18T20:00:16+00:00,UNRECORDED,78.4,,station path (audit only),72.2,MISSING,0,,,MISSING,UNTESTABLE_NO_CAUSAL_FORECAST_OR_BOOK,winner
0xc4178ac3a284797876a2e65856d08c684e75a75edb015c240b568b4e33ced8e8,Busan,2026-04-20,2026-04-20T01:42:46+00:00,UNRECORDED,76.6,,station path (audit only),69.1,MISSING,0,,,MISSING,UNTESTABLE_NO_CAUSAL_FORECAST_OR_BOOK,winner
0xd9488bd3633210283e73080981494a4fd38eef3cbbd0bd78ed3f470f03d5d80c,Busan,2026-04-20,2026-04-19T20:00:18+00:00,UNRECORDED,74.8,75.6,station path (audit only),69.1,MISSING,0,,,MISSING,UNTESTABLE_NO_CAUSAL_FORECAST_OR_BOOK,winner
0xfe2fc0c3bc16382bd95531dd29a107db494b2b406254cf7b8cea92c3480fcecf,Jakarta,2026-04-20,2026-04-19T20:23:22+00:00,UNRECORDED,94.6,95.4,station path (audit only),87.8,MISSING,0,,,MISSING,UNTESTABLE_NO_CAUSAL_FORECAST_OR_BOOK,winner
0xa692170783eba3debb38556a5efa977b4019800a9d6ecf4b6f3461bee5b3c9fb,Jeddah,2026-04-20,2026-04-20T06:21:18+00:00,UNRECORDED,100.0,,station path (audit only),94.9,MISSING,0,,,MISSING,UNTESTABLE_NO_CAUSAL_FORECAST_OR_BOOK,winner
0x0fa84311746c553c343683b5bfb8a091a0b23c87704045a88d2ecd68455f7465,Kuala Lumpur,2026-04-20,2026-04-19T20:54:10+00:00,UNRECORDED,92.8,,station path (audit only),88.1,MISSING,0,,,MISSING,UNTESTABLE_NO_CAUSAL_FORECAST_OR_BOOK,winner
0x2df0c903d989b86c64cca5620b0c769f6c4232332c0472a2402f6fb834d00093,Los Angeles,2026-04-20,2026-04-20T09:55:50+00:00,UNRECORDED,70.0,71.0,station path (audit only),64.1,MISSING,0,,,MISSING,UNTESTABLE_NO_CAUSAL_FORECAST_OR_BOOK,winner
0x7a1315844525db8c379ab69ee2705213066796bcafff16558574d4a58808986a,Tokyo,2026-04-20,2026-04-19T20:01:24+00:00,UNRECORDED,74.8,,station path (audit only),69.7,MISSING,0,,,MISSING,UNTESTABLE_NO_CAUSAL_FORECAST_OR_BOOK,winner
0x8987ab5c9860cff052d34f1f824440d299fb7ef474a63d3f1b09de23f641b8d8,Toronto,2026-04-20,2026-04-20T04:21:24+00:00,UNRECORDED,42.4,43.2,station path (audit only),37.2,MISSING,0,,,MISSING,UNTESTABLE_NO_CAUSAL_FORECAST_OR_BOOK,winner
0x802c22b392341bd75c061ffc604aa32dbdf53e50fa04bc9186e418645e27af19,Wellington,2026-04-20,2026-04-19T20:04:38+00:00,UNRECORDED,62.2,63.0,station path (audit only),57.3,MISSING,0,,,MISSING,UNTESTABLE_NO_CAUSAL_FORECAST_OR_BOOK,winner
0xfbc761ba81b9f79078feee46539103879c4599127fc72586b4b103c41d6aa671,Busan,2026-04-21,2026-04-20T20:05:22+00:00,UNRECORDED,73.0,73.8,station path (audit only),67.5,MISSING,0,,,MISSING,UNTESTABLE_NO_CAUSAL_FORECAST_OR_BOOK,winner
0xc9b993ccec42ddc16ba74b7e17e98bca7a30e4c7ce774fa87eb7959fd805186b,Busan,2026-04-21,2026-04-20T23:20:36+00:00,UNRECORDED,74.8,75.6,station path (audit only),67.5,MISSING,0,,,MISSING,UNTESTABLE_NO_CAUSAL_FORECAST_OR_BOOK,winner
0x26c1f0b63275aae88bff8de2c7f47f394cce117d84b1bae0b1d2da5fafa4cdef,Jakarta,2026-04-21,2026-04-21T04:20:44+00:00,UNRECORDED,96.4,97.2,station path (audit only),87.0,MISSING,0,,,MISSING,UNTESTABLE_NO_CAUSAL_FORECAST_OR_BOOK,winner
0x2db2133447308a0aff3330dc2488cea419e76b65a83fe2f42412319a3404a33f,Jakarta,2026-04-21,2026-04-20T20:01:16+00:00,UNRECORDED,94.6,95.4,station path (audit only),87.0,MISSING,0,,,MISSING,UNTESTABLE_NO_CAUSAL_FORECAST_OR_BOOK,winner
0x004aa497cfe7434855f65aae1532ca2ebfdc88b3ec21f6923cbe785b5b66c0b4,Miami,2026-04-21,2026-04-21T04:02:58+00:00,UNRECORDED,82.0,83.0,station path (audit only),76.8,MISSING,0,,,MISSING,UNTESTABLE_NO_CAUSAL_FORECAST_OR_BOOK,winner
0x6241c16f89b4119eb28aefcb8eb6ba1a9fb20c2dccd9d62223575ee510996c33,Singapore,2026-04-21,2026-04-20T20:00:42+00:00,UNRECORDED,91.0,91.8,station path (audit only),86.3,MISSING,0,,,MISSING,UNTESTABLE_NO_CAUSAL_FORECAST_OR_BOOK,winner
0x9942d5b6238dc2df24747754f3431aaed97e50e667ac95be708d11b86488a129,Wellington,2026-04-21,2026-04-20T21:12:14+00:00,UNRECORDED,56.8,57.6,station path (audit only),52.3,MISSING,0,,,MISSING,UNTESTABLE_NO_CAUSAL_FORECAST_OR_BOOK,winner
0x387e0cd10669994d528fd477038bd11a784cdba99c68a92265e60c0fb5f4f3bb,Busan,2026-04-22,2026-04-22T05:21:58+00:00,UNRECORDED,69.4,70.2,station path (audit only),64.5,MISSING,0,,,MISSING,UNTESTABLE_NO_CAUSAL_FORECAST_OR_BOOK,winner
0x88b9578d4ef67813fa6c3f1b3824b8eecf5c139a796d96ba9496fda8edc3a4a3,Busan,2026-04-22,2026-04-22T04:57:50+00:00,UNRECORDED,71.2,72.0,station path (audit only),64.5,MISSING,0,,,MISSING,UNTESTABLE_NO_CAUSAL_FORECAST_OR_BOOK,winner
0xb99455ef7eba8935b78981514ba98e046bb91f2bd8fa6607d6933ca028d5e3e4,Jakarta,2026-04-22,2026-04-22T06:48:18+00:00,UNRECORDED,96.4,97.2,station path (audit only),87.6,MISSING,0,,,MISSING,UNTESTABLE_NO_CAUSAL_FORECAST_OR_BOOK,winner
0x8530db3d1ce9137220cc9f7df4ebc6ba3f05e846027515115036fb4df6c384f1,Jakarta,2026-04-22,2026-04-22T03:34:48+00:00,UNRECORDED,94.6,95.4,station path (audit only),87.6,MISSING,0,,,MISSING,UNTESTABLE_NO_CAUSAL_FORECAST_OR_BOOK,winner
0x54bb6e272294271ec0e22849c8dae22c0bcba3cf0398da73518be6ec814fb0d9,Jeddah,2026-04-22,2026-04-21T21:07:28+00:00,UNRECORDED,94.6,,station path (audit only),89.6,MISSING,0,,,MISSING,UNTESTABLE_NO_CAUSAL_FORECAST_OR_BOOK,winner
0xdf79d8d48015db2f573ceca8050f9d2e67a86f038fe247629c4abf58192763cd,Kuala Lumpur,2026-04-22,2026-04-21T20:00:38+00:00,UNRECORDED,94.6,,station path (audit only),89.2,MISSING,0,,,MISSING,UNTESTABLE_NO_CAUSAL_FORECAST_OR_BOOK,winner
0xc96044621df9c96c7f4f1d4a12321c8b9b41f9b96c017390b2e193c9204b812b,Tokyo,2026-04-22,2026-04-22T01:07:00+00:00,UNRECORDED,74.8,,station path (audit only),68.9,MISSING,0,,,MISSING,UNTESTABLE_NO_CAUSAL_FORECAST_OR_BOOK,winner
0x8fc5251e228af434a885a0fc4c55cf334d74345923f47a7e911d89c710ffce0f,Busan,2026-04-23,2026-04-22T23:30:20+00:00,UNRECORDED,69.4,70.2,station path (audit only),63.7,MISSING,0,,,MISSING,UNTESTABLE_NO_CAUSAL_FORECAST_OR_BOOK,winner
0x7406ad80b09db69d0722c1cce89ce64bd1bde71efeee398b443ca8bcb1de09d8,Jakarta,2026-04-23,2026-04-23T06:43:50+00:00,UNRECORDED,91.0,91.8,station path (audit only),85.7,MISSING,0,,,MISSING,UNTESTABLE_NO_CAUSAL_FORECAST_OR_BOOK,winner
0xb71ce512fb2a1fa1da55fa015384a31ed6e679dee2bc0b01ab32be9d3e90843f,Jakarta,2026-04-23,2026-04-23T09:26:14+00:00,UNRECORDED,96.4,97.2,station path (audit only),85.7,MISSING,0,,,MISSING,UNTESTABLE_NO_CAUSAL_FORECAST_OR_BOOK,winner
0x2c655cfcca0575fab854205cad4bf4e079fc6df9e54b6acb7866c5de2a3adf3c,Jakarta,2026-04-23,2026-04-23T04:06:38+00:00,UNRECORDED,92.8,93.6,station path (audit only),85.7,MISSING,0,,,MISSING,UNTESTABLE_NO_CAUSAL_FORECAST_OR_BOOK,winner
0x540edea51d85947db854cd8768b247e7b4c9d5acf255e07b67d570dd10dc5f43,London,2026-04-23,2026-04-23T07:54:32+00:00,UNRECORDED,67.6,68.4,station path (audit only),61.7,MISSING,0,,,MISSING,UNTESTABLE_NO_CAUSAL_FORECAST_OR_BOOK,winner
0x07dfc4950b61228b6916e29dbd1c8fbb65ee936f37936d4a1be4ffb351cb2b22,Singapore,2026-04-23,2026-04-22T20:03:52+00:00,UNRECORDED,92.8,,station path (audit only),88.0,MISSING,0,,,MISSING,UNTESTABLE_NO_CAUSAL_FORECAST_OR_BOOK,winner
0x709bde90e9526b58ad91f5bb93ff99639d2c04fe1caf22e1ed7668cc246d71b4,Tokyo,2026-04-23,2026-04-22T20:06:36+00:00,UNRECORDED,67.6,68.4,station path (audit only),60.7,MISSING,37,,,MISSING,UNTESTABLE_NO_CAUSAL_FORECAST_OR_BOOK,loser
0x51ce5a46e7258b94dad55753dcdf58507360740f078695b90fd0b95e83d60cb8,Busan,2026-04-24,2026-04-23T22:00:10+00:00,UNRECORDED,71.2,72.0,station path (audit only),65.5,MISSING,0,,,MISSING,UNTESTABLE_NO_CAUSAL_FORECAST_OR_BOOK,winner
0x3ad269a222d08ef736edced228ea4801b348e8742ba62d48758982fd36ee26b4,Busan,2026-04-24,2026-04-24T04:05:36+00:00,UNRECORDED,73.0,73.8,station path (audit only),65.5,MISSING,0,,,MISSING,UNTESTABLE_NO_CAUSAL_FORECAST_OR_BOOK,winner
0xd2930457aff760f31eaa6e46b6aab03213d70146a5ee61ef68e863d2e2a46e8c,Chicago,2026-04-24,2026-04-24T05:01:00+00:00,UNRECORDED,76.0,,station path (audit only),71.4,MISSING,0,,,MISSING,UNTESTABLE_NO_CAUSAL_FORECAST_OR_BOOK,winner
0x92dc4b0c3840725b394a3af8418de99a746174d78e0fa615fe375b171bc77997,Jakarta,2026-04-24,2026-04-24T03:47:08+00:00,UNRECORDED,96.4,97.2,station path (audit only),86.9,MISSING,0,,,MISSING,UNTESTABLE_NO_CAUSAL_FORECAST_OR_BOOK,winner
0x61c49f4b59d61f833f5e0470768f87427fbe76b265fa792be0c56f53db0da434,Jakarta,2026-04-24,2026-04-23T20:13:26+00:00,UNRECORDED,94.6,95.4,station path (audit only),86.9,MISSING,0,,,MISSING,UNTESTABLE_NO_CAUSAL_FORECAST_OR_BOOK,winner
0xd583a7cd57146dc328cf17c658f848fabc464283d25c8a4d799ce180c5fa7649,Kuala Lumpur,2026-04-24,2026-04-24T05:38:16+00:00,UNRECORDED,92.8,93.6,station path (audit only),87.0,MISSING,21,2026-04-24 14:00,,MISSING,UNTESTABLE_NO_CAUSAL_FORECAST_OR_BOOK,winner
0x30085a6c1e9c0d5d900e65be3c45761ce6204389db8f68fbc600a3046201532c,Kuala Lumpur,2026-04-24,2026-04-24T05:53:54+00:00,UNRECORDED,96.4,97.2,station path (audit only),87.0,MISSING,21,,,MISSING,UNTESTABLE_NO_CAUSAL_FORECAST_OR_BOOK,winner
0xf7c747475552ea3a549dbd98b726fd183120154a442eadf8fc18fda6818302fb,Kuala Lumpur,2026-04-24,2026-04-23T23:26:06+00:00,UNRECORDED,94.6,95.4,station path (audit only),87.0,MISSING,34,2026-04-24 13:30,,MISSING,UNTESTABLE_NO_CAUSAL_FORECAST_OR_BOOK,winner
0xc91be7f610aa8c8874f3fdca7f30725dc19822d26dade390f56fd2380f17a08e,London,2026-04-24,2026-04-24T03:45:04+00:00,UNRECORDED,67.6,68.4,station path (audit only),61.9,MISSING,0,,,MISSING,UNTESTABLE_NO_CAUSAL_FORECAST_OR_BOOK,winner
0xfa5383042793c6d2ddecd5ffa18ffcfd0ebdd98d68942f42ea5e6a75e8dfa9d3,Madrid,2026-04-24,2026-04-24T02:09:28+00:00,UNRECORDED,74.8,75.6,station path (audit only),70.1,MISSING,0,,,MISSING,UNTESTABLE_NO_CAUSAL_FORECAST_OR_BOOK,winner
0xd9a28e333f9957135547036077efacfb640bf60f46ccf5d2bc152552f9527c8c,Manila,2026-04-24,2026-04-24T00:35:08+00:00,UNRECORDED,100.0,100.8,station path (audit only),94.9,MISSING,0,,,MISSING,UNTESTABLE_NO_CAUSAL_FORECAST_OR_BOOK,winner
0x5207ef4733cf741c62ee6b55e6571cd8dddbde3ba712d808766f583ce06fd626,Seattle,2026-04-24,2026-04-24T10:25:58+00:00,UNRECORDED,64.0,65.0,station path (audit only),56.7,MISSING,0,,,MISSING,UNTESTABLE_NO_CAUSAL_FORECAST_OR_BOOK,winner
0xc5663961f5016c18804f917844639c84715c2bf40c32851e38fdbc38aba383b2,Shanghai,2026-04-24,2026-04-23T20:01:58+00:00,UNRECORDED,71.2,72.0,station path (audit only),65.9,MISSING,0,,,MISSING,UNTESTABLE_NO_CAUSAL_FORECAST_OR_BOOK,winner
0xe3f226f5f2923e50cc978d3c5738c8cff9a4529cfa4a74544c9c20605b8e02e2,Singapore,2026-04-24,2026-04-24T03:02:56+00:00,UNRECORDED,94.6,,station path (audit only),85.9,MISSING,0,,,MISSING,UNTESTABLE_NO_CAUSAL_FORECAST_OR_BOOK,winner
0x859351b5e55733190d7520cce9ac119e83d86298db1d6284deee2e7c488689b5,Singapore,2026-04-24,2026-04-23T22:24:52+00:00,UNRECORDED,92.8,93.6,station path (audit only),85.9,MISSING,0,,,MISSING,UNTESTABLE_NO_CAUSAL_FORECAST_OR_BOOK,winner
0xa1dbd219df075ec737ad8dafeab2a02951c0eb55eb50eb4b83171460d5debe9e,Tokyo,2026-04-24,2026-04-23T20:07:24+00:00,UNRECORDED,67.6,68.4,station path (audit only),62.4,MISSING,0,,,MISSING,UNTESTABLE_NO_CAUSAL_FORECAST_OR_BOOK,winner
0xd4732b1d196824cdebec9c6e985fba8a198e172fedb43312019af882482e1ce0,Warsaw,2026-04-24,2026-04-24T02:02:06+00:00,UNRECORDED,64.0,64.8,station path (audit only),57.2,MISSING,0,,,MISSING,UNTESTABLE_NO_CAUSAL_FORECAST_OR_BOOK,winner
0x071bbc7bfbb7108124645f8fb229cca70459b5d90c3330dbadde3c9bfffaa3eb,Warsaw,2026-04-24,2026-04-24T05:01:56+00:00,UNRECORDED,65.8,,station path (audit only),57.2,MISSING,0,,,MISSING,UNTESTABLE_NO_CAUSAL_FORECAST_OR_BOOK,winner
0x7a90897f4d5fbf84167ace347489d4f4df1ae4ef52321ce4bbfbed536c9dad9d,Busan,2026-04-25,2026-04-25T01:33:04+00:00,UNRECORDED,78.4,,station path (audit only),72.3,MISSING,0,,,MISSING,UNTESTABLE_NO_CAUSAL_FORECAST_OR_BOOK,winner
0xe95fe5e1f6339da4261dc7b5d7bf62f2992a04089f86b0dff1ee03078f34a59d,Chicago,2026-04-25,2026-04-25T08:34:04+00:00,UNRECORDED,62.0,,station path (audit only),57.1,MISSING,0,,,MISSING,UNTESTABLE_NO_CAUSAL_FORECAST_OR_BOOK,winner
0x1f901b305992eb29cb681838f55301141000eb8c32ee22d12d23354e602f12a2,Jakarta,2026-04-25,2026-04-25T03:23:44+00:00,UNRECORDED,91.0,91.8,station path (audit only),86.5,MISSING,27,2026-04-25 11:00,,MISSING,UNTESTABLE_NO_CAUSAL_FORECAST_OR_BOOK,winner
0x83be614a38414510445ef4aa926b82354cfc44048ab54570c358c02b75dfc056,Jakarta,2026-04-25,2026-04-25T04:30:02+00:00,UNRECORDED,92.8,93.6,station path (audit only),86.5,MISSING,24,,,MISSING,UNTESTABLE_NO_CAUSAL_FORECAST_OR_BOOK,loser
0x93d9f23bdda4c9824463e12c7b9e99d41de505444178a5fac1facef571fae01d,Jakarta,2026-04-25,2026-04-25T06:04:28+00:00,UNRECORDED,98.2,99.0,station path (audit only),86.5,MISSING,21,,,MISSING,UNTESTABLE_NO_CAUSAL_FORECAST_OR_BOOK,winner
0xc3584a331782edf7818ba3fc222fbc15cb2401ea18782f78ddbf913270ae06eb,Jakarta,2026-04-25,2026-04-25T03:30:42+00:00,UNRECORDED,96.4,97.2,station path (audit only),86.5,MISSING,26,,,MISSING,UNTESTABLE_NO_CAUSAL_FORECAST_OR_BOOK,winner
0xbf93db9246401372f6955df3d00a38e66e02f096ca1b825de51af9293f75c3a3,Kuala Lumpur,2026-04-25,2026-04-25T05:04:34+00:00,UNRECORDED,94.6,95.4,station path (audit only),90.0,MISSING,0,,,MISSING,UNTESTABLE_NO_CAUSAL_FORECAST_OR_BOOK,winner
0x2e974d7e545bc157644cbf897d98b0b19d1ab942bcb00c1c7675318acec0f5ac,Kuala Lumpur,2026-04-25,2026-04-25T05:08:14+00:00,UNRECORDED,98.2,,station path (audit only),90.0,MISSING,0,,,MISSING,UNTESTABLE_NO_CAUSAL_FORECAST_OR_BOOK,winner
0x2cbe1bc7d322e14ff84e4d9ed769dd3fc5ea17f12a7fcf0e94fef88555efd4b1,Kuala Lumpur,2026-04-25,2026-04-25T02:35:06+00:00,UNRECORDED,96.4,97.2,station path (audit only),90.0,MISSING,0,,,MISSING,UNTESTABLE_NO_CAUSAL_FORECAST_OR_BOOK,winner
0x76697a638ce31ef10a4d5ad15097b4d905958560b7c7190dc63936a36d6196e5,Shanghai,2026-04-25,2026-04-25T01:25:58+00:00,UNRECORDED,74.8,,station path (audit only),66.3,MISSING,0,,,MISSING,UNTESTABLE_NO_CAUSAL_FORECAST_OR_BOOK,winner
0x1ca542faa866c7dd9cdb7569f373b8c4844d6c8f42a8f2fb8fcf8f74c29a556f,Shanghai,2026-04-25,2026-04-25T04:23:40+00:00,UNRECORDED,71.2,72.0,station path (audit only),66.3,MISSING,0,,,MISSING,UNTESTABLE_NO_CAUSAL_FORECAST_OR_BOOK,winner
0x457ffe9a1e3f4627c382ae2d3f367214bc2b5e24c95d6dde280e81f294b109a7,Shanghai,2026-04-25,2026-04-24T22:34:54+00:00,UNRECORDED,73.0,73.8,station path (audit only),66.3,MISSING,0,,,MISSING,UNTESTABLE_NO_CAUSAL_FORECAST_OR_BOOK,winner
0xa30eedf9895201ce66a79eb1978f57190af6812554255360f57bbd822e5b7007,Singapore,2026-04-25,2026-04-25T03:08:48+00:00,UNRECORDED,94.6,95.4,station path (audit only),87.6,MISSING,0,,,MISSING,UNTESTABLE_NO_CAUSAL_FORECAST_OR_BOOK,winner
0xfd405e579b276c2730475a96a3c6d1873af2016796a8cf9b6b7488ffb1499234,Toronto,2026-04-25,2026-04-25T06:29:36+00:00,UNRECORDED,51.4,,station path (audit only),46.4,MISSING,0,,,MISSING,UNTESTABLE_NO_CAUSAL_FORECAST_OR_BOOK,winner
0xcb624e7fceb6d93bf2ab4282baee0b3e63b1eb727c820cd792a3daf676c28eb0,Busan,2026-04-26,2026-04-26T01:09:04+00:00,UNRECORDED,76.6,77.4,station path (audit only),69.3,MISSING,0,,,MISSING,UNTESTABLE_NO_CAUSAL_FORECAST_OR_BOOK,winner
0x8018e06925fc80363507cd0d40590c1d3cc726f7cf0acef066533dd5e1e55129,Busan,2026-04-26,2026-04-25T20:05:28+00:00,UNRECORDED,74.8,75.6,station path (audit only),69.3,MISSING,0,,,MISSING,UNTESTABLE_NO_CAUSAL_FORECAST_OR_BOOK,winner
0xd303471bbcfd99b450ed936a9b0349d17de7945bbf53c6099eb566fd79e31477,Chicago,2026-04-26,2026-04-26T05:02:34+00:00,UNRECORDED,66.0,67.0,station path (audit only),56.9,MISSING,0,,,MISSING,UNTESTABLE_NO_CAUSAL_FORECAST_OR_BOOK,winner
0x9635698f31f5f6d046178ba6cbe607a4d40fd124708b5c179882e17cc3874340,Jakarta,2026-04-26,2026-04-26T05:57:54+00:00,UNRECORDED,98.2,99.0,station path (audit only),87.8,MISSING,0,,,MISSING,UNTESTABLE_NO_CAUSAL_FORECAST_OR_BOOK,winner
0x9802ce9afe578f8768157e097cbe3bfb5bfd28d25d24f180b768c748a21246f3,Jakarta,2026-04-26,2026-04-26T05:24:10+00:00,UNRECORDED,92.8,93.6,station path (audit only),87.8,MISSING,0,,,MISSING,UNTESTABLE_NO_CAUSAL_FORECAST_OR_BOOK,winner
0xa13968b978e0548002d1710c18f2fa5946075f5e6419e76db0af24927f5391a2,Jakarta,2026-04-26,2026-04-26T01:55:16+00:00,UNRECORDED,96.4,97.2,station path (audit only),87.8,MISSING,0,,,MISSING,UNTESTABLE_NO_CAUSAL_FORECAST_OR_BOOK,winner
0x59ecb28620e017092b0c9fa9c3a5bcedfa00016e53e8ec61ef0973965c7fff05,Kuala Lumpur,2026-04-26,2026-04-26T05:37:28+00:00,UNRECORDED,98.2,,station path (audit only),90.8,MISSING,0,,,MISSING,UNTESTABLE_NO_CAUSAL_FORECAST_OR_BOOK,winner
0xb7819b99748da7ccc9c5794a7e3025af4b76a6334d68aba2d4c94abd3c163667,Kuala Lumpur,2026-04-26,2026-04-25T20:13:44+00:00,UNRECORDED,96.4,97.2,station path (audit only),90.8,MISSING,0,,,MISSING,UNTESTABLE_NO_CAUSAL_FORECAST_OR_BOOK,winner
0x2cf5cbf94e43eacea574c70d0140aa6e89f18d3d9b3139aeea997c3ddc173b19,Madrid,2026-04-26,2026-04-26T08:39:44+00:00,UNRECORDED,82.0,82.8,station path (audit only),76.2,MISSING,0,,,MISSING,UNTESTABLE_NO_CAUSAL_FORECAST_OR_BOOK,winner
0x993a0b87c9cefe1e3065121960eb1cd1290ecf31005c6626e86ac4958b360d1f,Shanghai,2026-04-26,2026-04-26T01:25:24+00:00,UNRECORDED,80.2,81.0,station path (audit only),69.0,MISSING,0,,,MISSING,UNTESTABLE_NO_CAUSAL_FORECAST_OR_BOOK,winner
0xeb3ffda3f569523596b77e7b02aef85d6bfd60f120abf5e180d0e1c5fc1acfe7,Shanghai,2026-04-26,2026-04-25T20:03:42+00:00,UNRECORDED,76.6,77.4,station path (audit only),69.0,MISSING,0,,,MISSING,UNTESTABLE_NO_CAUSAL_FORECAST_OR_BOOK,winner
0x71f55f2eedd1fb25adaa9110bb30729124af39522e028e5acf8bda82e6104210,Shanghai,2026-04-26,2026-04-26T04:41:38+00:00,UNRECORDED,74.8,75.6,station path (audit only),69.0,MISSING,0,,,MISSING,UNTESTABLE_NO_CAUSAL_FORECAST_OR_BOOK,winner
0xb4ac06577d8f2bd7044fadcbb7225e0526f57b9753132f524f1d56ba07c5a001,Shanghai,2026-04-26,2026-04-25T22:29:36+00:00,UNRECORDED,78.4,79.2,station path (audit only),69.0,MISSING,0,,,MISSING,UNTESTABLE_NO_CAUSAL_FORECAST_OR_BOOK,winner
0x636d33f1aef12efa2791e454ddd71d8bbbc82ebc161b16ead619b214aa2b1a06,Singapore,2026-04-26,2026-04-26T03:14:44+00:00,UNRECORDED,94.6,95.4,station path (audit only),86.1,MISSING,0,,,MISSING,UNTESTABLE_NO_CAUSAL_FORECAST_OR_BOOK,winner
0x828d7bf399101fbc5a32ab1c39c1c2f0ad89064b70f650b43464e5ae7e704d94,Singapore,2026-04-26,2026-04-26T05:01:56+00:00,UNRECORDED,91.0,91.8,station path (audit only),86.1,MISSING,0,,,MISSING,UNTESTABLE_NO_CAUSAL_FORECAST_OR_BOOK,winner
0x15731bc619cf35a44ae3e75220dee4edc65570baf73a3ada3bf40425e77e2645,Singapore,2026-04-26,2026-04-26T04:21:58+00:00,UNRECORDED,92.8,93.6,station path (audit only),86.1,MISSING,0,,,MISSING,UNTESTABLE_NO_CAUSAL_FORECAST_OR_BOOK,winner
0xd2666dc4802b17acbdb274158f0cce2351a7bbd7e682920d1caa2b9ca7f8fc5a,Tokyo,2026-04-26,2026-04-26T00:08:38+00:00,UNRECORDED,71.2,72.0,station path (audit only),65.5,MISSING,0,,,MISSING,UNTESTABLE_NO_CAUSAL_FORECAST_OR_BOOK,winner
0xd3e607f57c94564852815486b8a29753a339148a5eacd29ad1fbbb0894e1c47e,Toronto,2026-04-26,2026-04-26T04:00:10+00:00,UNRECORDED,60.4,61.2,station path (audit only),55.5,MISSING,0,,,MISSING,UNTESTABLE_NO_CAUSAL_FORECAST_OR_BOOK,winner
0x1e6f32a1f9bc473a29e3813c12e723288092934044a273f8b4bcd6568418cbca,Busan,2026-04-27,2026-04-27T01:10:48+00:00,UNRECORDED,82.0,,station path (audit only),76.2,MISSING,0,,,MISSING,UNTESTABLE_NO_CAUSAL_FORECAST_OR_BOOK,winner
0x410d6c623e2012494e21cab4cd9f12670765c49771441094b12e1334c6de1690,Chicago,2026-04-27,2026-04-27T05:04:52+00:00,UNRECORDED,72.0,,station path (audit only),65.2,MISSING,0,,,MISSING,UNTESTABLE_NO_CAUSAL_FORECAST_OR_BOOK,winner
0x297bc37f9a02db92e1e7b355336286fffaeb8dad95c20d7936e7b635824ce934,Chicago,2026-04-27,2026-04-27T07:31:04+00:00,UNRECORDED,70.0,71.0,station path (audit only),65.2,MISSING,0,,,MISSING,UNTESTABLE_NO_CAUSAL_FORECAST_OR_BOOK,winner
0xc9eaa6204bde44883cfb269f6e9413b09d4b39bc56a616caea6d111ce4828048,Jeddah,2026-04-27,2026-04-27T03:45:34+00:00,UNRECORDED,98.2,99.0,station path (audit only),92.8,MISSING,0,,,MISSING,UNTESTABLE_NO_CAUSAL_FORECAST_OR_BOOK,winner
0x849723b42ae646ce23481948e3255b5e90707a97b33e5d25e8e9c2d686c563d0,Jeddah,2026-04-27,2026-04-27T07:29:22+00:00,UNRECORDED,100.0,,station path (audit only),92.8,MISSING,0,,,MISSING,UNTESTABLE_NO_CAUSAL_FORECAST_OR_BOOK,winner
0x2615ff27671cd93369aa9f8f910e4340e41423b45cf7c48615cc57c8a75754e8,Kuala Lumpur,2026-04-27,2026-04-26T23:26:48+00:00,UNRECORDED,98.2,99.0,station path (audit only),91.9,MISSING,0,,,MISSING,UNTESTABLE_NO_CAUSAL_FORECAST_OR_BOOK,winner
0x2840489538c5e7440a5d2792e6ae49d7adb5fe47be7d3c6fee0903a4769c90b7,Kuala Lumpur,2026-04-27,2026-04-27T06:39:14+00:00,UNRECORDED,96.4,97.2,station path (audit only),91.9,MISSING,0,,,MISSING,UNTESTABLE_NO_CAUSAL_FORECAST_OR_BOOK,winner
0xadc7e201ccb943579ffbd836ec1d21cef455acf86a7ad28629343e9f77db982c,Miami,2026-04-27,2026-04-27T04:17:58+00:00,UNRECORDED,90.0,91.0,station path (audit only),81.9,MISSING,0,,,MISSING,UNTESTABLE_NO_CAUSAL_FORECAST_OR_BOOK,winner
0x4e86da58594a39f07ccc8d84294415a640dae75409db26161409132b2b57d938,Shanghai,2026-04-27,2026-04-27T06:10:18+00:00,UNRECORDED,85.6,86.4,station path (audit only),78.6,MISSING,0,,,MISSING,UNTESTABLE_NO_CAUSAL_FORECAST_OR_BOOK,winner
0x28165d3a30a37688fc41fbd71a17df7814a579dccfd369607e3116c80eeedd6e,Shanghai,2026-04-27,2026-04-27T03:39:52+00:00,UNRECORDED,83.8,84.6,station path (audit only),78.6,MISSING,0,,,MISSING,UNTESTABLE_NO_CAUSAL_FORECAST_OR_BOOK,winner
0x8da854a2b6c1e6ede3bf25b1e84664106c3e1ae3abd017309443e33adaa120e8,Singapore,2026-04-27,2026-04-27T03:25:46+00:00,UNRECORDED,91.0,91.8,station path (audit only),86.5,MISSING,0,,,MISSING,UNTESTABLE_NO_CAUSAL_FORECAST_OR_BOOK,winner
0x9d58d154cd9cf64b3982cfb8a154a7771ecef06fe6b360b43b87255bcc026415,Singapore,2026-04-27,2026-04-26T20:01:12+00:00,UNRECORDED,92.8,93.6,station path (audit only),86.5,MISSING,0,,,MISSING,UNTESTABLE_NO_CAUSAL_FORECAST_OR_BOOK,winner
0x9a948baa6b92bf2f1b02617f24ba570d65cc173414bbd6d7cc5aa8d69b392468,Tokyo,2026-04-27,2026-04-26T20:47:00+00:00,UNRECORDED,67.6,68.4,station path (audit only),63.0,MISSING,36,2026-04-27 13:30,,MISSING,UNTESTABLE_NO_CAUSAL_FORECAST_OR_BOOK,winner
0xb3eecd3966d610fd47d264362a653e78eab74f5494e3bfc741e10ef7cc76511f,Tokyo,2026-04-27,2026-04-26T20:53:00+00:00,UNRECORDED,69.4,,station path (audit only),63.0,MISSING,36,,,MISSING,UNTESTABLE_NO_CAUSAL_FORECAST_OR_BOOK,loser
0x33cc09f3f0c63da17e7c6037ee96c5f52e565b8fc0345373f45ac530e65a0144,Busan,2026-04-28,2026-04-27T20:33:42+00:00,UNRECORDED,76.6,77.4,station path (audit only),70.8,MISSING,0,,,MISSING,UNTESTABLE_NO_CAUSAL_FORECAST_OR_BOOK,winner
0xbf659004dca5dd4274a6f2b6da1bf37cd927f6e09dd05a2978720765d48f9d80,Dallas,2026-04-28,2026-04-28T10:12:12+00:00,UNRECORDED,92.0,,station path (audit only),83.5,MISSING,0,,,MISSING,UNTESTABLE_NO_CAUSAL_FORECAST_OR_BOOK,winner
0x5242e4ab07271ca107fd03fe5acb3dc409d15ba57205cb70419af4ca3cfa72fd,Dallas,2026-04-28,2026-04-28T05:19:36+00:00,UNRECORDED,90.0,91.0,station path (audit only),83.5,MISSING,0,,,MISSING,UNTESTABLE_NO_CAUSAL_FORECAST_OR_BOOK,winner
0xc625ddf641eca2e3a1dfaf2a802f7762cdaa31b977195b21d142bc22be6bf860,Istanbul,2026-04-28,2026-04-27T22:54:44+00:00,UNRECORDED,62.2,63.0,station path (audit only),56.8,MISSING,0,,,MISSING,UNTESTABLE_NO_CAUSAL_FORECAST_OR_BOOK,winner
0x23e522c77eb03c84195e095ab5f871a21beffc62ad4a04424dc2ad77dcee01b7,Jakarta,2026-04-28,2026-04-28T06:17:56+00:00,UNRECORDED,96.4,97.2,station path (audit only),89.4,MISSING,0,,,MISSING,UNTESTABLE_NO_CAUSAL_FORECAST_OR_BOOK,winner
0x433ef181f5b3c4e08e1c29d4246082b95017035c4eb6664fd17f9ab2ccb2a4a5,Jakarta,2026-04-28,2026-04-28T06:02:04+00:00,UNRECORDED,94.6,95.4,station path (audit only),89.4,MISSING,0,,,MISSING,UNTESTABLE_NO_CAUSAL_FORECAST_OR_BOOK,winner
0x69712664e5226bcca17b67013052685587f29de9ac6ecfe37d45c07cc273997f,Jeddah,2026-04-28,2026-04-28T06:21:08+00:00,UNRECORDED,98.2,,station path (audit only),92.1,MISSING,0,,,MISSING,UNTESTABLE_NO_CAUSAL_FORECAST_OR_BOOK,winner
0x902c92197ad0567fdd2300d6697ec147d8bb8779a38b6c13e18a1e4c0377d817,Kuala Lumpur,2026-04-28,2026-04-28T00:08:40+00:00,UNRECORDED,98.2,99.0,station path (audit only),91.9,MISSING,0,,,MISSING,UNTESTABLE_NO_CAUSAL_FORECAST_OR_BOOK,winner
0x8c124b79b4f512d9df7a000b9b99c226f3560f2138a0962998921413b8254dad,Qingdao,2026-04-28,2026-04-28T05:42:54+00:00,UNRECORDED,74.8,,station path (audit only),68.9,MISSING,0,,,MISSING,UNTESTABLE_NO_CAUSAL_FORECAST_OR_BOOK,winner
0xa3230b6cfce3d6f5d47711671a910e978d58048915827d6a2df2dc378150d838,Shanghai,2026-04-28,2026-04-27T20:26:06+00:00,UNRECORDED,73.0,73.8,station path (audit only),67.9,MISSING,0,,,MISSING,UNTESTABLE_NO_CAUSAL_FORECAST_OR_BOOK,winner
0x64a371fd3f33e3670f4ad66e85728e9389fd84a8630d3b9d6bf71f321fea3c16,Singapore,2026-04-28,2026-04-28T03:36:18+00:00,UNRECORDED,94.6,,station path (audit only),88.4,MISSING,0,,,MISSING,UNTESTABLE_NO_CAUSAL_FORECAST_OR_BOOK,winner
0xe1d4c7d00f0f31e74747fb97162ce2950a5ec4560c7f935e44f10a5c7c0e8794,Tokyo,2026-04-28,2026-04-27T20:06:30+00:00,UNRECORDED,76.6,,station path (audit only),71.1,MISSING,0,,,MISSING,UNTESTABLE_NO_CAUSAL_FORECAST_OR_BOOK,winner
0x7b942b95c645222c7057a8ee2404d6fcfec18a70753802a5a9e4f3cdb26516c9,Austin,2026-04-29,2026-04-29T05:05:50+00:00,UNRECORDED,84.0,85.0,station path (audit only),78.5,MISSING,0,,,MISSING,UNTESTABLE_NO_CAUSAL_FORECAST_OR_BOOK,winner
0x1a2a06144dc3c1b82cf8049baf537578bbf05e609bb2f4175165671472e1b8e7,Busan,2026-04-29,2026-04-29T00:06:44+00:00,UNRECORDED,69.4,70.2,station path (audit only),61.7,MISSING,0,,,MISSING,UNTESTABLE_NO_CAUSAL_FORECAST_OR_BOOK,winner
0xa2b6437858b8b735aa97e2ebb1726b25ff186be2d24c56bdba01b4d511875921,Busan,2026-04-29,2026-04-29T04:05:12+00:00,UNRECORDED,67.6,68.4,station path (audit only),61.7,MISSING,0,,,MISSING,UNTESTABLE_NO_CAUSAL_FORECAST_OR_BOOK,winner
0x131f7efb0668efbd39a7e9417d39197e53c85a91006f60f46f58038b2b3365d8,Dallas,2026-04-29,2026-04-29T05:13:02+00:00,UNRECORDED,,73.0,station path (audit only),68.2,MISSING,0,,,MISSING,UNTESTABLE_NO_CAUSAL_FORECAST_OR_BOOK,winner
0xcfbda81195ee9065fe92abb85c7e81e53168ae9649ebbe0f47d38127ab6096a6,Dallas,2026-04-29,2026-04-29T05:23:36+00:00,UNRECORDED,76.0,77.0,station path (audit only),68.2,MISSING,0,,,MISSING,UNTESTABLE_NO_CAUSAL_FORECAST_OR_BOOK,winner
0x1db0ea3b554100b68714dc04e0ec39c870446eb2797a7f974a1cfc5cd4d735f4,Istanbul,2026-04-29,2026-04-29T03:56:18+00:00,UNRECORDED,64.0,64.8,station path (audit only),59.4,MISSING,0,,,MISSING,UNTESTABLE_NO_CAUSAL_FORECAST_OR_BOOK,winner
0x32bb48296d8b064b6418525d0a7d88ce1f705b9ae9e31562f8b4d3b7083b7360,Jakarta,2026-04-29,2026-04-29T02:32:58+00:00,UNRECORDED,91.0,91.8,station path (audit only),86.5,MISSING,0,,,MISSING,UNTESTABLE_NO_CAUSAL_FORECAST_OR_BOOK,winner
0xaf277b9d7a30b90bb91e446c2fc4a898017cd0fb1d62b38f7e59f3c706093e77,Jakarta,2026-04-29,2026-04-29T02:21:28+00:00,UNRECORDED,96.4,97.2,station path (audit only),86.5,MISSING,0,,,MISSING,UNTESTABLE_NO_CAUSAL_FORECAST_OR_BOOK,winner
0xb41c9b1891bb194b98c404ce3d5afb2e776a39ab46c867fd9833af6245ae171f,Jakarta,2026-04-29,2026-04-29T04:54:36+00:00,UNRECORDED,94.6,95.4,station path (audit only),86.5,MISSING,0,,,MISSING,UNTESTABLE_NO_CAUSAL_FORECAST_OR_BOOK,winner
0x7b9f084a973da1165c2ee5b56a2cc603c90502508518792be196e65f67543043,Jeddah,2026-04-29,2026-04-29T03:04:34+00:00,UNRECORDED,96.4,,station path (audit only),91.3,MISSING,0,,,MISSING,UNTESTABLE_NO_CAUSAL_FORECAST_OR_BOOK,winner
0x9f3c0cb3ead77a8ba524d2ca63457a22f6ec735f5821795f75dfb1a9d480c963,Kuala Lumpur,2026-04-29,2026-04-29T04:34:04+00:00,UNRECORDED,92.8,93.6,station path (audit only),88.3,MISSING,0,,,MISSING,UNTESTABLE_NO_CAUSAL_FORECAST_OR_BOOK,winner
0x5c007e14ae17af2ba4c8871b914429bacdd20ecb9d903421e4f37083fc0a8907,Kuala Lumpur,2026-04-29,2026-04-29T05:05:40+00:00,UNRECORDED,94.6,95.4,station path (audit only),88.3,MISSING,0,,,MISSING,UNTESTABLE_NO_CAUSAL_FORECAST_OR_BOOK,winner
0x9736c092d828236843ba53dbf0cacc6003864ed66a1c8749fb8b4f76af18230e,Kuala Lumpur,2026-04-29,2026-04-29T05:09:10+00:00,UNRECORDED,98.2,99.0,station path (audit only),88.3,MISSING,0,,,MISSING,UNTESTABLE_NO_CAUSAL_FORECAST_OR_BOOK,winner
0xa30494e62b0cf6ea84c9cb40e995cec344d9474f3ef6be285faec9e2ad9d93b9,Kuala Lumpur,2026-04-29,2026-04-28T20:30:42+00:00,UNRECORDED,96.4,97.2,station path (audit only),88.3,MISSING,0,,,MISSING,UNTESTABLE_NO_CAUSAL_FORECAST_OR_BOOK,winner
0xf9a65ece91975f5d1f6eb80da62b22b72fac073aa313fd44584992aaec0eb52e,Madrid,2026-04-29,2026-04-28T22:09:18+00:00,UNRECORDED,69.4,70.2,station path (audit only),64.4,MISSING,0,,,MISSING,UNTESTABLE_NO_CAUSAL_FORECAST_OR_BOOK,winner
0x4fad06c4a83a43b2d07825a270d2d01b9979bc55de46621a975b2f386663362e,Singapore,2026-04-29,2026-04-29T00:12:32+00:00,UNRECORDED,94.6,95.4,station path (audit only),86.8,MISSING,0,,,MISSING,UNTESTABLE_NO_CAUSAL_FORECAST_OR_BOOK,winner
0xef1fb34a53cf878b601a2fec7c72fd0ed072c8743beb123a863031beed55e0c8,Singapore,2026-04-29,2026-04-29T05:23:24+00:00,UNRECORDED,92.8,93.6,station path (audit only),86.8,MISSING,0,,,MISSING,UNTESTABLE_NO_CAUSAL_FORECAST_OR_BOOK,winner
0xf9ac60f86dc5360489a020821ca93b3b902bd56ea84684fc1f45b698522cf900,Toronto,2026-04-29,2026-04-29T04:53:30+00:00,UNRECORDED,56.8,57.6,station path (audit only),52.1,MISSING,0,,,MISSING,UNTESTABLE_NO_CAUSAL_FORECAST_OR_BOOK,winner
0xedd9654479638f801fc848e24707acd61d86fc44f9436f1ae1d82cca90f07ed5,Wellington,2026-04-29,2026-04-28T23:59:28+00:00,UNRECORDED,67.6,68.4,station path (audit only),61.5,MISSING,0,,,MISSING,UNTESTABLE_NO_CAUSAL_FORECAST_OR_BOOK,winner
0x8c9abc3def2d82c33c147738ff2bf3733d9ff719afb2513390478fe1ef969eea,Busan,2026-04-30,2026-04-29T20:07:00+00:00,UNRECORDED,67.6,68.4,station path (audit only),62.8,MISSING,0,,,MISSING,UNTESTABLE_NO_CAUSAL_FORECAST_OR_BOOK,winner
0xed70eafbc15989cd223774b130b35c0b2dc5ecea0990bb1d9a644741649077e0,Busan,2026-04-30,2026-04-29T20:05:12+00:00,UNRECORDED,69.4,70.2,station path (audit only),62.8,MISSING,0,,,MISSING,UNTESTABLE_NO_CAUSAL_FORECAST_OR_BOOK,winner
0x3c8ccdfb708b9d6c2f8eb364ebd055055d3fa12e9e0b1989fd22afac49a30b29,Chicago,2026-04-30,2026-04-30T09:36:06+00:00,UNRECORDED,56.0,57.0,station path (audit only),50.6,MISSING,0,,,MISSING,UNTESTABLE_NO_CAUSAL_FORECAST_OR_BOOK,winner
0x8422acf59b903a1c7d2deb5de787ef53c586af2952e3902876d5392c595691f0,Chicago,2026-04-30,2026-04-30T05:00:16+00:00,UNRECORDED,58.0,59.0,station path (audit only),50.6,MISSING,0,,,MISSING,UNTESTABLE_NO_CAUSAL_FORECAST_OR_BOOK,winner
0x7dd146ba839d79a3eacb3b255c987ba8d9e8f4f6abc01acb68f5cc59c8e0fed0,Helsinki,2026-04-30,2026-04-30T07:03:54+00:00,UNRECORDED,62.2,63.0,station path (audit only),55.3,MISSING,0,,,MISSING,UNTESTABLE_NO_CAUSAL_FORECAST_OR_BOOK,winner
0x2c51dc8aa66e4ba0192ba6cd638e29a6b7e071d00a3fabe9cbacc4ff40fe762b,Istanbul,2026-04-30,2026-04-30T07:22:20+00:00,UNRECORDED,64.0,64.8,station path (audit only),56.1,MISSING,0,,,MISSING,UNTESTABLE_NO_CAUSAL_FORECAST_OR_BOOK,winner
0x9d723d9741e6c3647131b48ccc24079b8171523a8b085294d12e09ca9b59df1b,Jakarta,2026-04-30,2026-04-29T20:31:16+00:00,UNRECORDED,94.6,95.4,station path (audit only),86.9,MISSING,0,,,MISSING,UNTESTABLE_NO_CAUSAL_FORECAST_OR_BOOK,winner
0x91b22540bcc09752d976b2b1ea0b918a1b52631f88e9704d244e36e2b4d759be,Jeddah,2026-04-30,2026-04-29T22:09:00+00:00,UNRECORDED,94.6,95.4,station path (audit only),89.5,MISSING,0,,,MISSING,UNTESTABLE_NO_CAUSAL_FORECAST_OR_BOOK,winner
0x0d16ded2a49319d9fa3ff2bb4b6622a78da8d84e6ab1d50a901d0fe058a6599b,Kuala Lumpur,2026-04-30,2026-04-30T04:56:40+00:00,UNRECORDED,96.4,,station path (audit only),91.4,MISSING,0,,,MISSING,UNTESTABLE_NO_CAUSAL_FORECAST_OR_BOOK,winner
0xd416065e1ad2f6481d2a28724aa4eb66fb01ee2c5b500a2b3f0496df52418f7f,Los Angeles,2026-04-30,2026-04-30T07:01:18+00:00,UNRECORDED,72.0,,station path (audit only),67.4,MISSING,0,,,MISSING,UNTESTABLE_NO_CAUSAL_FORECAST_OR_BOOK,winner
0x6b8d4ad2676a6b822014512ab49b023f2ca1e7551a0dc154cc06d05698f82a98,Miami,2026-04-30,2026-04-30T04:05:10+00:00,UNRECORDED,92.0,93.0,station path (audit only),86.6,MISSING,0,,,MISSING,UNTESTABLE_NO_CAUSAL_FORECAST_OR_BOOK,winner
0x5cf8c52f2c859c82edf8f0da854cb749fd3111a59c46c0f46b929b5deb0b0ddb,Shanghai,2026-04-30,2026-04-30T02:03:38+00:00,UNRECORDED,69.4,70.2,station path (audit only),64.0,MISSING,0,,,MISSING,UNTESTABLE_NO_CAUSAL_FORECAST_OR_BOOK,winner
0x48e3658da3c966cafa91e06fc16c943fecf7c7e66e4572aded3e0eeba8f84ab9,Singapore,2026-04-30,2026-04-30T01:42:34+00:00,UNRECORDED,94.6,,station path (audit only),85.9,MISSING,0,,,MISSING,UNTESTABLE_NO_CAUSAL_FORECAST_OR_BOOK,winner
0xefffb8a4f6a9ab1b74982e038079503d2261509218c677f3c32a32a463c75e60,Singapore,2026-04-30,2026-04-29T20:00:06+00:00,UNRECORDED,92.8,93.6,station path (audit only),85.9,MISSING,0,,,MISSING,UNTESTABLE_NO_CAUSAL_FORECAST_OR_BOOK,winner
0xc5aa12c8f31bb42284458d517c344c7b5d73140a66f846ed272b7c36bb47fd6d,Toronto,2026-04-30,2026-04-30T07:57:22+00:00,UNRECORDED,55.0,55.8,station path (audit only),50.2,MISSING,0,,,MISSING,UNTESTABLE_NO_CAUSAL_FORECAST_OR_BOOK,winner
0x9719aebda052350ec924e2f1b2072e8ff8e7e61dc8dda7f18e6a380cf9afd430,Busan,2026-05-01,2026-05-01T01:26:40+00:00,UNRECORDED,76.6,77.4,station path (audit only),71.9,MISSING,0,,,MISSING,UNTESTABLE_NO_CAUSAL_FORECAST_OR_BOOK,winner
0x58486dc9a0b9e28028de01e2fc48294381d3e25eab90bd01913b2625ae9170f9,Jakarta,2026-05-01,2026-05-01T00:06:20+00:00,UNRECORDED,96.4,97.2,station path (audit only),89.1,MISSING,0,,,MISSING,UNTESTABLE_NO_CAUSAL_FORECAST_OR_BOOK,winner
0x46e9cb501449d21cbd75c0813e40ba4f7e3f3ea88e8a4b318d5798d547c610c8,Jeddah,2026-05-01,2026-04-30T22:08:28+00:00,UNRECORDED,98.2,,station path (audit only),92.8,MISSING,0,,,MISSING,UNTESTABLE_NO_CAUSAL_FORECAST_OR_BOOK,winner
0x7b53e37ee7ef5e541058b981f44088990616e2fc035f41411b6aa3c5c77b5af5,Kuala Lumpur,2026-05-01,2026-04-30T21:00:46+00:00,UNRECORDED,94.6,95.4,station path (audit only),89.6,MISSING,0,,,MISSING,UNTESTABLE_NO_CAUSAL_FORECAST_OR_BOOK,winner
0xb5b383e3da1c3b9beb0380139fbfccd245198f81fbe061a031d7db900471079f,Kuala Lumpur,2026-05-01,2026-05-01T03:34:10+00:00,UNRECORDED,96.4,97.2,station path (audit only),89.6,MISSING,0,,,MISSING,UNTESTABLE_NO_CAUSAL_FORECAST_OR_BOOK,winner
0x3e4fa586cb303a61a731ee20a60e09f17e35f29f5e93465527dfd146f5e8a7c7,Miami,2026-05-01,2026-05-01T05:55:24+00:00,UNRECORDED,92.0,93.0,station path (audit only),87.3,MISSING,0,,,MISSING,UNTESTABLE_NO_CAUSAL_FORECAST_OR_BOOK,winner
0x8f5f56ed28cd541ec162fba90e7bf4fc388aa565acb9d94c352aeb03d2630498,Qingdao,2026-05-01,2026-04-30T22:14:06+00:00,UNRECORDED,85.6,86.4,station path (audit only),81.1,MISSING,0,,,MISSING,UNTESTABLE_NO_CAUSAL_FORECAST_OR_BOOK,winner
0xab115ae36ffc5f4d354c13d8cddfaeff09a3e03b7c73939dbdd6b8fb8833de01,Singapore,2026-05-01,2026-05-01T00:39:46+00:00,UNRECORDED,92.8,93.6,station path (audit only),86.2,MISSING,0,,,MISSING,UNTESTABLE_NO_CAUSAL_FORECAST_OR_BOOK,winner
0x43b3eb661d0a79b8d6d3bd25767ecb66d5f8a443de480c756b0fc868dba36dc7,Singapore,2026-05-01,2026-05-01T03:23:40+00:00,UNRECORDED,91.0,91.8,station path (audit only),86.2,MISSING,0,,,MISSING,UNTESTABLE_NO_CAUSAL_FORECAST_OR_BOOK,winner
0xe3c186b82a023f9c2e25b66e5f3ce33917a738d8d90d9831ba7bc58197911e9e,Warsaw,2026-05-01,2026-04-30T22:50:46+00:00,UNRECORDED,71.2,72.0,station path (audit only),65.4,MISSING,0,,,MISSING,UNTESTABLE_NO_CAUSAL_FORECAST_OR_BOOK,winner
0xdfbf27c4f7173bf17daef85b597c5cd87658d6277d802d916159c26ed7722feb,Busan,2026-05-02,2026-05-01T21:51:06+00:00,UNRECORDED,78.4,79.2,station path (audit only),73.5,MISSING,0,,,MISSING,UNTESTABLE_NO_CAUSAL_FORECAST_OR_BOOK,winner
0x62a8c89ba6670c629486f87a42351c8914c1277ed6125aeb3d06af6bf1f846ab,Busan,2026-05-02,2026-05-01T23:56:56+00:00,UNRECORDED,80.2,,station path (audit only),73.5,MISSING,0,,,MISSING,UNTESTABLE_NO_CAUSAL_FORECAST_OR_BOOK,winner
0x922ce3a9e12e939c3ab2f5efb4ac52723e21f83ad99544710c53b8cbf2dc2f7e,Jakarta,2026-05-02,2026-05-01T22:00:32+00:00,UNRECORDED,92.8,93.6,station path (audit only),86.7,MISSING,0,,,MISSING,UNTESTABLE_NO_CAUSAL_FORECAST_OR_BOOK,winner
0x077022d20fc6fa055026d2df15766cfe5adce2fb3916e28ee783b97e9b973167,Jakarta,2026-05-02,2026-05-02T03:53:40+00:00,UNRECORDED,96.4,97.2,station path (audit only),86.7,MISSING,0,,,MISSING,UNTESTABLE_NO_CAUSAL_FORECAST_OR_BOOK,winner
0x24cae967c5232b204069d79da48906b40c16f363ed6fe1fae9b51c6cfce2e45f,Jakarta,2026-05-02,2026-05-02T07:07:48+00:00,UNRECORDED,94.6,95.4,station path (audit only),86.7,MISSING,0,,,MISSING,UNTESTABLE_NO_CAUSAL_FORECAST_OR_BOOK,winner
0x4f26a64deedb7af7ae8f34f043f7e4545e0eca5872215aa67d806adc1c6d2a4b,Jeddah,2026-05-02,2026-05-02T09:05:34+00:00,UNRECORDED,101.8,,station path (audit only),95.2,MISSING,0,,,MISSING,UNTESTABLE_NO_CAUSAL_FORECAST_OR_BOOK,winner
0x20a5d2c35051fe22a9bd165bd7d12ffc9d1f1534db6b45c14dabc0cca8a1876c,Jeddah,2026-05-02,2026-05-01T23:55:24+00:00,UNRECORDED,100.0,100.8,station path (audit only),95.2,MISSING,0,,,MISSING,UNTESTABLE_NO_CAUSAL_FORECAST_OR_BOOK,winner
0xf4379df3d26dffa22344b880fe481d89d2277a754120831b00e56ba3940445f2,Kuala Lumpur,2026-05-02,2026-05-02T03:26:22+00:00,UNRECORDED,96.4,,station path (audit only),89.0,MISSING,0,,,MISSING,UNTESTABLE_NO_CAUSAL_FORECAST_OR_BOOK,winner
0xbb3a262e4a2ecc275cd9b13d4b2f040dd5dadaedba76ccad81bf18fbd34da753,Kuala Lumpur,2026-05-02,2026-05-02T05:23:08+00:00,UNRECORDED,94.6,95.4,station path (audit only),89.0,MISSING,0,,,MISSING,UNTESTABLE_NO_CAUSAL_FORECAST_OR_BOOK,winner
0x9439efa6c80b9c2b0423d5caf85c14f584fba0b5ebacc2997c66901711696762,Los Angeles,2026-05-02,2026-05-02T07:13:44+00:00,UNRECORDED,70.0,71.0,station path (audit only),64.7,MISSING,0,,,MISSING,UNTESTABLE_NO_CAUSAL_FORECAST_OR_BOOK,winner
0x4fb36abcb40dd76072fe6c81f4f078b86ebebc5b59932c52faa4dfcee2a34032,Madrid,2026-05-02,2026-05-02T11:55:16+00:00,UNRECORDED,71.2,72.0,station path (audit only),66.5,MISSING,0,,,MISSING,UNTESTABLE_NO_CAUSAL_FORECAST_OR_BOOK,winner
0xfaa1cd230e1a906abce986b0e4ac62eda645c7d7472d3f66e2d6cbbafe804b79,Moscow,2026-05-02,2026-05-01T22:32:36+00:00,UNRECORDED,58.6,59.4,station path (audit only),53.8,MISSING,0,,,MISSING,UNTESTABLE_NO_CAUSAL_FORECAST_OR_BOOK,winner
0xaf2dc05ab73ff1761feb266377133de971c1696e95eb8c2163df0b1fefd51241,Moscow,2026-05-02,2026-05-01T21:08:08+00:00,UNRECORDED,60.4,61.2,station path (audit only),53.8,MISSING,0,,,MISSING,UNTESTABLE_NO_CAUSAL_FORECAST_OR_BOOK,winner
0x4208fd3ac697b9af272fbe2eb4c3566b70c7efa7adc123df09cbbb973c7e8724,Qingdao,2026-05-02,2026-05-02T02:37:48+00:00,UNRECORDED,74.8,75.6,station path (audit only),69.8,MISSING,0,,,MISSING,UNTESTABLE_NO_CAUSAL_FORECAST_OR_BOOK,winner
0xeeb572d1bbb1922d4a49d1c6cce2865da1fbc424b6dcd301f553848d5fb71df5,Shanghai,2026-05-02,2026-05-02T00:41:54+00:00,UNRECORDED,78.4,79.2,station path (audit only),73.3,MISSING,0,,,MISSING,UNTESTABLE_NO_CAUSAL_FORECAST_OR_BOOK,winner
0x904c34a1b47afbedebea330c9a04c590237515ae1d2ebe3a61b78368463a21a1,Singapore,2026-05-02,2026-05-02T03:53:40+00:00,UNRECORDED,94.6,,station path (audit only),86.4,MISSING,0,,,MISSING,UNTESTABLE_NO_CAUSAL_FORECAST_OR_BOOK,winner
0x0a24772a96dfb3fc7c525b8f7294af81cf4f8a65a9b6ab2f5239135418254939,Singapore,2026-05-02,2026-05-01T21:16:22+00:00,UNRECORDED,92.8,93.6,station path (audit only),86.4,MISSING,0,,,MISSING,UNTESTABLE_NO_CAUSAL_FORECAST_OR_BOOK,winner
0xedebd6b2bb6e464cecfafce7b596429c6688aab95a2e058034b8bb136218c24a,Jakarta,2026-05-03,2026-05-02T20:54:16+00:00,UNRECORDED,94.6,95.4,station path (audit only),87.2,MISSING,0,,,MISSING,UNTESTABLE_NO_CAUSAL_FORECAST_OR_BOOK,winner
0x18bf64fca3c8afc8aa2af5a2c2aa2f3cad208c0c83151d4268d569dd96b40979,Kuala Lumpur,2026-05-03,2026-05-02T20:02:36+00:00,UNRECORDED,94.6,95.4,station path (audit only),90.1,MISSING,0,,,MISSING,UNTESTABLE_NO_CAUSAL_FORECAST_OR_BOOK,winner
0x0a6ac25f068a19ccb4f179f7903be90ae782561ce35290fe6698713c3ef751ab,Los Angeles,2026-05-03,2026-05-03T07:12:30+00:00,UNRECORDED,68.0,69.0,station path (audit only),63.4,MISSING,0,,,MISSING,UNTESTABLE_NO_CAUSAL_FORECAST_OR_BOOK,winner
0x28974c8cdc4829600cc1a4cc9d9e5e00e695a8518220cc2e36fc2b9b25181e15,Qingdao,2026-05-03,2026-05-02T23:53:20+00:00,UNRECORDED,69.4,,station path (audit only),63.7,MISSING,0,,,MISSING,UNTESTABLE_NO_CAUSAL_FORECAST_OR_BOOK,winner
0xd7024e24a6350f2f380a8e0a77520c2eaff4116724acbd91a956742120262250,Singapore,2026-05-03,2026-05-02T21:52:32+00:00,UNRECORDED,92.8,93.6,station path (audit only),88.2,MISSING,0,,,MISSING,UNTESTABLE_NO_CAUSAL_FORECAST_OR_BOOK,winner
0xef24f1a3d8058eb5f597de1c12bd78a268c9273ad9df7f805ef4ddcb9be1b91e,Tokyo,2026-05-03,2026-05-02T20:07:24+00:00,UNRECORDED,76.6,77.4,station path (audit only),70.6,MISSING,0,,,MISSING,UNTESTABLE_NO_CAUSAL_FORECAST_OR_BOOK,winner
0xdc8673f6d24173c05e5a34fd0d0b811626e0605e03c1d096a7f1192a0f2ec369,Tokyo,2026-05-03,2026-05-03T02:58:54+00:00,UNRECORDED,78.4,,station path (audit only),70.6,MISSING,0,,,MISSING,UNTESTABLE_NO_CAUSAL_FORECAST_OR_BOOK,winner
0xfb84e13746064477d7380f4bdf1d75e785ea7389babcf4ebdc65a4ac7263b9e9,Busan,2026-05-04,2026-05-03T22:39:02+00:00,UNRECORDED,73.0,73.8,station path (audit only),67.7,MISSING,0,,,MISSING,UNTESTABLE_NO_CAUSAL_FORECAST_OR_BOOK,winner
0xee14d9ec3f1dad459898ad62d653dcaa414a1a2110a96ab2ca8ab66834e9f9ed,Busan,2026-05-04,2026-05-03T20:31:54+00:00,UNRECORDED,74.8,,station path (audit only),67.7,MISSING,0,,,MISSING,UNTESTABLE_NO_CAUSAL_FORECAST_OR_BOOK,winner
0x35d64ac9b33e3902db074b711fac61c1c3bfb391f9c0abd737749f656cbbdbbd,Istanbul,2026-05-04,2026-05-04T11:51:26+00:00,UNRECORDED,58.6,59.4,station path (audit only),53.9,MISSING,0,,,MISSING,UNTESTABLE_NO_CAUSAL_FORECAST_OR_BOOK,winner
0xfd82445bb430d185af15a1920b92096f174ddcf7997670e81514d08bfb1ed8ab,Jakarta,2026-05-04,2026-05-03T22:19:32+00:00,UNRECORDED,91.0,91.8,station path (audit only),86.2,MISSING,0,,,MISSING,UNTESTABLE_NO_CAUSAL_FORECAST_OR_BOOK,winner
0x4793c7cd022a40a94824ccdbd43a597f20cc2440ab3b95ea16b0fe8e30ea9468,Jakarta,2026-05-04,2026-05-03T20:52:54+00:00,UNRECORDED,94.6,95.4,station path (audit only),86.2,MISSING,0,,,MISSING,UNTESTABLE_NO_CAUSAL_FORECAST_OR_BOOK,winner
0x3ccdcaf5c06027b10aaf58083a0a23f64ad231ea4936ab2ec4a228964ff60e0e,Kuala Lumpur,2026-05-04,2026-05-03T20:51:32+00:00,UNRECORDED,94.6,95.4,station path (audit only),89.7,MISSING,0,,,MISSING,UNTESTABLE_NO_CAUSAL_FORECAST_OR_BOOK,winner
0x082771ef5f27a205333803ae27201bca9b492fa64c28abf386be7f40027cdbbd,Miami,2026-05-04,2026-05-04T04:09:30+00:00,UNRECORDED,86.0,87.0,station path (audit only),79.9,MISSING,0,,,MISSING,UNTESTABLE_NO_CAUSAL_FORECAST_OR_BOOK,winner
0xe417cd7d1586b135296c487cb1a8d5da3751fd8a2e3be8507ea73249b2f0c5b8,Miami,2026-05-04,2026-05-04T05:45:58+00:00,UNRECORDED,88.0,89.0,station path (audit only),79.9,MISSING,0,,,MISSING,UNTESTABLE_NO_CAUSAL_FORECAST_OR_BOOK,winner
0x528a3118dddd2245371d01b1479e219f1845e3f22d64f8fd90f3296debee24bd,Qingdao,2026-05-04,2026-05-04T02:11:00+00:00,UNRECORDED,76.6,77.4,station path (audit only),71.2,MISSING,0,,,MISSING,UNTESTABLE_NO_CAUSAL_FORECAST_OR_BOOK,winner
0xa5076cbb292ce2a69bdbf0703695481eb56064a0edc8b307418d65337b4fa433,Singapore,2026-05-04,2026-05-03T22:33:04+00:00,UNRECORDED,92.8,93.6,station path (audit only),87.3,MISSING,0,,,MISSING,UNTESTABLE_NO_CAUSAL_FORECAST_OR_BOOK,winner
0xf88e741c29affd96b9beec98075ad27e33cf069467f7547088e213c38ad501c2,Tokyo,2026-05-04,2026-05-04T01:31:44+00:00,UNRECORDED,82.0,,station path (audit only),74.8,MISSING,0,,,MISSING,UNTESTABLE_NO_CAUSAL_FORECAST_OR_BOOK,winner
0x407df36575ac0eed135e22e9a9fbd8e75ae209b31b717eecddbb5ce7e2a242f6,Tokyo,2026-05-04,2026-05-03T20:06:32+00:00,UNRECORDED,80.2,81.0,station path (audit only),74.8,MISSING,0,,,MISSING,UNTESTABLE_NO_CAUSAL_FORECAST_OR_BOOK,winner
0x8ca771fe93592e722181107480cb1d10971f9594d34d80b52c555af104ef8a36,Wellington,2026-05-04,2026-05-03T22:59:50+00:00,UNRECORDED,64.0,64.8,station path (audit only),59.1,MISSING,0,,,MISSING,UNTESTABLE_NO_CAUSAL_FORECAST_OR_BOOK,winner
0x538c7f92a9f3551dd3d58fbd909803a7d2b308bb1bc655f3b0b39fe7f11745ad,Busan,2026-05-05,2026-05-05T00:05:28+00:00,UNRECORDED,74.8,,station path (audit only),66.9,MISSING,0,,,MISSING,UNTESTABLE_NO_CAUSAL_FORECAST_OR_BOOK,winner
0x3d8a07d6d87abc6a24d4fe9b40cc2eff65fed646b58211cc90a23f2b27bed363,Busan,2026-05-05,2026-05-04T23:13:36+00:00,UNRECORDED,73.0,73.8,station path (audit only),66.9,MISSING,0,,,MISSING,UNTESTABLE_NO_CAUSAL_FORECAST_OR_BOOK,winner
0x4d83d3492698710d591ea370f99e7ee1d9f593e026c6652bbc285b416ccaee90,Jakarta,2026-05-05,2026-05-05T04:35:32+00:00,UNRECORDED,92.8,93.6,station path (audit only),85.0,MISSING,0,,,MISSING,UNTESTABLE_NO_CAUSAL_FORECAST_OR_BOOK,winner
0xd8e6692e684aa9b968b68af2215d956fa6fdd94397a083a3061a3ebd5329d63c,Jakarta,2026-05-05,2026-05-05T05:00:54+00:00,UNRECORDED,91.0,91.8,station path (audit only),85.0,MISSING,0,,,MISSING,UNTESTABLE_NO_CAUSAL_FORECAST_OR_BOOK,winner
0x960418c36dfec5f2b2024f1119f3e0f5a1a547f35f09a528e081bb3da95e23cb,Kuala Lumpur,2026-05-05,2026-05-04T20:02:54+00:00,UNRECORDED,94.6,95.4,station path (audit only),89.3,MISSING,0,,,MISSING,UNTESTABLE_NO_CAUSAL_FORECAST_OR_BOOK,winner
0xb17b126c8f51521381cb108b5e46e46acffa551b68449b982d70d183542a7d35,Madrid,2026-05-05,2026-05-05T08:39:54+00:00,UNRECORDED,71.2,72.0,station path (audit only),66.5,MISSING,0,,,MISSING,UNTESTABLE_NO_CAUSAL_FORECAST_OR_BOOK,winner
0x5078b88cc67d8accab2ff13a48fce696b69c13ff03beab64c127151aabfb5248,Moscow,2026-05-05,2026-05-05T07:40:40+00:00,UNRECORDED,80.2,81.0,station path (audit only),74.6,MISSING,0,,,MISSING,UNTESTABLE_NO_CAUSAL_FORECAST_OR_BOOK,winner
0x92746129f8f3236dfd5b897bbba4b55ea0ed623bb273adca28a48446a81ebbd2,Qingdao,2026-05-05,2026-05-05T05:30:58+00:00,UNRECORDED,76.6,77.4,station path (audit only),71.4,MISSING,0,,,MISSING,UNTESTABLE_NO_CAUSAL_FORECAST_OR_BOOK,winner
0x578f51b78d8d49569b557d1fb1e61e49163311db177ca1b34e899c0b5d41fde4,Qingdao,2026-05-05,2026-05-05T05:11:40+00:00,UNRECORDED,78.4,79.2,station path (audit only),71.4,MISSING,0,,,MISSING,UNTESTABLE_NO_CAUSAL_FORECAST_OR_BOOK,winner
0xa9801a3cb8300d550ea384e3b325aea3885bb71ce8bc2e0c17fd563c86aedd93,Qingdao,2026-05-05,2026-05-05T03:19:20+00:00,UNRECORDED,80.2,81.0,station path (audit only),71.4,MISSING,0,,,MISSING,UNTESTABLE_NO_CAUSAL_FORECAST_OR_BOOK,winner
0x10444ddba734281d3e4be19ecebc8dd5f28a5feb17bee29056c6fcaa9b0b9880,Qingdao,2026-05-05,2026-05-04T20:45:08+00:00,UNRECORDED,82.0,82.8,station path (audit only),71.4,MISSING,0,,,MISSING,UNTESTABLE_NO_CAUSAL_FORECAST_OR_BOOK,winner
0xf674f718308d85cff981668929d8e6e621020d9035d60b98f11b3fc7c95b8829,Seattle,2026-05-05,2026-05-05T07:00:52+00:00,UNRECORDED,78.0,,station path (audit only),72.0,MISSING,0,,,MISSING,UNTESTABLE_NO_CAUSAL_FORECAST_OR_BOOK,winner
0xa3e825983adc0552b22a010cf2804f8549a20b4a942cc31a8f521e6f04c14533,Shanghai,2026-05-05,2026-05-05T05:00:14+00:00,UNRECORDED,83.8,84.6,station path (audit only),74.0,MISSING,0,,,MISSING,UNTESTABLE_NO_CAUSAL_FORECAST_OR_BOOK,winner
0xf3a37043de9355d588b999d09e022dc06fff2fee08a65bc12e2e2727f69b5b92,Shanghai,2026-05-05,2026-05-05T05:00:10+00:00,UNRECORDED,82.0,82.8,station path (audit only),74.0,MISSING,0,,,MISSING,UNTESTABLE_NO_CAUSAL_FORECAST_OR_BOOK,winner
0x8ce79a937280644e77d77851d1fed32a63acb34c092f07e68cd4786180757ce0,Shanghai,2026-05-05,2026-05-04T22:49:18+00:00,UNRECORDED,80.2,81.0,station path (audit only),74.0,MISSING,0,,,MISSING,UNTESTABLE_NO_CAUSAL_FORECAST_OR_BOOK,winner
0xc29c97e3663606caebbc6110b47c8603f7428128c5e031f8c094e018bb803b0e,Singapore,2026-05-05,2026-05-05T05:54:26+00:00,UNRECORDED,91.0,91.8,station path (audit only),86.4,MISSING,0,,,MISSING,UNTESTABLE_NO_CAUSAL_FORECAST_OR_BOOK,winner
0x11b5b01ff8a8eaa244eb6c4d333c8f5e717e248f783a68d7148e5a1dc3bcd073,Singapore,2026-05-05,2026-05-04T20:03:28+00:00,UNRECORDED,92.8,,station path (audit only),86.4,MISSING,0,,,MISSING,UNTESTABLE_NO_CAUSAL_FORECAST_OR_BOOK,winner
0xc067cf983778eeb7cf1efb803816a195c07b99e2dbb149ac726dc9233b5ac880,Tokyo,2026-05-05,2026-05-05T03:53:44+00:00,UNRECORDED,73.0,,station path (audit only),67.7,MISSING,0,,,MISSING,UNTESTABLE_NO_CAUSAL_FORECAST_OR_BOOK,winner
0x53f6f236fae1631fd3642e88afb8d7bfe273fc81099a62fda2008a1d610382c2,Busan,2026-05-06,2026-05-06T04:00:20+00:00,UNRECORDED,76.6,,station path (audit only),70.8,MISSING,0,,,MISSING,UNTESTABLE_NO_CAUSAL_FORECAST_OR_BOOK,winner
0x49d5a31a3d6abc33be551d49119536923c965922177c4efd546c1825138f8c2d,Jakarta,2026-05-06,2026-05-05T20:10:04+00:00,UNRECORDED,94.6,95.4,station path (audit only),86.6,MISSING,0,,,MISSING,UNTESTABLE_NO_CAUSAL_FORECAST_OR_BOOK,winner
0x73fb22651b9172c7f5cc244b256cd78e918f6c664dcfea3e56894dc029ac6ccb,Jakarta,2026-05-06,2026-05-06T03:23:58+00:00,UNRECORDED,92.8,93.6,station path (audit only),86.6,MISSING,0,,,MISSING,UNTESTABLE_NO_CAUSAL_FORECAST_OR_BOOK,winner
0xa8cbb50fd1962ffd306984c1b343992f82aa57f6ac5ee68f13d801de6be5dea6,Jeddah,2026-05-06,2026-05-05T21:28:58+00:00,UNRECORDED,96.4,,station path (audit only),90.4,MISSING,0,,,MISSING,UNTESTABLE_NO_CAUSAL_FORECAST_OR_BOOK,winner
0xb7edbece591ae076a563608a2eba136607e387bf3cf1818b811d00e9036ad0ba,Kuala Lumpur,2026-05-06,2026-05-05T22:13:12+00:00,UNRECORDED,91.0,91.8,station path (audit only),86.5,MISSING,0,,,MISSING,UNTESTABLE_NO_CAUSAL_FORECAST_OR_BOOK,winner
0x8347a746f3b55fecd65e8d69686540b360ca2432a284b6ab0991d6967a41b5a2,Kuala Lumpur,2026-05-06,2026-05-06T01:20:24+00:00,UNRECORDED,92.8,93.6,station path (audit only),86.5,MISSING,0,,,MISSING,UNTESTABLE_NO_CAUSAL_FORECAST_OR_BOOK,winner
0x6f73a9434b1c5e192362fba11fc49966ca09f5a2f375e5a8a39d002ec0afcf36,Paris,2026-05-06,2026-05-05T23:04:12+00:00,UNRECORDED,64.0,,station path (audit only),58.4,MISSING,0,,,MISSING,UNTESTABLE_NO_CAUSAL_FORECAST_OR_BOOK,winner
0xe1c631f0749ddde331cd76201436c25350e171fe7fa9acde77eeb7e23f212770,Qingdao,2026-05-06,2026-05-05T20:56:12+00:00,UNRECORDED,82.0,82.8,station path (audit only),75.3,MISSING,0,,,MISSING,UNTESTABLE_NO_CAUSAL_FORECAST_OR_BOOK,winner
0xe09c5f381bf3e618d496b6f6d1ff946cd0dfea3dda217f96ccccc85219161197,Qingdao,2026-05-06,2026-05-06T03:38:40+00:00,UNRECORDED,80.2,81.0,station path (audit only),75.3,MISSING,0,,,MISSING,UNTESTABLE_NO_CAUSAL_FORECAST_OR_BOOK,winner
0xd2853417ef353323b2073cc45d48efbc475e872fe510f2e9cfb51d7e0d5c722c,Shanghai,2026-05-06,2026-05-05T21:11:58+00:00,UNRECORDED,82.0,82.8,station path (audit only),72.9,MISSING,0,,,MISSING,UNTESTABLE_NO_CAUSAL_FORECAST_OR_BOOK,winner
0xe5dc29a200b466b72a050f9e06745c9775e4a108db4bdd05cc2ea555403beb86,Shanghai,2026-05-06,2026-05-06T05:01:18+00:00,UNRECORDED,78.4,79.2,station path (audit only),72.9,MISSING,0,,,MISSING,UNTESTABLE_NO_CAUSAL_FORECAST_OR_BOOK,winner
0x446c7bc394babe2e5bfcdf8d8f6d73f25323d62404014369332eea986a7f679d,Shanghai,2026-05-06,2026-05-06T04:40:50+00:00,UNRECORDED,80.2,81.0,station path (audit only),72.9,MISSING,0,,,MISSING,UNTESTABLE_NO_CAUSAL_FORECAST_OR_BOOK,winner
0x176c17e9d6da9f9235fb95a13b4b712e481666fcfb7655359b74892581c59a9d,Singapore,2026-05-06,2026-05-05T20:08:44+00:00,UNRECORDED,91.0,91.8,station path (audit only),84.3,MISSING,0,,,MISSING,UNTESTABLE_NO_CAUSAL_FORECAST_OR_BOOK,winner
0xbd032a80eee9058aeb1a7e6390668d43d1d4b6be1db6fc7bd3ccee1fd296d39f,Singapore,2026-05-06,2026-05-06T04:01:38+00:00,UNRECORDED,89.2,90.0,station path (audit only),84.3,MISSING,0,,,MISSING,UNTESTABLE_NO_CAUSAL_FORECAST_OR_BOOK,winner
0xd2a6450d58f352987206fb6162af27727c5225569e929c780c4ce6b37ad69806,Tokyo,2026-05-06,2026-05-06T01:24:44+00:00,UNRECORDED,74.8,,station path (audit only),69.6,MISSING,0,,,MISSING,UNTESTABLE_NO_CAUSAL_FORECAST_OR_BOOK,winner
0x0806489614709e0dc4ea7c04b8133e4a6e241a5666c806e95b56aaaea485b291,Wellington,2026-05-06,2026-05-05T22:10:58+00:00,UNRECORDED,65.8,66.6,station path (audit only),61.1,MISSING,0,,,MISSING,UNTESTABLE_NO_CAUSAL_FORECAST_OR_BOOK,winner
0x6d51a80306abfeb68209f3e13f8d60586b8fcf37c72184d04352d19e7aa7ff74,Istanbul,2026-05-07,2026-05-06T21:05:25+00:00,UNRECORDED,74.8,,station path (audit only),68.6,MISSING,0,,,MISSING,UNTESTABLE_NO_CAUSAL_FORECAST_OR_BOOK,winner
0xfecf3839132318506a9521b42cc9468a62769ea795397cefe3df699a4343b235,Jakarta,2026-05-07,2026-05-06T20:13:51+00:00,UNRECORDED,94.6,95.4,station path (audit only),88.3,MISSING,0,,,MISSING,UNTESTABLE_NO_CAUSAL_FORECAST_OR_BOOK,winner
0x0eeff049ec2e69abb4b04446fddefe8c66eb0174962b43165059b388dc5b3df7,Jakarta,2026-05-07,2026-05-07T04:29:07+00:00,UNRECORDED,92.8,93.6,station path (audit only),88.3,MISSING,0,,,MISSING,UNTESTABLE_NO_CAUSAL_FORECAST_OR_BOOK,winner
0x880320c8da5a8726712f9aa7a0a4a77d37f27c187ac375d8b32f4f03ff36dac6,Kuala Lumpur,2026-05-07,2026-05-07T06:02:55+00:00,UNRECORDED,92.8,93.6,station path (audit only),86.7,MISSING,0,,,MISSING,UNTESTABLE_NO_CAUSAL_FORECAST_OR_BOOK,winner
0xac2bf1bf19995633cd7078cb59d57ea2b07e893124c32b0c6a1988d1e4e6f6cf,Kuala Lumpur,2026-05-07,2026-05-07T00:01:14+00:00,UNRECORDED,94.6,95.4,station path (audit only),86.7,MISSING,0,,,MISSING,UNTESTABLE_NO_CAUSAL_FORECAST_OR_BOOK,winner
0x39022a5dc870f7f3c0e8a3d3a8cb3868aea43a361b796c5951510bfae97f1fc5,Madrid,2026-05-07,2026-05-06T22:12:37+00:00,UNRECORDED,69.4,70.2,station path (audit only),63.6,MISSING,0,,,MISSING,UNTESTABLE_NO_CAUSAL_FORECAST_OR_BOOK,winner
0x736fe9d3b0eac0d71c82aa95c1972c4959865a4a2369a0d8361eea7e496de479,Paris,2026-05-07,2026-05-06T22:12:35+00:00,UNRECORDED,65.8,66.6,station path (audit only),60.6,MISSING,0,,,MISSING,UNTESTABLE_NO_CAUSAL_FORECAST_OR_BOOK,winner
0xf2d1a83a58a0304847479c407075c507ec1069b5b2f810dac844b21184fc9bd8,Shanghai,2026-05-07,2026-05-07T02:41:19+00:00,UNRECORDED,87.4,88.2,station path (audit only),81.5,MISSING,0,,,MISSING,UNTESTABLE_NO_CAUSAL_FORECAST_OR_BOOK,winner
0xbd3797d527cd8f4e30676923eb6b436dbb524e6f85d76d76ea8eb9678739b4b9,Singapore,2026-05-07,2026-05-06T23:38:15+00:00,UNRECORDED,92.8,93.6,station path (audit only),86.6,MISSING,0,,,MISSING,UNTESTABLE_NO_CAUSAL_FORECAST_OR_BOOK,winner
0x34b56015bf06c626de425679413874e88246cb554344d5cbe9418efa76f6af2c,Toronto,2026-05-07,2026-05-07T10:40:14+00:00,UNRECORDED,55.0,55.8,station path (audit only),49.2,MISSING,0,,,MISSING,UNTESTABLE_NO_CAUSAL_FORECAST_OR_BOOK,winner
0x4710e0e6a55e8d02b1ed305e0e2e339b09fe1bb8e5ad7f02637aa072fff7b1d6,Wellington,2026-05-07,2026-05-06T23:27:31+00:00,UNRECORDED,67.6,68.4,station path (audit only),63.0,MISSING,0,,,MISSING,UNTESTABLE_NO_CAUSAL_FORECAST_OR_BOOK,winner
0x285505394f009d0c325e1b67af81838bd549e52077fca7442e8ce7bf992a5ddd,Busan,2026-05-08,2026-05-08T04:08:12+00:00,UNRECORDED,74.8,75.6,station path (audit only),70.2,MISSING,0,,,MISSING,UNTESTABLE_NO_CAUSAL_FORECAST_OR_BOOK,winner
0x8b0ac176f565adc9c9d746de83cd71c3b2871df43faea42aba315908be4c20ed,Jakarta,2026-05-08,2026-05-08T00:34:47+00:00,UNRECORDED,94.6,95.4,station path (audit only),90.0,MISSING,0,,,MISSING,UNTESTABLE_NO_CAUSAL_FORECAST_OR_BOOK,winner
0x9679bbc33750a8efd347745e108b2fa5a46bf2acc9473f686c0ebb82a7924bef,Jakarta,2026-05-08,2026-05-07T20:14:18+00:00,UNRECORDED,96.4,97.2,station path (audit only),90.0,MISSING,0,,,MISSING,UNTESTABLE_NO_CAUSAL_FORECAST_OR_BOOK,winner
0x6bf1981afc7acaea2491898e2a281826293e2fb75faeb8171c9c1f58516768c3,Madrid,2026-05-08,2026-05-08T11:46:09+00:00,UNRECORDED,69.4,70.2,station path (audit only),63.4,MISSING,0,,,MISSING,UNTESTABLE_NO_CAUSAL_FORECAST_OR_BOOK,winner
0x4ea72eaa6e40f4b5e830cb89805a68524204202cb5db3736331de35c58aa5027,Seattle,2026-05-08,2026-05-08T07:07:50+00:00,UNRECORDED,66.0,67.0,station path (audit only),61.5,MISSING,0,,,MISSING,UNTESTABLE_NO_CAUSAL_FORECAST_OR_BOOK,winner
0x6985c84cbef698543e6ab4c890f99786bfd15797b48890e8258ec45caa44bf23,Shanghai,2026-05-08,2026-05-07T20:16:33+00:00,UNRECORDED,73.0,73.8,station path (audit only),68.5,MISSING,0,,,MISSING,UNTESTABLE_NO_CAUSAL_FORECAST_OR_BOOK,winner
0xc12622ef14c44240ffb7690e8f9bffd1384a2502e5cdd3589a7fa62001a77338,Singapore,2026-05-08,2026-05-07T20:03:55+00:00,UNRECORDED,89.2,90.0,station path (audit only),83.2,MISSING,0,,,MISSING,UNTESTABLE_NO_CAUSAL_FORECAST_OR_BOOK,winner
0x02649bc3358485369432cc61a6b6156d4a834f2aabb17ddf6f9a0c3cdb464576,Busan,2026-05-09,2026-05-08T22:30:25+00:00,UNRECORDED,78.4,79.2,station path (audit only),72.9,MISSING,0,,,MISSING,UNTESTABLE_NO_CAUSAL_FORECAST_OR_BOOK,winner
0x27f74adfd422298e0ce30c1568dfca833fcced1ac849e830540bf4b378899e01,Istanbul,2026-05-09,2026-05-09T10:21:11+00:00,UNRECORDED,71.2,72.0,station path (audit only),65.8,MISSING,21,,2026-05-09 13:50,MISSING,UNTESTABLE_NO_CAUSAL_FORECAST_OR_BOOK,winner
0x2027309ebc299b1a315775d5ec79281361f26ad07f44010e7d892972c96859f1,Istanbul,2026-05-09,2026-05-09T11:21:11+00:00,UNRECORDED,73.0,73.8,station path (audit only),65.8,MISSING,19,,2026-05-09 14:50,MISSING,UNTESTABLE_NO_CAUSAL_FORECAST_OR_BOOK,loser
0xb43829b5b7989e6d4eb790d370c901310ca8228c1ffa95baadeb14cbae0d6985,Istanbul,2026-05-09,2026-05-08T23:36:54+00:00,UNRECORDED,76.6,77.4,station path (audit only),65.8,MISSING,43,,,MISSING,UNTESTABLE_NO_CAUSAL_FORECAST_OR_BOOK,winner
0x3b6d23818b27cd992ec8b492f0fd271aaebbc31aa3136a6402d6faea25f21c82,Istanbul,2026-05-09,2026-05-09T11:29:16+00:00,UNRECORDED,78.4,79.2,station path (audit only),65.8,MISSING,19,,,MISSING,UNTESTABLE_NO_CAUSAL_FORECAST_OR_BOOK,winner
0x08764cec3769ef77fe51c90a981dc331428bec2d0b65c41a199d021703b46ea3,Istanbul,2026-05-09,2026-05-09T02:37:38+00:00,UNRECORDED,74.8,75.6,station path (audit only),65.8,MISSING,37,2026-05-09 14:20,,MISSING,UNTESTABLE_NO_CAUSAL_FORECAST_OR_BOOK,winner
0x5e553766d897104ad99b901febf36ad07d0be64cbfcd8a8c601c8df9872740cb,Jakarta,2026-05-09,2026-05-08T20:28:55+00:00,UNRECORDED,94.6,95.4,station path (audit only),88.3,MISSING,0,,,MISSING,UNTESTABLE_NO_CAUSAL_FORECAST_OR_BOOK,winner
0x764492a6bc3474ebb804d8047fedd05d216b19d8a368eef3492056c44916fcce,Jakarta,2026-05-09,2026-05-08T20:09:01+00:00,UNRECORDED,92.8,93.6,station path (audit only),88.3,MISSING,0,,,MISSING,UNTESTABLE_NO_CAUSAL_FORECAST_OR_BOOK,winner
0xbc065a44c7bd9f006633a71ed1c198fa30e5e3134207ef4bd68b1a6621f90b46,Miami,2026-05-09,2026-05-09T04:15:33+00:00,UNRECORDED,94.0,95.0,station path (audit only),89.0,MISSING,0,,,MISSING,UNTESTABLE_NO_CAUSAL_FORECAST_OR_BOOK,winner
0x7156413875a0a263e31e68266d3a5bd7386f0739ef7c004f51f16d2ad6c700ed,Moscow,2026-05-09,2026-05-08T21:41:32+00:00,UNRECORDED,58.6,59.4,station path (audit only),52.3,MISSING,0,,,MISSING,UNTESTABLE_NO_CAUSAL_FORECAST_OR_BOOK,winner
0xf0e05c5c94873c87cc1399e509bfd3eca0c52a904246d8c49e667eb9e9ef7696,Moscow,2026-05-09,2026-05-08T21:00:48+00:00,UNRECORDED,56.8,57.6,station path (audit only),52.3,MISSING,0,,,MISSING,UNTESTABLE_NO_CAUSAL_FORECAST_OR_BOOK,winner
0xcba6aca4d76345b3b25a0341010094824ed3b3cc1587c8d730f9bcacf8e1b9dc,Qingdao,2026-05-09,2026-05-09T04:10:46+00:00,UNRECORDED,85.6,86.4,station path (audit only),77.1,MISSING,0,,,MISSING,UNTESTABLE_NO_CAUSAL_FORECAST_OR_BOOK,winner
0xe1309682f9caed80c8aa5178a94c89b9233a719e8df03e295dbe3a14aa6ab866,Qingdao,2026-05-09,2026-05-09T02:58:51+00:00,UNRECORDED,83.8,84.6,station path (audit only),77.1,MISSING,0,,,MISSING,UNTESTABLE_NO_CAUSAL_FORECAST_OR_BOOK,winner
0x4c85a26ed0938d6d8601c47aa9ec441eab8226508a0cb6ecc0c48497caf74626,Qingdao,2026-05-09,2026-05-08T20:04:28+00:00,UNRECORDED,82.0,82.8,station path (audit only),77.1,MISSING,0,,,MISSING,UNTESTABLE_NO_CAUSAL_FORECAST_OR_BOOK,winner
0x4b12b61cf26c9c188fa40ddcdfa0b1cd9ed6e42bbf612e3b21543caa92a009d3,Shanghai,2026-05-09,2026-05-09T02:06:47+00:00,UNRECORDED,78.4,79.2,station path (audit only),71.3,MISSING,0,,,MISSING,UNTESTABLE_NO_CAUSAL_FORECAST_OR_BOOK,winner
0x7b0f98e54c117a9c158b367d127dec3eb81431fc4af25fce05637e57c892730b,Shanghai,2026-05-09,2026-05-08T20:12:40+00:00,UNRECORDED,76.6,77.4,station path (audit only),71.3,MISSING,0,,,MISSING,UNTESTABLE_NO_CAUSAL_FORECAST_OR_BOOK,winner
0x53bb92d90466f1164a69cf1ddc5f93cea5ee7a010acaf88e6e595dff7ac82208,Singapore,2026-05-09,2026-05-08T20:25:37+00:00,UNRECORDED,91.0,91.8,station path (audit only),86.2,MISSING,0,,,MISSING,UNTESTABLE_NO_CAUSAL_FORECAST_OR_BOOK,winner
0xf835b7cf336b9a18f6cacae12b8a87cde01a115ff925b0e194341a4cd113ba27,Singapore,2026-05-09,2026-05-09T02:23:16+00:00,UNRECORDED,92.8,93.6,station path (audit only),86.2,MISSING,0,,,MISSING,UNTESTABLE_NO_CAUSAL_FORECAST_OR_BOOK,winner
0xdc0c050b19d4d075667254c38248e15e2bfabe209685ec73e12a4a56d52b4606,Tokyo,2026-05-09,2026-05-09T01:02:18+00:00,UNRECORDED,78.4,,station path (audit only),73.5,MISSING,0,,,MISSING,UNTESTABLE_NO_CAUSAL_FORECAST_OR_BOOK,winner
0xb8a846b9916110017d7459b9abfc55292a04bee797f44f29ebcfd1487261a7b4,Busan,2026-05-10,2026-05-10T02:55:04+00:00,UNRECORDED,74.8,75.6,station path (audit only),69.4,MISSING,0,,,MISSING,UNTESTABLE_NO_CAUSAL_FORECAST_OR_BOOK,winner
0x1344b9d75f2d2075de1b151bb780e920b3eee743be2ca1039a43b52cea5ac147,Busan,2026-05-10,2026-05-09T23:14:04+00:00,UNRECORDED,76.6,77.4,station path (audit only),69.4,MISSING,0,,,MISSING,UNTESTABLE_NO_CAUSAL_FORECAST_OR_BOOK,winner
0x63ba77a65b4c3629eff3f78e005f43c6aec691390185142f8289fe945c7e3d80,Jakarta,2026-05-10,2026-05-09T21:24:56+00:00,UNRECORDED,94.6,95.4,station path (audit only),87.9,MISSING,0,,,MISSING,UNTESTABLE_NO_CAUSAL_FORECAST_OR_BOOK,winner
0xeabf22c5a4f7a2d68e41135aefb3019b27967ed7b0a3ad8579c991bfffcd8f5a,Kuala Lumpur,2026-05-10,2026-05-09T20:03:14+00:00,UNRECORDED,94.6,,station path (audit only),90.1,MISSING,0,,,MISSING,UNTESTABLE_NO_CAUSAL_FORECAST_OR_BOOK,winner
0x5060107906a65f8933e82d7dbe663467510a4d4bd7500928e417696b86d620fb,London,2026-05-10,2026-05-09T23:01:14+00:00,UNRECORDED,62.2,63.0,station path (audit only),57.4,MISSING,0,,,MISSING,UNTESTABLE_NO_CAUSAL_FORECAST_OR_BOOK,winner
0xabe2bab52e951374601872d5d4641b5d7c2af1e2368b55816b36117bf838bde9,Miami,2026-05-10,2026-05-10T07:18:07+00:00,UNRECORDED,94.0,95.0,station path (audit only),88.6,MISSING,0,,,MISSING,UNTESTABLE_NO_CAUSAL_FORECAST_OR_BOOK,winner
0x03d8af0f7d930f8d09f72e75d0f4257dfce0f8070db4fa1a25b8887023b3f134,Moscow,2026-05-10,2026-05-09T21:01:08+00:00,UNRECORDED,58.6,59.4,station path (audit only),54.1,MISSING,0,,,MISSING,UNTESTABLE_NO_CAUSAL_FORECAST_OR_BOOK,winner
0x7865a137b26debd1e4080b5390920ac638fd8148142d5b224d8a923de9f32e1e,Qingdao,2026-05-10,2026-05-10T01:22:19+00:00,UNRECORDED,82.0,82.8,station path (audit only),74.0,MISSING,0,,,MISSING,UNTESTABLE_NO_CAUSAL_FORECAST_OR_BOOK,winner
0x77d676f452c881423ba7ce4239b99a298430edd7558ed9d7464220e210bc7f81,Qingdao,2026-05-10,2026-05-10T04:08:55+00:00,UNRECORDED,80.2,81.0,station path (audit only),74.0,MISSING,0,,,MISSING,UNTESTABLE_NO_CAUSAL_FORECAST_OR_BOOK,winner
0xba773f84daa8049f59ebdae3d2b11a478e5e24023fa082fd3c97cc5f6fd80915,Shanghai,2026-05-10,2026-05-09T21:22:38+00:00,UNRECORDED,78.4,79.2,station path (audit only),73.9,MISSING,0,,,MISSING,UNTESTABLE_NO_CAUSAL_FORECAST_OR_BOOK,winner
0x537a742a74bba9f1c2698169e710b76422425f982d7613a9de8294ec122d7963,Singapore,2026-05-10,2026-05-10T02:03:23+00:00,UNRECORDED,92.8,,station path (audit only),86.8,MISSING,0,,,MISSING,UNTESTABLE_NO_CAUSAL_FORECAST_OR_BOOK,winner
0xf2e8508bec2aad5f1f8949055c2a54af0b053bbb04d78716efd2fdb9b8c03c1b,Tokyo,2026-05-10,2026-05-09T20:19:03+00:00,UNRECORDED,76.6,,station path (audit only),70.7,MISSING,0,,,MISSING,UNTESTABLE_NO_CAUSAL_FORECAST_OR_BOOK,winner
0xefb62931f58f229b30d4d830c3142781f712217968d92cf7c07c0e0889d794c7,Toronto,2026-05-10,2026-05-10T04:00:57+00:00,UNRECORDED,58.6,59.4,station path (audit only),52.2,MISSING,0,,,MISSING,UNTESTABLE_NO_CAUSAL_FORECAST_OR_BOOK,winner
0xad8eb032764def7d6cd11720acb1f4c95e02ce61a68ca3a139515bdc52ccb531,Austin,2026-05-11,2026-05-11T05:00:13+00:00,UNRECORDED,84.0,,station path (audit only),78.6,MISSING,0,,,MISSING,UNTESTABLE_NO_CAUSAL_FORECAST_OR_BOOK,winner
0xe7eb2ddca83750ee4e40ae204d45a95ea66f30c53dbb6b26fb48fe708fc11781,Busan,2026-05-11,2026-05-10T21:08:19+00:00,UNRECORDED,76.6,77.4,station path (audit only),72.0,MISSING,0,,,MISSING,UNTESTABLE_NO_CAUSAL_FORECAST_OR_BOOK,winner
0x5ed0ac27dc3faa0e03c8c2691e954617a8b25ec622f34343e01f1795835acecd,Chicago,2026-05-11,2026-05-11T05:01:51+00:00,UNRECORDED,60.0,61.0,station path (audit only),54.7,MISSING,0,,,MISSING,UNTESTABLE_NO_CAUSAL_FORECAST_OR_BOOK,winner
0x0489cdcfe8e91b9930ce97321b7d4e81e795fa5f2562a3ab81401c9064d7acd0,Jakarta,2026-05-11,2026-05-10T20:40:53+00:00,UNRECORDED,94.6,95.4,station path (audit only),88.2,MISSING,0,,,MISSING,UNTESTABLE_NO_CAUSAL_FORECAST_OR_BOOK,winner
0xa783a5f4f97a69b332228ea11bd88f4d6dfca321fef375922f15c4004bfeb6b0,Jakarta,2026-05-11,2026-05-10T20:54:33+00:00,UNRECORDED,96.4,97.2,station path (audit only),88.2,MISSING,0,,,MISSING,UNTESTABLE_NO_CAUSAL_FORECAST_OR_BOOK,winner
0xac9f8af3a42f03904a056b85dc07ecaa613ba57cdca53df7eb41971409c43f32,Los Angeles,2026-05-11,2026-05-11T08:08:46+00:00,UNRECORDED,72.0,,station path (audit only),66.8,MISSING,0,,,MISSING,UNTESTABLE_NO_CAUSAL_FORECAST_OR_BOOK,winner
0xdf7db88bd2b5dea6544d24aeeb04ff9f5d0da18321d735f4809c87c2c6849767,Moscow,2026-05-11,2026-05-10T21:01:05+00:00,UNRECORDED,58.6,59.4,station path (audit only),53.6,MISSING,0,,,MISSING,UNTESTABLE_NO_CAUSAL_FORECAST_OR_BOOK,winner
0x5ec8bec02d5b7944fdf8bb3d7ae7f09988b5e2af51378fc6d73dd691fde8f6ec,Qingdao,2026-05-11,2026-05-11T00:23:01+00:00,UNRECORDED,80.2,,station path (audit only),74.8,MISSING,0,,,MISSING,UNTESTABLE_NO_CAUSAL_FORECAST_OR_BOOK,winner
0x19eeec119404580c4d5031fba9a7456d1f014be5020f22658624b85f1f0012b2,Shanghai,2026-05-11,2026-05-10T20:08:53+00:00,UNRECORDED,87.4,,station path (audit only),80.0,MISSING,0,,,MISSING,UNTESTABLE_NO_CAUSAL_FORECAST_OR_BOOK,winner
0xd0396cd1343cc1675c4da18f6ccd160849a093cf231f6b8d7fd81710e626b02f,Shanghai,2026-05-11,2026-05-10T20:07:24+00:00,UNRECORDED,85.6,86.4,station path (audit only),80.0,MISSING,0,,,MISSING,UNTESTABLE_NO_CAUSAL_FORECAST_OR_BOOK,winner
0x554debc3b4ed4f96d86feef66ba81498c97875d8241d45f4f5b80cb55b340859,Singapore,2026-05-11,2026-05-10T22:15:00+00:00,UNRECORDED,92.8,93.6,station path (audit only),87.4,MISSING,0,,,MISSING,UNTESTABLE_NO_CAUSAL_FORECAST_OR_BOOK,winner
0x423424d6128a59f245e4af5dd5d8e28db97ec0f6b50a4ee718e715bdc3b0b180,Tokyo,2026-05-11,2026-05-11T05:05:56+00:00,UNRECORDED,76.6,,station path (audit only),71.0,MISSING,0,,,MISSING,UNTESTABLE_NO_CAUSAL_FORECAST_OR_BOOK,winner
0x87891eb736a095ea4d9c727547a89e7ba893c015594a4a2558969dfa729588b2,Toronto,2026-05-11,2026-05-11T04:07:22+00:00,UNRECORDED,56.8,57.6,station path (audit only),51.1,MISSING,0,,,MISSING,UNTESTABLE_NO_CAUSAL_FORECAST_OR_BOOK,winner
0x3d0a7bac8708ba9dbc3e0127ee52c7c3987816e4be4d54d2ed2bc4b305dcabcb,Busan,2026-05-12,2026-05-11T20:41:43+00:00,UNRECORDED,73.0,73.8,station path (audit only),66.4,MISSING,0,,,MISSING,UNTESTABLE_NO_CAUSAL_FORECAST_OR_BOOK,winner
0xaa59a28e392e4bb4483641efa7140f1b72ea095573666136efbb5dd15b154130,Busan,2026-05-12,2026-05-12T02:33:54+00:00,UNRECORDED,76.6,,station path (audit only),66.4,MISSING,0,,,MISSING,UNTESTABLE_NO_CAUSAL_FORECAST_OR_BOOK,winner
0x213ab28d7ed29afe86dde136e3ed45e7b1773a67517ac98df3b765930429d1d9,Busan,2026-05-12,2026-05-12T02:34:04+00:00,UNRECORDED,74.8,75.6,station path (audit only),66.4,MISSING,0,,,MISSING,UNTESTABLE_NO_CAUSAL_FORECAST_OR_BOOK,winner
0x0f1cc3945a2465e3b30c9a18966f345f97e30b1c0b11b8c3d5429d943d4e5e08,Busan,2026-05-12,2026-05-11T21:54:32+00:00,UNRECORDED,71.2,72.0,station path (audit only),66.4,MISSING,0,,,MISSING,UNTESTABLE_NO_CAUSAL_FORECAST_OR_BOOK,winner
0x7ff8bed6d9911c9e51244deeb38e8278eae661b0947512f6ce1fa220c14c2eb0,Jakarta,2026-05-12,2026-05-11T22:29:41+00:00,UNRECORDED,96.4,97.2,station path (audit only),90.0,MISSING,0,,,MISSING,UNTESTABLE_NO_CAUSAL_FORECAST_OR_BOOK,winner
0xc0f4be11d37fe8f72445a81983399c52bb3e0017a318a82a4e7300b553ccde97,Kuala Lumpur,2026-05-12,2026-05-12T06:00:59+00:00,UNRECORDED,92.8,93.6,station path (audit only),87.9,MISSING,0,,,MISSING,UNTESTABLE_NO_CAUSAL_FORECAST_OR_BOOK,winner
0x5959342aa9cc8113f844235aed00eb422653f79f4a8d4f537edfe12833bc285d,Kuala Lumpur,2026-05-12,2026-05-11T21:17:46+00:00,UNRECORDED,94.6,95.4,station path (audit only),87.9,MISSING,0,,,MISSING,UNTESTABLE_NO_CAUSAL_FORECAST_OR_BOOK,winner
0xdce11c497ee640af75f3ff1b11b222bca26e184293c49fa2cab388dcd3340a0f,Los Angeles,2026-05-12,2026-05-12T07:00:20+00:00,UNRECORDED,70.0,,station path (audit only),64.7,MISSING,0,,,MISSING,UNTESTABLE_NO_CAUSAL_FORECAST_OR_BOOK,winner
0xa2224e8554e05ef4475bb3aa9116ebb037f14ae0f3088ad75de0d4db7de84e4c,Singapore,2026-05-12,2026-05-11T20:15:15+00:00,UNRECORDED,91.0,91.8,station path (audit only),85.0,MISSING,0,,,MISSING,UNTESTABLE_NO_CAUSAL_FORECAST_OR_BOOK,winner
0x75523be196750ba0db2ebb55b08781f83829784006ee8d4cfa7503bb13cf979d,Busan,2026-05-13,2026-05-12T20:11:43+00:00,UNRECORDED,80.2,81.0,station path (audit only),74.7,MISSING,0,,,MISSING,UNTESTABLE_NO_CAUSAL_FORECAST_OR_BOOK,winner
0xd2e1e1591d8f1c6e544e6c047f2faa2a04d2b1064f266c867d87e98fba5ac07e,Helsinki,2026-05-13,2026-05-13T04:01:42+00:00,UNRECORDED,65.8,,station path (audit only),61.0,MISSING,34,,,MISSING,UNTESTABLE_NO_CAUSAL_FORECAST_OR_BOOK,loser
0x29a422ec1820ad03d88677cb7b4b8f19ea94ff119bee491b023bd7ec37f7690f,Jakarta,2026-05-13,2026-05-13T04:45:29+00:00,UNRECORDED,98.2,99.0,station path (audit only),91.0,MISSING,0,,,MISSING,UNTESTABLE_NO_CAUSAL_FORECAST_OR_BOOK,winner
0xe21712c35279c5d3d228cae5421ab121305347cf3d88585b3e097f0553ca22b5,Jakarta,2026-05-13,2026-05-12T20:53:03+00:00,UNRECORDED,96.4,97.2,station path (audit only),91.0,MISSING,0,,,MISSING,UNTESTABLE_NO_CAUSAL_FORECAST_OR_BOOK,winner
0x4f8b1eaf5da2002a68df0badf193b0706e8e72d44a9f0b8f648f384fab4e9d03,Jeddah,2026-05-13,2026-05-12T21:25:01+00:00,UNRECORDED,101.8,,station path (audit only),96.4,MISSING,0,,,MISSING,UNTESTABLE_NO_CAUSAL_FORECAST_OR_BOOK,winner
0x20ba8f8b9ec516bae1eecabc78cf62ed49adc065c36f2d652eac7a9dc0325df9,Moscow,2026-05-13,2026-05-12T21:05:12+00:00,UNRECORDED,74.8,75.6,station path (audit only),69.7,MISSING,0,,,MISSING,UNTESTABLE_NO_CAUSAL_FORECAST_OR_BOOK,winner
0xa7b2b53de53a4c370456acac72fc82d6c37285a0127dd0e976330343317e2433,Qingdao,2026-05-13,2026-05-13T00:30:11+00:00,UNRECORDED,82.0,82.8,station path (audit only),77.4,MISSING,0,,,MISSING,UNTESTABLE_NO_CAUSAL_FORECAST_OR_BOOK,winner
0x1bdbb7c26c5022be24c6045433921394277b4296b89e3b1db5a360a34de4c044,Seattle,2026-05-13,2026-05-13T07:56:39+00:00,UNRECORDED,62.0,63.0,station path (audit only),55.5,MISSING,0,,,MISSING,UNTESTABLE_NO_CAUSAL_FORECAST_OR_BOOK,winner
0xa7055e4e0a3ef90b6da4333b88a828bf1e272922520695ff22d6447d91416b22,Shanghai,2026-05-13,2026-05-13T00:01:08+00:00,UNRECORDED,83.8,84.6,station path (audit only),77.1,MISSING,0,,,MISSING,UNTESTABLE_NO_CAUSAL_FORECAST_OR_BOOK,winner
0x6dc0fe1d64f1df6a1807d596cedbe655e7c78e37ed89d531b0bd47f8b8ee56b3,Shanghai,2026-05-13,2026-05-12T20:10:24+00:00,UNRECORDED,82.0,82.8,station path (audit only),77.1,MISSING,0,,,MISSING,UNTESTABLE_NO_CAUSAL_FORECAST_OR_BOOK,winner
0x11cf6a7f3d5a16d4d5173ea83cb2b2bbce14cf26068aa69dadda9dc3c3cdd182,Singapore,2026-05-13,2026-05-12T21:06:50+00:00,UNRECORDED,91.0,91.8,station path (audit only),85.8,MISSING,0,,,MISSING,UNTESTABLE_NO_CAUSAL_FORECAST_OR_BOOK,winner
0x3cad03f8b6df96c619eeefe96718b6e2ffd5e0c0ecf9f22f52c20f375c52f24c,Busan,2026-05-14,2026-05-14T00:08:34+00:00,UNRECORDED,82.0,,station path (audit only),76.1,MISSING,0,,,MISSING,UNTESTABLE_NO_CAUSAL_FORECAST_OR_BOOK,winner
0x62995c5854405b18e71f29bf532848b5c6add89b8146e739bc7db0f7b40ddb44,Istanbul,2026-05-14,2026-05-13T21:08:05+00:00,UNRECORDED,64.0,64.8,station path (audit only),58.9,MISSING,0,,,MISSING,UNTESTABLE_NO_CAUSAL_FORECAST_OR_BOOK,winner
0x7f02e043da367a8d6604e3609ceee2403c0fc23925ff20873325ab2cc59a747f,Istanbul,2026-05-14,2026-05-13T21:08:03+00:00,UNRECORDED,65.8,,station path (audit only),58.9,MISSING,0,,,MISSING,UNTESTABLE_NO_CAUSAL_FORECAST_OR_BOOK,winner
0xc940edf19fdaa89e79c6b0ca9f4e8bcec060cc51266da8739e99f98802fef923,Jakarta,2026-05-14,2026-05-14T05:44:34+00:00,UNRECORDED,94.6,95.4,station path (audit only),90.1,MISSING,0,,,MISSING,UNTESTABLE_NO_CAUSAL_FORECAST_OR_BOOK,winner
0xe1c648083cd28e13e00edfe309e23e567e586e2f91d5a68c300ac154b3d44c98,Jakarta,2026-05-14,2026-05-13T20:00:34+00:00,UNRECORDED,96.4,97.2,station path (audit only),90.1,MISSING,0,,,MISSING,UNTESTABLE_NO_CAUSAL_FORECAST_OR_BOOK,winner
0x9d10e98e20b6541b56455b93d77067fe73bdc9f6b119f3078236cbc485d420db,Kuala Lumpur,2026-05-14,2026-05-14T00:51:51+00:00,UNRECORDED,94.6,95.4,station path (audit only),89.6,MISSING,0,,,MISSING,UNTESTABLE_NO_CAUSAL_FORECAST_OR_BOOK,winner
0xd46db1e4aa898856ab3d37ea2d4565c1d827ab8db51b3a24c0c11ec0efafd4e7,Kuala Lumpur,2026-05-14,2026-05-13T21:43:10+00:00,UNRECORDED,96.4,,station path (audit only),89.6,MISSING,0,,,MISSING,UNTESTABLE_NO_CAUSAL_FORECAST_OR_BOOK,winner
0x59c1488384aad23f10c4d3ebd6768aaac073e647f76fb2f8a5559d5c470d0f63,Madrid,2026-05-14,2026-05-13T22:05:08+00:00,UNRECORDED,74.8,75.6,station path (audit only),69.8,MISSING,0,,,MISSING,UNTESTABLE_NO_CAUSAL_FORECAST_OR_BOOK,winner
0x37750f5b21e3b5259fb4e98760cf3a66e4cc4e0210c05c96261383782946739a,Moscow,2026-05-14,2026-05-14T04:20:39+00:00,UNRECORDED,76.6,77.4,station path (audit only),71.2,MISSING,0,,,MISSING,UNTESTABLE_NO_CAUSAL_FORECAST_OR_BOOK,winner
0x3f457c30c386938bc45e3269004ed7b0eb4a0e20a0cd0058b452296031966468,Shanghai,2026-05-14,2026-05-13T21:02:48+00:00,UNRECORDED,82.0,82.8,station path (audit only),77.5,MISSING,0,,,MISSING,UNTESTABLE_NO_CAUSAL_FORECAST_OR_BOOK,winner
0x8f5594b7503b54beafaee0395154e005dcc37c6197ce6398d79ceba20c77c594,Singapore,2026-05-14,2026-05-13T20:28:42+00:00,UNRECORDED,92.8,93.6,station path (audit only),88.3,MISSING,0,,,MISSING,UNTESTABLE_NO_CAUSAL_FORECAST_OR_BOOK,winner
0x945e949d7af76674426689fb055513e700342a4adef1abcf01d37e535a369bab,Tokyo,2026-05-14,2026-05-13T21:08:52+00:00,UNRECORDED,80.2,,station path (audit only),74.1,MISSING,0,,,MISSING,UNTESTABLE_NO_CAUSAL_FORECAST_OR_BOOK,winner
0x49e4351963920040fdf7737e914c26669aa940c3a06e31703bab2a5b8b44ba6c,Toronto,2026-05-14,2026-05-14T04:50:35+00:00,UNRECORDED,56.8,,station path (audit only),50.0,MISSING,0,,,MISSING,UNTESTABLE_NO_CAUSAL_FORECAST_OR_BOOK,winner
0xed7eaaff586e57d09f8ab4164178e3c9865b1183d1ac7e73961bfaad7463775b,Toronto,2026-05-14,2026-05-14T09:03:57+00:00,UNRECORDED,55.0,55.8,station path (audit only),50.0,MISSING,0,,,MISSING,UNTESTABLE_NO_CAUSAL_FORECAST_OR_BOOK,winner
0x71adae3520cfac9aad43636fcc731f8c2d0557b5b6f1de09b6edccf0500a5d18,Busan,2026-05-15,2026-05-15T03:59:16+00:00,UNRECORDED,82.0,82.8,station path (audit only),77.0,MISSING,0,,,MISSING,UNTESTABLE_NO_CAUSAL_FORECAST_OR_BOOK,winner
0x6e6b3f9f713f0bf12535e853ade382a1a410a0b9d77dd966cfbb2bee49ec5e30,Jakarta,2026-05-15,2026-05-14T23:42:32+00:00,UNRECORDED,94.6,95.4,station path (audit only),85.7,MISSING,0,,,MISSING,UNTESTABLE_NO_CAUSAL_FORECAST_OR_BOOK,winner
0x53e6ef015caeaf3731c7e66be62f3abdef917c1ffaecc1df840806bf7e006a0e,Jakarta,2026-05-15,2026-05-14T21:26:00+00:00,UNRECORDED,92.8,93.6,station path (audit only),85.7,MISSING,0,,,MISSING,UNTESTABLE_NO_CAUSAL_FORECAST_OR_BOOK,winner
0x7df05fb94416df16d67f30b6c277f69a055a8d5dd1a06aa3dadb7785fb3acbd0,Kuala Lumpur,2026-05-15,2026-05-14T23:31:39+00:00,UNRECORDED,92.8,,station path (audit only),87.4,MISSING,0,,,MISSING,UNTESTABLE_NO_CAUSAL_FORECAST_OR_BOOK,winner
0x4218e1406c9e8cdc254d230b5aa3df9837758bb3d76de2059869497266826d9f,Moscow,2026-05-15,2026-05-15T06:06:15+00:00,UNRECORDED,74.8,75.6,station path (audit only),69.5,MISSING,0,,,MISSING,UNTESTABLE_NO_CAUSAL_FORECAST_OR_BOOK,winner
0xa5b2dc97c8b34c188571bb1b528980bcdc7f5131eb08f5c04f5fb0dd86075cf7,Shanghai,2026-05-15,2026-05-14T20:35:38+00:00,UNRECORDED,82.0,82.8,station path (audit only),75.5,MISSING,0,,,MISSING,UNTESTABLE_NO_CAUSAL_FORECAST_OR_BOOK,winner
0x3d5c1a3a211234a5ade88d2f2529fe6f053bfe2bb33b71dd8668209e474863d8,Shanghai,2026-05-15,2026-05-14T20:25:01+00:00,UNRECORDED,80.2,81.0,station path (audit only),75.5,MISSING,0,,,MISSING,UNTESTABLE_NO_CAUSAL_FORECAST_OR_BOOK,winner
0xc336f509d77adc0d89864f7466df18accdd645cd5a9b699298946e4a2c522184,Tokyo,2026-05-15,2026-05-14T20:02:11+00:00,UNRECORDED,78.4,79.2,station path (audit only),73.5,MISSING,0,,,MISSING,UNTESTABLE_NO_CAUSAL_FORECAST_OR_BOOK,winner
0x0291dbbd715d2bfff52ba200c9a707b7309dfa302f40dd0a0540ac6c72211e88,Busan,2026-05-16,2026-05-16T02:59:41+00:00,UNRECORDED,82.0,82.8,station path (audit only),77.5,MISSING,13,,2026-05-16 12:00,MISSING,UNTESTABLE_NO_CAUSAL_FORECAST_OR_BOOK,winner
0xa1c028e3f9678c482ffc625ec0af9e1c8e72eb4511c3d0fdb31ed6e27ae51aa0,Busan,2026-05-16,2026-05-16T03:14:39+00:00,UNRECORDED,89.2,,station path (audit only),77.5,MISSING,12,,,MISSING,UNTESTABLE_NO_CAUSAL_FORECAST_OR_BOOK,winner
0xaf8a84d58c4c923308ee526f4a22e173e62f53c9db1f408e8c18f0706ffc23e2,Busan,2026-05-16,2026-05-15T22:36:33+00:00,UNRECORDED,87.4,88.2,station path (audit only),77.5,MISSING,17,,,MISSING,UNTESTABLE_NO_CAUSAL_FORECAST_OR_BOOK,winner
0x07112b438000441e51b90733e8f4021d6540ff099ea9da9c1807dd94f78752a6,Busan,2026-05-16,2026-05-16T04:04:44+00:00,UNRECORDED,85.6,86.4,station path (audit only),77.5,MISSING,10,,,MISSING,UNTESTABLE_NO_CAUSAL_FORECAST_OR_BOOK,winner
0x0280f644cd087f97d83d778d7cd08dbda6edb149c005da4a2f0cb91dcc19aa58,Jakarta,2026-05-16,2026-05-15T20:07:02+00:00,UNRECORDED,92.8,93.6,station path (audit only),87.9,MISSING,0,,,MISSING,UNTESTABLE_NO_CAUSAL_FORECAST_OR_BOOK,winner
0x2b29b1f4ead752443aa0a284ee2cff2ac5f12b4ea37b88606bcaa6e819e0d7f6,Kuala Lumpur,2026-05-16,2026-05-15T21:38:27+00:00,UNRECORDED,92.8,,station path (audit only),87.0,MISSING,0,,,MISSING,UNTESTABLE_NO_CAUSAL_FORECAST_OR_BOOK,winner
0x422292b3d3c169c7b579a28783b875161c030576e2eb02a423997cebe35ecf90,Manila,2026-05-16,2026-05-16T06:01:26+00:00,UNRECORDED,96.4,97.2,station path (audit only),91.2,MISSING,0,,,MISSING,UNTESTABLE_NO_CAUSAL_FORECAST_OR_BOOK,winner
0x95cf24b28f1c91d148c8bcfa533e3ec64da6178d48323e1d47422f74ec4921e5,Seattle,2026-05-16,2026-05-16T07:44:28+00:00,UNRECORDED,58.0,59.0,station path (audit only),51.9,MISSING,0,,,MISSING,UNTESTABLE_NO_CAUSAL_FORECAST_OR_BOOK,winner
0xeda4f87bc896041d83cfdf3a730568471fa40e0f1361e0f60953c3c6fc3db752,Tokyo,2026-05-16,2026-05-15T20:33:51+00:00,UNRECORDED,82.0,,station path (audit only),75.1,MISSING,0,,,MISSING,UNTESTABLE_NO_CAUSAL_FORECAST_OR_BOOK,winner
0xd82abe5a710782782defda4227d737e0f37c0c3b60e9724542df2c92b90b9ef6,Tokyo,2026-05-16,2026-05-15T20:52:45+00:00,UNRECORDED,80.2,81.0,station path (audit only),75.1,MISSING,0,,,MISSING,UNTESTABLE_NO_CAUSAL_FORECAST_OR_BOOK,winner
0x4b6096f942250e58c9ac2afb076821b3901acb2e664b7d9dde9119ae43828394,Warsaw,2026-05-16,2026-05-15T22:07:14+00:00,UNRECORDED,58.6,59.4,station path (audit only),53.8,MISSING,0,,,MISSING,UNTESTABLE_NO_CAUSAL_FORECAST_OR_BOOK,winner
0x8ba8dd21d2b4e754b2afae726f530fe9b9b26ee2bd4fb80f2f2d414878bba895,Busan,2026-05-17,2026-05-16T21:48:37+00:00,UNRECORDED,91.0,,station path (audit only),85.2,MISSING,0,,,MISSING,UNTESTABLE_NO_CAUSAL_FORECAST_OR_BOOK,winner
0x053751254e86184db55d2c88c3ae4cff788345d5d5e1c18deeb957001a8303a5,Dallas,2026-05-17,2026-05-17T05:01:18+00:00,UNRECORDED,92.0,,station path (audit only),85.4,MISSING,0,,,MISSING,UNTESTABLE_NO_CAUSAL_FORECAST_OR_BOOK,winner
0x60f5e383c126022915a45da7efe8ea45cd2e814c10acb2f6b5e1abe4d05f8300,Istanbul,2026-05-17,2026-05-17T07:36:40+00:00,UNRECORDED,74.8,,station path (audit only),68.4,MISSING,0,,,MISSING,UNTESTABLE_NO_CAUSAL_FORECAST_OR_BOOK,winner
0x59ef52694a226f3e2aa89e879520531090d2a9ba7be52ab7be23707bf2419e37,Istanbul,2026-05-17,2026-05-16T21:16:46+00:00,UNRECORDED,73.0,73.8,station path (audit only),68.4,MISSING,0,,,MISSING,UNTESTABLE_NO_CAUSAL_FORECAST_OR_BOOK,winner
0xf0ecf28827c99b867529453785a544e093a0fde8440f9d4c688bed31c0584dd4,Jakarta,2026-05-17,2026-05-16T20:13:42+00:00,UNRECORDED,92.8,93.6,station path (audit only),87.9,MISSING,0,,,MISSING,UNTESTABLE_NO_CAUSAL_FORECAST_OR_BOOK,winner
0x01997b28566149cda1add3d62ef1676213fca03e673b081bde47dbef14a6b509,Kuala Lumpur,2026-05-17,2026-05-17T05:40:53+00:00,UNRECORDED,92.8,93.6,station path (audit only),87.4,MISSING,0,,,MISSING,UNTESTABLE_NO_CAUSAL_FORECAST_OR_BOOK,winner
0x00ee55cc8a63a7bdbab493bef2f1db86fcad940fc5adb775aabc885e5fdc5228,Kuala Lumpur,2026-05-17,2026-05-16T21:26:53+00:00,UNRECORDED,94.6,95.4,station path (audit only),87.4,MISSING,0,,,MISSING,UNTESTABLE_NO_CAUSAL_FORECAST_OR_BOOK,winner
0xd0570a9591a77e8aa80724f11da9a72d7b279489a760252fb9e4f7c39b425b4c,Manila,2026-05-17,2026-05-17T06:02:28+00:00,UNRECORDED,98.2,99.0,station path (audit only),92.5,MISSING,0,,,MISSING,UNTESTABLE_NO_CAUSAL_FORECAST_OR_BOOK,winner
0xf9bc2b794efc16a0972a3c726dd4996e3a34e9b7d62746918bd22b12ffba4c6b,Moscow,2026-05-17,2026-05-17T07:36:16+00:00,UNRECORDED,82.0,,station path (audit only),76.7,MISSING,0,,,MISSING,UNTESTABLE_NO_CAUSAL_FORECAST_OR_BOOK,winner
0x2b18489437786e1e1d3283136167b7dac17778ed253847c00530b536b0ba6100,Tokyo,2026-05-17,2026-05-17T04:26:36+00:00,UNRECORDED,85.6,,station path (audit only),80.5,MISSING,0,,,MISSING,UNTESTABLE_NO_CAUSAL_FORECAST_OR_BOOK,winner
0x9e756c775bcb8779f18c98fadcc44db687ce237b264f905f4e007fdd9876f4d3,Busan,2026-05-18,2026-05-17T23:25:09+00:00,UNRECORDED,82.0,82.8,station path (audit only),75.9,MISSING,17,2026-05-18 11:26,2026-05-18 13:00,MISSING,UNTESTABLE_NO_CAUSAL_FORECAST_OR_BOOK,winner
0x6053b5a5d10245b4a0501ecbe141518d325687324feb332937760a827a5fa20a,Busan,2026-05-18,2026-05-17T20:05:33+00:00,UNRECORDED,87.4,88.2,station path (audit only),75.9,MISSING,20,,,MISSING,UNTESTABLE_NO_CAUSAL_FORECAST_OR_BOOK,winner
0x9b7cb80321cc08e6dd19707db417dee046f19d6e4e5950f93a1abf51ad607764,Busan,2026-05-18,2026-05-17T21:06:41+00:00,UNRECORDED,89.2,,station path (audit only),75.9,MISSING,19,,,MISSING,UNTESTABLE_NO_CAUSAL_FORECAST_OR_BOOK,winner
0x6226fd46df83695fb1b162e2b7a1ba74793e91fcba3ff45b8eb7bfe67508225c,Jakarta,2026-05-18,2026-05-17T20:51:12+00:00,UNRECORDED,94.6,95.4,station path (audit only),87.4,MISSING,0,,,MISSING,UNTESTABLE_NO_CAUSAL_FORECAST_OR_BOOK,winner
0x54581097fbc04af8ab8dc5284b7855c18960d900a5b085698b65be4598318856,London,2026-05-18,2026-05-17T23:01:40+00:00,UNRECORDED,62.2,63.0,station path (audit only),57.7,MISSING,0,,,MISSING,UNTESTABLE_NO_CAUSAL_FORECAST_OR_BOOK,winner
0x1deeda01a1df4d9b6e60f61d2131b34d2d1fd5f52d040dd81c9bbf549d903e14,Singapore,2026-05-18,2026-05-17T20:35:34+00:00,UNRECORDED,92.8,,station path (audit only),87.4,MISSING,0,,,MISSING,UNTESTABLE_NO_CAUSAL_FORECAST_OR_BOOK,winner
0xb8f90529bfd5e3f8d463140d8ac8f47d0fbd1efeb5f459b86f3e355a73ff9edc,Busan,2026-05-20,2026-05-19T23:11:18+00:00,UNRECORDED,71.2,72.0,station path (audit only),66.6,MISSING,0,,,MISSING,UNTESTABLE_NO_CAUSAL_FORECAST_OR_BOOK,winner
0xedc103d660e6005ad8fa0c1a415ace932ef28fc774bb6c519ca7e13d5930caef,Busan,2026-05-20,2026-05-19T22:37:24+00:00,UNRECORDED,73.0,73.8,station path (audit only),66.6,MISSING,0,,,MISSING,UNTESTABLE_NO_CAUSAL_FORECAST_OR_BOOK,winner
0xfca453a5cf4f30d010272bcf19de463340830d1112c69800eee7547c6e747dfa,Istanbul,2026-05-20,2026-05-19T21:14:43+00:00,UNRECORDED,71.2,72.0,station path (audit only),65.1,MISSING,0,,,MISSING,UNTESTABLE_NO_CAUSAL_FORECAST_OR_BOOK,winner
0xda65c5818a761d11c50ea6fdee8d750e1d49de27e8bc8e9b65202249b6ca7f79,Istanbul,2026-05-20,2026-05-19T21:14:55+00:00,UNRECORDED,73.0,73.8,station path (audit only),65.1,MISSING,0,,,MISSING,UNTESTABLE_NO_CAUSAL_FORECAST_OR_BOOK,winner
0x9c6712a1f3d8d67691dc5d8f1658c5b9c48aca580c119a96818c2c300be4efde,Jakarta,2026-05-20,2026-05-19T21:05:42+00:00,UNRECORDED,94.6,95.4,station path (audit only),85.8,MISSING,0,,,MISSING,UNTESTABLE_NO_CAUSAL_FORECAST_OR_BOOK,winner
0xa01f5c8f5f4b52e2efd2c7938c435abb8542c74a742d4eeb7cb671e1776136ce,Jakarta,2026-05-20,2026-05-20T04:40:56+00:00,UNRECORDED,91.0,91.8,station path (audit only),85.8,MISSING,0,,,MISSING,UNTESTABLE_NO_CAUSAL_FORECAST_OR_BOOK,winner
0x79db1c0f368a46f4cc91696184224dd84e8f409c91f573f10b273c1c1d9f8870,Jakarta,2026-05-20,2026-05-20T02:46:13+00:00,UNRECORDED,92.8,93.6,station path (audit only),85.8,MISSING,0,,,MISSING,UNTESTABLE_NO_CAUSAL_FORECAST_OR_BOOK,winner
0x1b8464efba0e9ee175a04e62dff67412c06d6c116bb544d4053dd4df8f9e7a93,Manila,2026-05-20,2026-05-19T22:12:33+00:00,UNRECORDED,100.0,100.8,station path (audit only),91.6,MISSING,0,,,MISSING,UNTESTABLE_NO_CAUSAL_FORECAST_OR_BOOK,winner
0xed7e4de86674ea0438544347b0fb29c8486bc6cc01a715024c9ce125eef2eb11,Manila,2026-05-20,2026-05-19T21:09:47+00:00,UNRECORDED,101.8,,station path (audit only),91.6,MISSING,0,,,MISSING,UNTESTABLE_NO_CAUSAL_FORECAST_OR_BOOK,winner
0x1c10a6fbd44df6ef883f93deb0941a0f46ddc71e62ab15b38e5154af39031bae,Manila,2026-05-20,2026-05-20T02:44:25+00:00,UNRECORDED,98.2,99.0,station path (audit only),91.6,MISSING,0,,,MISSING,UNTESTABLE_NO_CAUSAL_FORECAST_OR_BOOK,winner
0x7e256b9c012451df685ce9d51f70ce16cc859478c919dad690497007527ff457,Miami,2026-05-20,2026-05-20T08:43:06+00:00,UNRECORDED,90.0,91.0,station path (audit only),84.7,MISSING,0,,,MISSING,UNTESTABLE_NO_CAUSAL_FORECAST_OR_BOOK,winner
0xd6006c2d3c2255f545bcc13a77186b8fcf17ac3f83f4e18e542426fc7e64e197,Paris,2026-05-20,2026-05-19T22:30:36+00:00,UNRECORDED,74.8,75.6,station path (audit only),69.3,MISSING,0,,,MISSING,UNTESTABLE_NO_CAUSAL_FORECAST_OR_BOOK,winner
0x273c25a02eb7861d187ade94651f71a316a59f91948bc1a5eda0c9987de2ace1,Singapore,2026-05-20,2026-05-20T05:01:35+00:00,UNRECORDED,94.6,95.4,station path (audit only),86.3,MISSING,0,,,MISSING,UNTESTABLE_NO_CAUSAL_FORECAST_OR_BOOK,winner
0x344011a1850d070a58bd0ef55c7da2a384b9a392ea3e6541f6f8b016e3dd8b8a,Singapore,2026-05-20,2026-05-20T03:12:18+00:00,UNRECORDED,92.8,93.6,station path (audit only),86.3,MISSING,0,,,MISSING,UNTESTABLE_NO_CAUSAL_FORECAST_OR_BOOK,winner
0x7166ab3d5a2b1cdd69b336d4f04a24119a1858f67ab9540dea8fb9debc1494a3,Wellington,2026-05-20,2026-05-19T20:27:26+00:00,UNRECORDED,62.2,63.0,station path (audit only),57.6,MISSING,0,,,MISSING,UNTESTABLE_NO_CAUSAL_FORECAST_OR_BOOK,winner
0x4dec40b52d674c564689e3a8088828e37c0cf51c23396b648fb281e2b955534b,Austin,2026-05-21,2026-05-21T05:13:55+00:00,UNRECORDED,86.0,87.0,station path (audit only),80.4,MISSING,0,,,MISSING,UNTESTABLE_NO_CAUSAL_FORECAST_OR_BOOK,winner
0x7e45af01336f165cd05e072f0871756e0b3627c6f4b9fcb2790ecc9420be5c18,Istanbul,2026-05-21,2026-05-20T21:47:17+00:00,UNRECORDED,73.0,,station path (audit only),67.3,MISSING,0,,,MISSING,UNTESTABLE_NO_CAUSAL_FORECAST_OR_BOOK,winner
0x2427f6e15882de08ce0ad65b3dd21d1f57485a81822ae0f85d7ae3ddb601e95f,Jakarta,2026-05-21,2026-05-20T22:20:30+00:00,UNRECORDED,94.6,95.4,station path (audit only),86.5,MISSING,0,,,MISSING,UNTESTABLE_NO_CAUSAL_FORECAST_OR_BOOK,winner
0xc1604dd95f8ec8d6ae87ad32ca4b4f91cbd17e6abfe23e59805b2e0ed77ef08a,Jakarta,2026-05-21,2026-05-21T05:49:14+00:00,UNRECORDED,96.4,97.2,station path (audit only),86.5,MISSING,0,,,MISSING,UNTESTABLE_NO_CAUSAL_FORECAST_OR_BOOK,winner
0x8f5a20be37d81cd11f913356de5e221bd9037e71c061687f8c7ba3c58613ad99,Jeddah,2026-05-21,2026-05-20T21:00:37+00:00,UNRECORDED,101.8,,station path (audit only),95.7,MISSING,0,,,MISSING,UNTESTABLE_NO_CAUSAL_FORECAST_OR_BOOK,winner
0x3b7292dc3598c6b02a00a2cd515d2b16f9e1e90ebbb91025157b37efc69b12fe,Kuala Lumpur,2026-05-21,2026-05-21T04:01:43+00:00,UNRECORDED,94.6,95.4,station path (audit only),89.8,MISSING,0,,,MISSING,UNTESTABLE_NO_CAUSAL_FORECAST_OR_BOOK,winner
0xf45951c52d940a5648f64453e0f0e94b44c95bc24b850d824b11166c965d576e,Kuala Lumpur,2026-05-21,2026-05-21T03:10:50+00:00,UNRECORDED,96.4,,station path (audit only),89.8,MISSING,0,,,MISSING,UNTESTABLE_NO_CAUSAL_FORECAST_OR_BOOK,winner
0x0107bea83390907201c6a4196e4ac1c2108f25d65c21ed141c48b7448dc24624,London,2026-05-21,2026-05-21T06:18:31+00:00,UNRECORDED,78.4,79.2,station path (audit only),72.7,MISSING,0,,,MISSING,UNTESTABLE_NO_CAUSAL_FORECAST_OR_BOOK,winner
0x8f734c070915c2590df66f6caa828eb99768108f3d55e396cd80fa0906d68880,Madrid,2026-05-21,2026-05-21T05:56:16+00:00,UNRECORDED,94.6,95.4,station path (audit only),88.5,MISSING,0,,,MISSING,UNTESTABLE_NO_CAUSAL_FORECAST_OR_BOOK,winner
0x051a024be9aad02c8da43ca8aac86a71e94a6421273d99cc4fc6a4ae110aaebf,Moscow,2026-05-21,2026-05-21T08:25:16+00:00,UNRECORDED,91.0,,station path (audit only),86.2,MISSING,0,,,MISSING,UNTESTABLE_NO_CAUSAL_FORECAST_OR_BOOK,winner
0xb5d87aec633f571c8afb24f0e90dd8a75f15079a13d665526490310bdaedbdb0,Qingdao,2026-05-21,2026-05-20T20:53:37+00:00,UNRECORDED,82.0,82.8,station path (audit only),76.6,MISSING,0,,,MISSING,UNTESTABLE_NO_CAUSAL_FORECAST_OR_BOOK,winner
0xdcbc41e8ba438a1dd31b0f7b55318b410f35ba48b729717e0523ae361dff864e,Toronto,2026-05-21,2026-05-21T05:36:27+00:00,UNRECORDED,62.2,63.0,station path (audit only),57.7,MISSING,22,,,MISSING,UNTESTABLE_NO_CAUSAL_FORECAST_OR_BOOK,loser
0xbcdac5f90a6c6f1b371836850c2f527954ba23bf894aa733ffd62cb1c4360127,Wellington,2026-05-21,2026-05-20T22:10:14+00:00,UNRECORDED,64.0,64.8,station path (audit only),59.4,MISSING,0,,,MISSING,UNTESTABLE_NO_CAUSAL_FORECAST_OR_BOOK,winner
0x8e3a63636a210d49e584912d15ef84098b80a6ef0e195fc3cbaa2a9ef98db8d5,Jeddah,2026-05-22,2026-05-22T09:26:32+00:00,UNRECORDED,98.2,99.0,station path (audit only),93.7,MISSING,0,,,MISSING,UNTESTABLE_NO_CAUSAL_FORECAST_OR_BOOK,winner
0xf041d9d346300c05b09b940f0310934bcbd8cc3667b2771e85fc8171bfcfce05,Jeddah,2026-05-22,2026-05-21T22:40:33+00:00,UNRECORDED,100.0,,station path (audit only),93.7,MISSING,0,,,MISSING,UNTESTABLE_NO_CAUSAL_FORECAST_OR_BOOK,winner
0x97fef7e22739755f37a334071838e2559e3fbb527b2ed20dff66ff286e53ecd8,Kuala Lumpur,2026-05-22,2026-05-22T04:14:45+00:00,UNRECORDED,96.4,97.2,station path (audit only),90.5,MISSING,0,,,MISSING,UNTESTABLE_NO_CAUSAL_FORECAST_OR_BOOK,winner
0x80ff28f3397788eb0a4e2146fdb2e6436ddfb153ebf620a03f17284965caa80b,Kuala Lumpur,2026-05-22,2026-05-21T20:41:32+00:00,UNRECORDED,98.2,,station path (audit only),90.5,MISSING,0,,,MISSING,UNTESTABLE_NO_CAUSAL_FORECAST_OR_BOOK,winner
0xc5c8923228b817be85c170605b782b68834f71986542d47a1df23ab102800bde,London,2026-05-22,2026-05-22T07:49:58+00:00,UNRECORDED,85.6,,station path (audit only),79.5,MISSING,0,,,MISSING,UNTESTABLE_NO_CAUSAL_FORECAST_OR_BOOK,winner
0x7b91004f4413fcba5581c92dec819ba5928717ed6b4c4f110dea67031a00ff34,Los Angeles,2026-05-22,2026-05-22T07:00:21+00:00,UNRECORDED,70.0,71.0,station path (audit only),64.8,MISSING,0,,,MISSING,UNTESTABLE_NO_CAUSAL_FORECAST_OR_BOOK,winner
0xe34601f7bd300bf7da72afebc12d6aa19a37de2e60627ad90323b27177199d9f,Shanghai,2026-05-22,2026-05-21T20:01:11+00:00,UNRECORDED,80.2,81.0,station path (audit only),73.5,MISSING,0,,,MISSING,UNTESTABLE_NO_CAUSAL_FORECAST_OR_BOOK,winner
0x85a5994e80048d027c901de0b9a4839512a4aa1d71bbc45da8fe9ed193870f2f,Shanghai,2026-05-22,2026-05-21T22:23:59+00:00,UNRECORDED,78.4,79.2,station path (audit only),73.5,MISSING,0,,,MISSING,UNTESTABLE_NO_CAUSAL_FORECAST_OR_BOOK,winner
0x54015d3133fa663775723c074245b12379631c55bea6f0f6d0f5afefd72b1b09,Tokyo,2026-05-22,2026-05-22T00:41:36+00:00,UNRECORDED,65.8,66.6,station path (audit only),61.2,MISSING,0,,,MISSING,UNTESTABLE_NO_CAUSAL_FORECAST_OR_BOOK,winner
0x6aa6b3c9c053fe745abdb67922a5af59c8869c9ed29f4f6790be21df3e1e1410,Toronto,2026-05-22,2026-05-22T04:00:03+00:00,UNRECORDED,64.0,64.8,station path (audit only),59.0,MISSING,0,,,MISSING,UNTESTABLE_NO_CAUSAL_FORECAST_OR_BOOK,winner
0xe253f020e8db318b3b5a69ef122d801d0fead6f5582717998cdc8f130c96bc0b,Wellington,2026-05-22,2026-05-21T22:55:56+00:00,UNRECORDED,64.0,64.8,station path (audit only),59.4,MISSING,0,,,MISSING,UNTESTABLE_NO_CAUSAL_FORECAST_OR_BOOK,winner
0xcf178dee5c555c458fc80f46eefab584e82df10fc4393a42a76b1bbbb1264eb0,Kuala Lumpur,2026-05-23,2026-05-23T05:34:46+00:00,UNRECORDED,94.6,,station path (audit only),89.9,MISSING,0,,,MISSING,UNTESTABLE_NO_CAUSAL_FORECAST_OR_BOOK,winner
0x11ba01e179a51c6cbfb19def07ec8903258a1e9f8d85ce32dfb7f0980012cfeb,London,2026-05-23,2026-05-23T06:38:11+00:00,UNRECORDED,87.4,88.2,station path (audit only),82.5,MISSING,0,,,MISSING,UNTESTABLE_NO_CAUSAL_FORECAST_OR_BOOK,winner
0x267f32fd2b6c1d1b2dbf847d4164e3fbed10951ff2969fbe0612d6dec4857f33,Moscow,2026-05-23,2026-05-22T22:25:47+00:00,UNRECORDED,74.8,75.6,station path (audit only),69.6,MISSING,0,,,MISSING,UNTESTABLE_NO_CAUSAL_FORECAST_OR_BOOK,winner
0xd8acf23b8f03a2fe59dc96397044008b57813f57c01b701998c68657e9e77ba2,Shanghai,2026-05-23,2026-05-23T02:23:16+00:00,UNRECORDED,89.2,,station path (audit only),84.3,MISSING,0,,,MISSING,UNTESTABLE_NO_CAUSAL_FORECAST_OR_BOOK,winner
0x7698f4d8c96700596e280fd568a8e69793abf5e751ca4a687033dde62603aa36,Singapore,2026-05-23,2026-05-23T00:37:06+00:00,UNRECORDED,92.8,93.6,station path (audit only),87.0,MISSING,0,,,MISSING,UNTESTABLE_NO_CAUSAL_FORECAST_OR_BOOK,winner
0x17c6fec76d06bcf10a100deae120305ebd0116481615b09392bd08f9672003be,Istanbul,2026-05-24,2026-05-23T21:00:17+00:00,UNRECORDED,69.4,70.2,station path (audit only),64.6,MISSING,0,,,MISSING,UNTESTABLE_NO_CAUSAL_FORECAST_OR_BOOK,winner
0xbfb7a04328a69bd4cac85bd3d8559b32c1d54d5a4cb835ba3143896664b5e234,Los Angeles,2026-05-24,2026-05-24T08:16:06+00:00,UNRECORDED,70.0,71.0,station path (audit only),65.5,MISSING,0,,,MISSING,UNTESTABLE_NO_CAUSAL_FORECAST_OR_BOOK,winner
0x7022ae7480895b9a69463d014c06b66d6e1abbf14e351b9edd14df32722effb9,Miami,2026-05-24,2026-05-24T05:47:21+00:00,UNRECORDED,90.0,91.0,station path (audit only),85.5,MISSING,0,,,MISSING,UNTESTABLE_NO_CAUSAL_FORECAST_OR_BOOK,winner
0x745bfbfb0f79cefa8164c36876387299db9897073288d137fef410af882c801f,Moscow,2026-05-24,2026-05-24T11:16:02+00:00,UNRECORDED,78.4,79.2,station path (audit only),71.0,MISSING,0,,,MISSING,UNTESTABLE_NO_CAUSAL_FORECAST_OR_BOOK,winner
0x317721f61bebf276e6d6361fa2eff40f8abe81e9d39e9141ff51fc1e2af57d2c,Moscow,2026-05-24,2026-05-24T11:15:55+00:00,UNRECORDED,80.2,,station path (audit only),71.0,MISSING,0,,,MISSING,UNTESTABLE_NO_CAUSAL_FORECAST_OR_BOOK,winner
0x46a837003a9cd4679cdaaf64f54f8bc5706a5cbd7a6d2b43b52a004b32d7e96d,Moscow,2026-05-24,2026-05-24T11:06:16+00:00,UNRECORDED,76.6,77.4,station path (audit only),71.0,MISSING,0,,,MISSING,UNTESTABLE_NO_CAUSAL_FORECAST_OR_BOOK,winner
0x0d0d372d6302d640179aa48bbad5a23e790a5e73e495b498e8acec3b3210be8a,Seattle,2026-05-24,2026-05-24T10:42:52+00:00,UNRECORDED,74.0,,station path (audit only),69.4,MISSING,0,,,MISSING,UNTESTABLE_NO_CAUSAL_FORECAST_OR_BOOK,winner
0xd0e75a60221da6d1dd9ac50096bb193d80d9d86007ba3e53322a9b9923ba3d5a,Shanghai,2026-05-24,2026-05-23T20:50:27+00:00,UNRECORDED,82.0,82.8,station path (audit only),76.2,MISSING,0,,,MISSING,UNTESTABLE_NO_CAUSAL_FORECAST_OR_BOOK,winner
0x80aaf8e8f2ceb39302379374f263c86c1880650646ffc5f894252fdbddb597dd,Singapore,2026-05-24,2026-05-24T04:33:04+00:00,UNRECORDED,94.6,,station path (audit only),85.6,MISSING,0,,,MISSING,UNTESTABLE_NO_CAUSAL_FORECAST_OR_BOOK,winner
0xe66804bba439e34b681459572d936a9faa4b1e961f3982528589a5190f1d2226,Singapore,2026-05-24,2026-05-24T03:53:38+00:00,UNRECORDED,92.8,93.6,station path (audit only),85.6,MISSING,0,,,MISSING,UNTESTABLE_NO_CAUSAL_FORECAST_OR_BOOK,winner
0xe26aff5326d973dfe76ce9352f5a1a75093c40467adcc172ff8f2cdd64ed6cf1,Singapore,2026-05-24,2026-05-23T21:46:03+00:00,UNRECORDED,91.0,91.8,station path (audit only),85.6,MISSING,0,,,MISSING,UNTESTABLE_NO_CAUSAL_FORECAST_OR_BOOK,winner
0xa91ffa5a2871821ede95b442c42cf61fa348e11f11fced179b1537512d668cd8,Tokyo,2026-05-24,2026-05-24T04:55:51+00:00,UNRECORDED,73.0,73.8,station path (audit only),67.5,MISSING,0,,,MISSING,UNTESTABLE_NO_CAUSAL_FORECAST_OR_BOOK,winner
0x629261eb4f1acb76fa8bc6ba773578f26f3c36a59d11cd7cf942d73951e64ec9,Tokyo,2026-05-24,2026-05-23T23:43:44+00:00,UNRECORDED,74.8,75.6,station path (audit only),67.5,MISSING,0,,,MISSING,UNTESTABLE_NO_CAUSAL_FORECAST_OR_BOOK,winner
0x21f4edbd0c131c9de1f24932ed84c726aebcb3e79f0e882191e0222f739ff5af,Kuala Lumpur,2026-05-25,2026-05-24T20:04:41+00:00,UNRECORDED,94.6,95.4,station path (audit only),88.9,MISSING,0,,,MISSING,UNTESTABLE_NO_CAUSAL_FORECAST_OR_BOOK,winner
0xfb1591c7e9ace4758731451cd52d5081229b80c9a7ca8c4367cd14884cc457fa,Los Angeles,2026-05-25,2026-05-25T07:00:02+00:00,UNRECORDED,70.0,71.0,station path (audit only),65.0,MISSING,0,,,MISSING,UNTESTABLE_NO_CAUSAL_FORECAST_OR_BOOK,winner
0xdbdbb583c331834a0783fc1269ed9ad372e2a89c0d23a1c10e6068561ac9aa29,Los Angeles,2026-05-25,2026-05-25T07:49:40+00:00,UNRECORDED,72.0,,station path (audit only),65.0,MISSING,0,,,MISSING,UNTESTABLE_NO_CAUSAL_FORECAST_OR_BOOK,winner
0x0ef87624e36aa4048867507edf07c0cd537c99ee3f22066904b8f936ff2ccab7,Qingdao,2026-05-25,2026-05-25T01:00:50+00:00,UNRECORDED,76.6,77.4,station path (audit only),71.2,MISSING,0,,,MISSING,UNTESTABLE_NO_CAUSAL_FORECAST_OR_BOOK,winner
0x5488571dffbf69ab27d96ceaf9ce14cfb4aff6761898b804f9d2ff314fc88405,Qingdao,2026-05-25,2026-05-25T02:20:00+00:00,UNRECORDED,78.4,79.2,station path (audit only),71.2,MISSING,0,,,MISSING,UNTESTABLE_NO_CAUSAL_FORECAST_OR_BOOK,winner
0x12615fb1c38fabcff5d9552a2ee05b9ec698520e153c02e9a679695bac5e167c,Singapore,2026-05-25,2026-05-24T20:04:48+00:00,UNRECORDED,92.8,93.6,station path (audit only),87.7,MISSING,0,,,MISSING,UNTESTABLE_NO_CAUSAL_FORECAST_OR_BOOK,winner
0xc87217739c879b2ac58f3188839eedf4141afcfb1999e9755e5e92a3e53c6e45,Toronto,2026-05-25,2026-05-25T08:02:20+00:00,UNRECORDED,76.6,77.4,station path (audit only),70.6,MISSING,0,,,MISSING,UNTESTABLE_NO_CAUSAL_FORECAST_OR_BOOK,winner
0x2d5ac532874eb7c7c13c6345620fb7817f17786253f8e8ba2909655802834190,Toronto,2026-05-25,2026-05-25T06:15:24+00:00,UNRECORDED,78.4,,station path (audit only),70.6,MISSING,0,,,MISSING,UNTESTABLE_NO_CAUSAL_FORECAST_OR_BOOK,winner
0x277d7592035abf8384f700548f89ad43c02f4d64a6a278f461cfb9d0394c15a6,Busan,2026-05-26,2026-05-26T00:36:32+00:00,UNRECORDED,76.6,77.4,station path (audit only),71.6,MISSING,20,,2026-05-26 10:00,MISSING,UNTESTABLE_NO_CAUSAL_FORECAST_OR_BOOK,winner
0xdb73243ebd366567c42a3fe2be0373be7d4a13be727d2541ccd69d27aafac3b6,Dallas,2026-05-26,2026-05-26T05:41:28+00:00,UNRECORDED,90.0,,station path (audit only),84.7,MISSING,0,,,MISSING,UNTESTABLE_NO_CAUSAL_FORECAST_OR_BOOK,winner
0x87a9cc349d85b135e91baecda0977544761d016499d19b0d5ea224f56bac5255,Istanbul,2026-05-26,2026-05-26T05:16:44+00:00,UNRECORDED,78.4,,station path (audit only),72.4,MISSING,0,,,MISSING,UNTESTABLE_NO_CAUSAL_FORECAST_OR_BOOK,winner
0x89d436d1392b36f3fb2f98cd893b114b6be97111d3f2899c8271962847bf4384,Los Angeles,2026-05-26,2026-05-26T07:05:21+00:00,UNRECORDED,68.0,69.0,station path (audit only),62.7,MISSING,0,,,MISSING,UNTESTABLE_NO_CAUSAL_FORECAST_OR_BOOK,winner
0x3e1d6c5625d7d7ce296778ef1daa3e4d7ef730d9ac1fff8a6af2437507999906,Moscow,2026-05-26,2026-05-26T08:41:13+00:00,UNRECORDED,62.2,63.0,station path (audit only),56.0,MISSING,0,,,MISSING,UNTESTABLE_NO_CAUSAL_FORECAST_OR_BOOK,winner
0x9461ebc6cced583fd8c709b54080aca0fbe4b43c4e747c9310c94b59c5bf9448,Seattle,2026-05-26,2026-05-26T07:04:50+00:00,UNRECORDED,66.0,67.0,station path (audit only),60.5,MISSING,0,,,MISSING,UNTESTABLE_NO_CAUSAL_FORECAST_OR_BOOK,winner
0x09f2dd4a854d327b8876ac6cbf8de98c9a8792e06c260f14a5755e712267859c,Wellington,2026-05-26,2026-05-25T20:14:35+00:00,UNRECORDED,64.0,64.8,station path (audit only),58.6,MISSING,0,,,MISSING,UNTESTABLE_NO_CAUSAL_FORECAST_OR_BOOK,winner
0x905d526703925eeaa7e2b9ec34289cf340c1000fb4c74c14c9a7a0ba5e0dbf21,Jeddah,2026-05-27,2026-05-26T21:35:44+00:00,UNRECORDED,100.0,100.8,station path (audit only),95.5,MISSING,0,,,MISSING,UNTESTABLE_NO_CAUSAL_FORECAST_OR_BOOK,winner
0x4e37e84214d797f64478c4e671e45e8dffd8e8962d714690f6c55c9afea38e24,Kuala Lumpur,2026-05-27,2026-05-27T05:33:20+00:00,UNRECORDED,94.6,95.4,station path (audit only),90.0,MISSING,0,,,MISSING,UNTESTABLE_NO_CAUSAL_FORECAST_OR_BOOK,winner
0x837411cafe2f7cc8046e077a5ddd2d8cb89e8c2e14256831d5d0f15e9bc0b5d1,Kuala Lumpur,2026-05-27,2026-05-27T03:11:28+00:00,UNRECORDED,96.4,,station path (audit only),90.0,MISSING,0,,,MISSING,UNTESTABLE_NO_CAUSAL_FORECAST_OR_BOOK,winner
0xf53109fb40bf911d1a6f12dcc12d4ef6c009d556090d31159c81b8c81cfbd0c5,Moscow,2026-05-27,2026-05-27T05:56:57+00:00,UNRECORDED,62.2,63.0,station path (audit only),56.0,MISSING,0,,,MISSING,UNTESTABLE_NO_CAUSAL_FORECAST_OR_BOOK,winner
0x7c82d8c008d74a4c8b3dbe30c440d55406e1a85bd5749348cb7203310f2aa878,Shanghai,2026-05-27,2026-05-26T23:37:23+00:00,UNRECORDED,87.4,88.2,station path (audit only),82.8,MISSING,0,,,MISSING,UNTESTABLE_NO_CAUSAL_FORECAST_OR_BOOK,winner
0x760d84d54e70a6fd23a42e7754b069bd28e22816ea641364427751f6e968c705,Tokyo,2026-05-27,2026-05-27T03:28:18+00:00,UNRECORDED,82.0,82.8,station path (audit only),76.7,MISSING,0,,,MISSING,UNTESTABLE_NO_CAUSAL_FORECAST_OR_BOOK,winner
0xc9c2ba279ff098788f3d378816cbd8357670c7c62d6b5f5774cb93aa9c67ad6e,Tokyo,2026-05-27,2026-05-26T20:14:32+00:00,UNRECORDED,83.8,,station path (audit only),76.7,MISSING,0,,,MISSING,UNTESTABLE_NO_CAUSAL_FORECAST_OR_BOOK,winner
0x1cf7a7c6c2ea810c1ce41fa590bb763360ceeedb51934d652d2ee7ad16c920ce,Busan,2026-05-28,2026-05-27T20:05:56+00:00,UNRECORDED,87.4,,station path (audit only),75.8,MISSING,0,,,MISSING,UNTESTABLE_NO_CAUSAL_FORECAST_OR_BOOK,winner
0xa2252cdfb8a9b1f300396c72341c42d4fc4a9089544a10482d5a617282636918,Busan,2026-05-28,2026-05-28T04:01:13+00:00,UNRECORDED,83.8,84.6,station path (audit only),75.8,MISSING,0,,,MISSING,UNTESTABLE_NO_CAUSAL_FORECAST_OR_BOOK,winner
0xf4b355e7c979c6ca9af582a767d9f5c995d9d0fa4792718f92021b17fafbc0fc,Busan,2026-05-28,2026-05-28T03:11:36+00:00,UNRECORDED,85.6,86.4,station path (audit only),75.8,MISSING,0,,,MISSING,UNTESTABLE_NO_CAUSAL_FORECAST_OR_BOOK,winner
0xb7c4533dd2c3584bbae43a0b21544ee41fd7aca32951331b0a6f0df6a9e8301a,Kuala Lumpur,2026-05-28,2026-05-28T04:44:03+00:00,UNRECORDED,94.6,95.4,station path (audit only),90.0,MISSING,0,,,MISSING,UNTESTABLE_NO_CAUSAL_FORECAST_OR_BOOK,winner
0x39e27cf6fbbb159e7fc175b5947082ef6a94b63820db4a3bc374a7a270e94505,Kuala Lumpur,2026-05-28,2026-05-27T22:12:16+00:00,UNRECORDED,96.4,97.2,station path (audit only),90.0,MISSING,0,,,MISSING,UNTESTABLE_NO_CAUSAL_FORECAST_OR_BOOK,winner
0xb95cd977b72ccdb2605ccde4cc76d0bc855e9ef0bb3f9ec80346283d3d04c9d2,Manila,2026-05-28,2026-05-27T21:15:06+00:00,UNRECORDED,100.0,,station path (audit only),95.1,MISSING,0,,,MISSING,UNTESTABLE_NO_CAUSAL_FORECAST_OR_BOOK,winner
0x4b23b8df42a4ba5508836bbdcd2cc468c1b0562aced8a34cbc967cc4163bc1e4,Moscow,2026-05-28,2026-05-27T21:29:58+00:00,UNRECORDED,55.0,55.8,station path (audit only),50.5,MISSING,0,,,MISSING,UNTESTABLE_NO_CAUSAL_FORECAST_OR_BOOK,winner
0x18da16d787c998d5214443e5d73014006fab81eaa405fe433b613da0c7b352b7,Qingdao,2026-05-28,2026-05-28T05:16:35+00:00,UNRECORDED,85.6,86.4,station path (audit only),80.6,MISSING,0,,,MISSING,UNTESTABLE_NO_CAUSAL_FORECAST_OR_BOOK,winner
0x9881eb07c55e78d1cbb01cb5cc162928aaa94ce1f40f3ac54fb517b265688484,Qingdao,2026-05-28,2026-05-28T00:08:07+00:00,UNRECORDED,89.2,90.0,station path (audit only),80.6,MISSING,0,,,MISSING,UNTESTABLE_NO_CAUSAL_FORECAST_OR_BOOK,winner
0x6668ce5a8ac65903ca58fe338498739239304883a08b7529215f93c1ffd84d5c,Qingdao,2026-05-28,2026-05-27T21:11:32+00:00,UNRECORDED,87.4,88.2,station path (audit only),80.6,MISSING,0,,,MISSING,UNTESTABLE_NO_CAUSAL_FORECAST_OR_BOOK,winner
0x0578ec7bc7788306626eac4145744bb3eee7ce089bd29762d6911bbd92fb862f,Shanghai,2026-05-28,2026-05-27T20:12:42+00:00,UNRECORDED,87.4,88.2,station path (audit only),80.5,MISSING,0,,,MISSING,UNTESTABLE_NO_CAUSAL_FORECAST_OR_BOOK,winner
0x58450c61465ebc8b196362766da1f765eb7cac2a14adeb2154e43f096da3f2a4,Shanghai,2026-05-28,2026-05-27T20:12:42+00:00,UNRECORDED,85.6,86.4,station path (audit only),80.5,MISSING,0,,,MISSING,UNTESTABLE_NO_CAUSAL_FORECAST_OR_BOOK,winner
0x4380c5bc8edda690f07f095e5973205d5032016bcda94cb1c1eacb93380658a4,Singapore,2026-05-28,2026-05-28T05:11:21+00:00,UNRECORDED,92.8,93.6,station path (audit only),87.8,MISSING,0,,,MISSING,UNTESTABLE_NO_CAUSAL_FORECAST_OR_BOOK,winner
0x2a78af2b04aa979dc76a19c3c08242e3fa03e8d8148f40d2eb8742d904002dd7,Wellington,2026-05-28,2026-05-27T23:29:19+00:00,UNRECORDED,64.0,64.8,station path (audit only),57.7,MISSING,0,,,MISSING,UNTESTABLE_NO_CAUSAL_FORECAST_OR_BOOK,winner
0xdf12ffbc4e179edb4168899267d895dfa40ed19c0799a50c9261e5b78546d21f,Wellington,2026-05-28,2026-05-27T21:18:34+00:00,UNRECORDED,62.2,63.0,station path (audit only),57.7,MISSING,0,,,MISSING,UNTESTABLE_NO_CAUSAL_FORECAST_OR_BOOK,winner
0x31fb1b70aac0cb07ebf33364601ff36f5c77c0ee35f8e92d267d8f5d1c6d7484,Kuala Lumpur,2026-05-29,2026-05-29T05:17:40+00:00,UNRECORDED,94.6,,station path (audit only),89.2,MISSING,0,,,MISSING,UNTESTABLE_NO_CAUSAL_FORECAST_OR_BOOK,winner
0x11131fc431a1542665fa52053e12bd0d7cebe99440a809aeaa1aebb735e38fdf,Los Angeles,2026-05-29,2026-05-29T07:03:47+00:00,UNRECORDED,72.0,,station path (audit only),66.5,MISSING,0,,,MISSING,UNTESTABLE_NO_CAUSAL_FORECAST_OR_BOOK,winner
0x585a9831b76f52bd2d1630c9bee3a2c849112d34a67a8fb5c650db000d4e6fef,Miami,2026-05-29,2026-05-29T04:19:15+00:00,UNRECORDED,92.0,93.0,station path (audit only),87.3,MISSING,0,,,MISSING,UNTESTABLE_NO_CAUSAL_FORECAST_OR_BOOK,winner
0x5a7e594f7f0049929fa133c040c427ab634bedfda527b27164bc7861f1557f04,Moscow,2026-05-29,2026-05-28T21:25:54+00:00,UNRECORDED,53.2,54.0,station path (audit only),48.4,MISSING,0,,,MISSING,UNTESTABLE_NO_CAUSAL_FORECAST_OR_BOOK,winner
0x755a4c36929cc0d2681f326ddd60e311deb136b7c6d3ffb8fa2575e8f0e1b03f,Qingdao,2026-05-29,2026-05-29T02:47:56+00:00,UNRECORDED,91.0,91.8,station path (audit only),82.5,MISSING,0,,,MISSING,UNTESTABLE_NO_CAUSAL_FORECAST_OR_BOOK,winner
0xa2ebb4c141184b9512e691f750c136822444ad68b242d4e30c6e04cf4d62c660,Qingdao,2026-05-29,2026-05-28T21:48:16+00:00,UNRECORDED,87.4,88.2,station path (audit only),82.5,MISSING,0,,,MISSING,UNTESTABLE_NO_CAUSAL_FORECAST_OR_BOOK,winner
0xcf5706fd11e3a8bca70be0f058cc297123266ae622d3c3902fdd497d05bc3101,Qingdao,2026-05-29,2026-05-29T00:07:26+00:00,UNRECORDED,89.2,90.0,station path (audit only),82.5,MISSING,0,,,MISSING,UNTESTABLE_NO_CAUSAL_FORECAST_OR_BOOK,winner
0xa688eada2c83ca12117b010224cb30a630ea881af2b175c3d234e827dc3ef356,Shanghai,2026-05-29,2026-05-28T20:11:51+00:00,UNRECORDED,83.8,84.6,station path (audit only),78.4,MISSING,0,,,MISSING,UNTESTABLE_NO_CAUSAL_FORECAST_OR_BOOK,winner
0xfb28d4550a9f2d53acf9b889c094e573e662be60eb7abb58f2481f788e392f40,Singapore,2026-05-29,2026-05-28T22:30:48+00:00,UNRECORDED,92.8,,station path (audit only),87.7,MISSING,0,,,MISSING,UNTESTABLE_NO_CAUSAL_FORECAST_OR_BOOK,winner
0x3576ddc98a49c4d575237edf66487d76d148bb9428a8905331bf44566e0d17b8,Tokyo,2026-05-29,2026-05-29T02:41:40+00:00,UNRECORDED,87.4,,station path (audit only),81.6,MISSING,24,,,MISSING,UNTESTABLE_NO_CAUSAL_FORECAST_OR_BOOK,loser
0x6442c1aba30fb743ace04274b37f451eb1688dd7d39ee3356cd5e54f9f4d0f5c,Busan,2026-05-30,2026-05-30T02:17:07+00:00,UNRECORDED,91.0,,station path (audit only),85.8,MISSING,0,,,MISSING,UNTESTABLE_NO_CAUSAL_FORECAST_OR_BOOK,winner
0x0149413e296c0943e953048b644b5f4f3f1fb4801bfc5cdfe4a3c7a7d29a5a70,Kuala Lumpur,2026-05-30,2026-05-30T02:09:18+00:00,UNRECORDED,94.6,95.4,station path (audit only),89.2,MISSING,0,,,MISSING,UNTESTABLE_NO_CAUSAL_FORECAST_OR_BOOK,winner
0x98b5ce37870d09d7fbf1de1e9a1cda177629f4bc479369d6bc4b97370b4929a4,Kuala Lumpur,2026-05-30,2026-05-29T20:08:41+00:00,UNRECORDED,96.4,,station path (audit only),89.2,MISSING,0,,,MISSING,UNTESTABLE_NO_CAUSAL_FORECAST_OR_BOOK,winner
0x318c0699a49c4860b68f2af936f0c3cc3baf4fdd3886b4304f1d923fd6705a79,Miami,2026-05-30,2026-05-30T06:04:16+00:00,UNRECORDED,92.0,93.0,station path (audit only),86.6,MISSING,0,,,MISSING,UNTESTABLE_NO_CAUSAL_FORECAST_OR_BOOK,winner
0x792ef2ead1c15a5fb556668c8e32e2ac60e0748f8cd177eaac088321d9eedd52,Qingdao,2026-05-30,2026-05-30T08:00:19+00:00,UNRECORDED,91.0,91.8,station path (audit only),86.0,MISSING,0,,,MISSING,UNTESTABLE_NO_CAUSAL_FORECAST_OR_BOOK,winner
0xa57a94f5091393e969c26fd72bbd5ff83fe222ec49c23c8284afe7fca84c0a7f,Qingdao,2026-05-30,2026-05-30T01:47:43+00:00,UNRECORDED,94.6,95.4,station path (audit only),86.0,MISSING,0,,,MISSING,UNTESTABLE_NO_CAUSAL_FORECAST_OR_BOOK,winner
0xc5dd01799b0f49b1344cf6830bd21bb83cd78be1be33615cb3519c2a0f46a139,Qingdao,2026-05-30,2026-05-29T21:16:16+00:00,UNRECORDED,92.8,93.6,station path (audit only),86.0,MISSING,0,,,MISSING,UNTESTABLE_NO_CAUSAL_FORECAST_OR_BOOK,winner
0xd14609b999433722341062ba2ef1566b2ceaf4353f577382b1394d41bf8d0f5e,Seattle,2026-05-30,2026-05-30T07:34:10+00:00,UNRECORDED,66.0,67.0,station path (audit only),60.0,MISSING,0,,,MISSING,UNTESTABLE_NO_CAUSAL_FORECAST_OR_BOOK,winner
0xc69cfdb58d0d39ded99bb18eb02be182c2152d65dcc45a8027584519a2ac1568,Shanghai,2026-05-30,2026-05-29T22:02:14+00:00,UNRECORDED,85.6,86.4,station path (audit only),79.0,MISSING,0,,,MISSING,UNTESTABLE_NO_CAUSAL_FORECAST_OR_BOOK,winner
0x33d36a8f309fbd4df69b8e3390b295ab078d3538f05797f89f28f96ac7ef39aa,Shanghai,2026-05-30,2026-05-29T20:01:39+00:00,UNRECORDED,83.8,84.6,station path (audit only),79.0,MISSING,0,,,MISSING,UNTESTABLE_NO_CAUSAL_FORECAST_OR_BOOK,winner
0x797a7b9f5acd63e409d154b25414f0afb36c76815c4636433d071c10b88d5498,Singapore,2026-05-30,2026-05-29T20:07:31+00:00,UNRECORDED,92.8,,station path (audit only),87.3,MISSING,0,,,MISSING,UNTESTABLE_NO_CAUSAL_FORECAST_OR_BOOK,winner
0x0370f0b094355072782a3a1dfd3552307e7c6b612d7c4f6253af807237d8c45c,Tokyo,2026-05-30,2026-05-30T04:24:10+00:00,UNRECORDED,83.8,,station path (audit only),78.4,MISSING,0,,,MISSING,UNTESTABLE_NO_CAUSAL_FORECAST_OR_BOOK,winner
0x13c2546c0b5c95a5b344caea9ebee84a2eb467a4943febd624e360e780a2f7e2,Toronto,2026-05-30,2026-05-30T04:56:01+00:00,UNRECORDED,73.0,,station path (audit only),66.1,MISSING,0,,,MISSING,UNTESTABLE_NO_CAUSAL_FORECAST_OR_BOOK,winner
0x3375272f8d497e8593f00398693e7231cb2fedd68d4fec7dba57359524ceb3a7,Kuala Lumpur,2026-05-31,2026-05-30T20:03:48+00:00,UNRECORDED,96.4,97.2,station path (audit only),90.3,MISSING,0,,,MISSING,UNTESTABLE_NO_CAUSAL_FORECAST_OR_BOOK,winner
0xecb60c262b471c4c51240bb1189440f4cf2802c89f6ae299739f43e08227a63c,Manila,2026-05-31,2026-05-31T07:05:44+00:00,UNRECORDED,92.8,93.6,station path (audit only),88.0,MISSING,0,,,MISSING,UNTESTABLE_NO_CAUSAL_FORECAST_OR_BOOK,winner
0xa16daf9c4052cc4dd0d59e21dac16610a29d1071ad216d4d9be0902d52b9fecb,Manila,2026-05-31,2026-05-31T03:26:26+00:00,UNRECORDED,94.6,95.4,station path (audit only),88.0,MISSING,0,,,MISSING,UNTESTABLE_NO_CAUSAL_FORECAST_OR_BOOK,winner
0x0ff000a33d7f85a45ccff2e683e2db3c31070328a2f338b17eece16ff1658ef5,Moscow,2026-05-31,2026-05-31T09:18:34+00:00,UNRECORDED,64.0,64.8,station path (audit only),59.1,MISSING,0,,,MISSING,UNTESTABLE_NO_CAUSAL_FORECAST_OR_BOOK,winner
0x4be4636ac5adcc20fa87abf6c04c9d4860a891cd2bcb6a78c394f0ea9b0f7279,Moscow,2026-05-31,2026-05-31T09:35:10+00:00,UNRECORDED,65.8,66.6,station path (audit only),59.1,MISSING,0,,,MISSING,UNTESTABLE_NO_CAUSAL_FORECAST_OR_BOOK,winner
0xa35cd9a702072552a849a8d7c0eba903329006ecf5816318c4b72e64e5123810,Paris,2026-05-31,2026-05-30T22:03:42+00:00,UNRECORDED,78.4,79.2,station path (audit only),73.9,MISSING,0,,,MISSING,UNTESTABLE_NO_CAUSAL_FORECAST_OR_BOOK,winner
0x3f3e204c2501c99f86cad8b2c91f1f49c8e867d779269f65008113d3963244f5,Qingdao,2026-05-31,2026-05-31T02:31:36+00:00,UNRECORDED,91.0,91.8,station path (audit only),81.8,MISSING,0,,,MISSING,UNTESTABLE_NO_CAUSAL_FORECAST_OR_BOOK,winner
0xcad975a8c139fbbdfc147dc3f9e920ec45e7d3e271101d487e2e936713747698,Qingdao,2026-05-31,2026-05-30T21:12:05+00:00,UNRECORDED,89.2,90.0,station path (audit only),81.8,MISSING,0,,,MISSING,UNTESTABLE_NO_CAUSAL_FORECAST_OR_BOOK,winner
0x17e4191f097a98c30329d76d0a212804f5aa05f113612b7bf5c04a8d4c2d0d3e,Qingdao,2026-05-31,2026-05-31T03:59:24+00:00,UNRECORDED,87.4,88.2,station path (audit only),81.8,MISSING,0,,,MISSING,UNTESTABLE_NO_CAUSAL_FORECAST_OR_BOOK,winner
0x50104a26ebdbfbde40e7149be40e0689b4399241107303dacbcb1ed7e8752cb8,Shanghai,2026-05-31,2026-05-31T01:16:26+00:00,UNRECORDED,87.4,88.2,station path (audit only),79.7,MISSING,0,,,MISSING,UNTESTABLE_NO_CAUSAL_FORECAST_OR_BOOK,winner
0x89d4716ae252697e1e2dd51fe0797cb810c09102ec3224452e2d5eebda326b4a,Shanghai,2026-05-31,2026-05-30T20:01:58+00:00,UNRECORDED,85.6,86.4,station path (audit only),79.7,MISSING,0,,,MISSING,UNTESTABLE_NO_CAUSAL_FORECAST_OR_BOOK,winner
0x9061cda28ebea4dda14518a78062f72248bd5668e64abb3f43f05d46c25f2e8c,Tokyo,2026-05-31,2026-05-31T00:19:50+00:00,UNRECORDED,85.6,86.4,station path (audit only),76.3,MISSING,0,,,MISSING,UNTESTABLE_NO_CAUSAL_FORECAST_OR_BOOK,winner
0xa6a2939cab5ecb39b902d4e1fc340b86e564cdd07f1263c94e0788a39b6b5501,Tokyo,2026-05-31,2026-05-31T00:19:53+00:00,UNRECORDED,87.4,,station path (audit only),76.3,MISSING,0,,,MISSING,UNTESTABLE_NO_CAUSAL_FORECAST_OR_BOOK,winner
0x82301bb356cebcb3206ed053aeeb1a35502efd27dbf7b21a9efda27010a04435,Tokyo,2026-05-31,2026-05-31T01:06:59+00:00,UNRECORDED,83.8,84.6,station path (audit only),76.3,MISSING,0,,,MISSING,UNTESTABLE_NO_CAUSAL_FORECAST_OR_BOOK,winner
0x633002ae5f45831c68ca1aed260e0390dddabd111b062e75222a26d969276eba,Tokyo,2026-05-31,2026-05-31T06:04:36+00:00,UNRECORDED,82.0,82.8,station path (audit only),76.3,MISSING,0,,,MISSING,UNTESTABLE_NO_CAUSAL_FORECAST_OR_BOOK,winner
0x41274c2fbfdc1d32f6eb4523944afc0e91b2f3473344f0d6cc9219f4315ff4cd,Busan,2026-06-01,2026-05-31T23:15:23+00:00,UNRECORDED,87.4,88.2,station path (audit only),80.9,MISSING,0,,,MISSING,UNTESTABLE_NO_CAUSAL_FORECAST_OR_BOOK,winner
0x5a8f48023b3a3eeb997b88db998c0997a7f866c1d8f261eca5568c32c3acc342,Busan,2026-06-01,2026-06-01T04:00:14+00:00,UNRECORDED,85.6,86.4,station path (audit only),80.9,MISSING,0,,,MISSING,UNTESTABLE_NO_CAUSAL_FORECAST_OR_BOOK,winner
0xb3749587329f4a780ce9d43bc699693100c273b4f94653ee50a7da98383381ca,Kuala Lumpur,2026-06-01,2026-06-01T04:26:04+00:00,UNRECORDED,96.4,97.2,station path (audit only),90.1,MISSING,0,,,MISSING,UNTESTABLE_NO_CAUSAL_FORECAST_OR_BOOK,winner
0xf9a7d34e5689f7fbcdbeccc99888315eb45e25bc3a40cc91c79baeadfcb77980,Kuala Lumpur,2026-06-01,2026-05-31T22:41:44+00:00,UNRECORDED,94.6,95.4,station path (audit only),90.1,MISSING,0,,,MISSING,UNTESTABLE_NO_CAUSAL_FORECAST_OR_BOOK,winner
0x90b44c2e14d3c1d5acf831738d190cd7850e2af168e0bb9d07945411fcfd8b9a,Manila,2026-06-01,2026-06-01T00:00:08+00:00,UNRECORDED,92.8,,station path (audit only),86.7,MISSING,0,,,MISSING,UNTESTABLE_NO_CAUSAL_FORECAST_OR_BOOK,winner
0x0334944161441f15844cf07a61ae8d6a2753384aba6c1ceb62e1c6c4038f00ea,Miami,2026-06-01,2026-06-01T04:00:33+00:00,UNRECORDED,94.0,95.0,station path (audit only),88.8,MISSING,0,,,MISSING,UNTESTABLE_NO_CAUSAL_FORECAST_OR_BOOK,winner
0x7fa43276a0bc3d94727505ce8cf8476238ad058378ef59137a020d5a55322dee,Shanghai,2026-06-01,2026-05-31T23:24:03+00:00,UNRECORDED,87.4,88.2,station path (audit only),80.6,MISSING,0,,,MISSING,UNTESTABLE_NO_CAUSAL_FORECAST_OR_BOOK,winner
0x99ab1ee40351c934e99cf88e001e9596ada291274f427eecc791fe504ffbe9ea,Shanghai,2026-06-01,2026-05-31T20:01:08+00:00,UNRECORDED,85.6,86.4,station path (audit only),80.6,MISSING,0,,,MISSING,UNTESTABLE_NO_CAUSAL_FORECAST_OR_BOOK,winner
0xbd7bc681cdee74a76d0905f447d43bdd58e6bcb735db190f13c5eb8797c1940c,Toronto,2026-06-01,2026-06-01T08:17:29+00:00,UNRECORDED,73.0,73.8,station path (audit only),67.1,MISSING,0,,,MISSING,UNTESTABLE_NO_CAUSAL_FORECAST_OR_BOOK,winner
0x6bcd6c1b71832454b7f1f079b65683e58cd627c49a9518ca87608b7e7c490d55,Warsaw,2026-06-01,2026-06-01T05:41:28+00:00,UNRECORDED,73.0,73.8,station path (audit only),68.2,MISSING,0,,,MISSING,UNTESTABLE_NO_CAUSAL_FORECAST_OR_BOOK,winner
0x642771f736d32d5ab135c6719a2878b37dcc6f00f97b2bd6064750fdce08ea37,Wellington,2026-06-01,2026-05-31T22:41:56+00:00,UNRECORDED,69.4,70.2,station path (audit only),63.6,MISSING,0,,,MISSING,UNTESTABLE_NO_CAUSAL_FORECAST_OR_BOOK,winner
0xf9f71cccff851df08f9469d86932c92909afdabd366f2991d3bd020fa8720529,Busan,2026-06-02,2026-06-01T20:13:01+00:00,UNRECORDED,78.4,79.2,station path (audit only),73.5,MISSING,0,,,MISSING,UNTESTABLE_NO_CAUSAL_FORECAST_OR_BOOK,winner
0x6cd2647199cc6d13b4fe7e19c610f5afa93681ef8c5b0066c1c5f4039ab8e4f8,Kuala Lumpur,2026-06-02,2026-06-02T03:00:41+00:00,UNRECORDED,94.6,95.4,station path (audit only),89.7,MISSING,0,,,MISSING,UNTESTABLE_NO_CAUSAL_FORECAST_OR_BOOK,winner
0x53526be388132288b9326117dced1ea933e2486bcd9330f942d8dd8acaf12d37,Miami,2026-06-02,2026-06-02T10:31:10+00:00,UNRECORDED,96.0,97.0,station path (audit only),89.8,MISSING,0,,,MISSING,UNTESTABLE_NO_CAUSAL_FORECAST_OR_BOOK,winner
0xdf0381ab5af0df1ea0ea0fb6ed53e729e944c3f99a5957ba38e0b92ff1c30980,Moscow,2026-06-02,2026-06-01T21:12:12+00:00,UNRECORDED,71.2,72.0,station path (audit only),66.5,MISSING,0,,,MISSING,UNTESTABLE_NO_CAUSAL_FORECAST_OR_BOOK,winner
0xa8bb90dd6ec8216c8c57b4ef191d6dbb28733502a5da0c691308a6cd6439fe64,Shanghai,2026-06-02,2026-06-02T01:43:45+00:00,UNRECORDED,91.0,,station path (audit only),86.4,MISSING,0,,,MISSING,UNTESTABLE_NO_CAUSAL_FORECAST_OR_BOOK,winner
0x70d7ce7e2b9a55f80f38379983628cdc21ae750ff04e9bc7f4585ebcadbc1cc6,Tokyo,2026-06-02,2026-06-01T20:08:13+00:00,UNRECORDED,80.2,,station path (audit only),73.2,MISSING,0,,,MISSING,UNTESTABLE_NO_CAUSAL_FORECAST_OR_BOOK,winner
0xef40fa8c49d8e4f9f49bd795e7a43d624d9aeca54703895276b848a4a048c334,Toronto,2026-06-02,2026-06-02T04:00:27+00:00,UNRECORDED,80.2,,station path (audit only),74.5,MISSING,0,,,MISSING,UNTESTABLE_NO_CAUSAL_FORECAST_OR_BOOK,winner
0x4d73b2cb34dd1b5ec426bfb4e6389ae4e8d4ca2e55406a711617ffabe0781251,Kuala Lumpur,2026-06-03,2026-06-03T04:08:06+00:00,UNRECORDED,96.4,97.2,station path (audit only),90.0,MISSING,0,,,MISSING,UNTESTABLE_NO_CAUSAL_FORECAST_OR_BOOK,winner
0x5ffed2bdd858b1bf36d28ff701affc079e86b8dde33f6f203d8e1c6a8d55e0cc,Kuala Lumpur,2026-06-03,2026-06-03T06:00:05+00:00,UNRECORDED,94.6,95.4,station path (audit only),90.0,MISSING,0,,,MISSING,UNTESTABLE_NO_CAUSAL_FORECAST_OR_BOOK,winner
0xaa207b6dbb0b52cc7628a65f9b3eebdb9df741e03e5b0bc3ffd13188e8dfdcaa,Shanghai,2026-06-03,2026-06-03T00:26:39+00:00,UNRECORDED,92.8,,station path (audit only),85.9,MISSING,0,,,MISSING,UNTESTABLE_NO_CAUSAL_FORECAST_OR_BOOK,winner
0xb18c4ab80b6c8724d840271e7ad70536fc2757e39ac6201f23393cb07db8f6a2,Shanghai,2026-06-03,2026-06-02T20:17:21+00:00,UNRECORDED,91.0,91.8,station path (audit only),85.9,MISSING,0,,,MISSING,UNTESTABLE_NO_CAUSAL_FORECAST_OR_BOOK,winner
0xc5929e3153a2ef60b26f61ae23990ea17174a55785170532c597d8031e7b92f4,Austin,2026-06-04,2026-06-04T05:03:06+00:00,UNRECORDED,90.0,91.0,station path (audit only),82.4,MISSING,0,,,MISSING,UNTESTABLE_NO_CAUSAL_FORECAST_OR_BOOK,winner
0x5a43d828bb8b744499b89e7754e014b665fe4725217ea29adf6e012acbba64dd,Austin,2026-06-04,2026-06-04T05:16:18+00:00,UNRECORDED,88.0,89.0,station path (audit only),82.4,MISSING,0,,,MISSING,UNTESTABLE_NO_CAUSAL_FORECAST_OR_BOOK,winner
0xcefa3bcd6dbac00f8877188403de177402e696d7a254757c48002ff93e50f41d,Busan,2026-06-04,2026-06-03T20:10:48+00:00,UNRECORDED,80.2,81.0,station path (audit only),73.4,MISSING,0,,,MISSING,UNTESTABLE_NO_CAUSAL_FORECAST_OR_BOOK,winner
0x0871c974595869b18a4d39025d64170183364cdf6290f0b8930d8b2eb90551d1,Busan,2026-06-04,2026-06-04T04:50:18+00:00,UNRECORDED,78.4,79.2,station path (audit only),73.4,MISSING,0,,,MISSING,UNTESTABLE_NO_CAUSAL_FORECAST_OR_BOOK,winner
0x1b451119d666356e93673c87e75a5581097548ec9d9ab64d61f31fcd3bc7ad8d,Kuala Lumpur,2026-06-04,2026-06-03T20:18:45+00:00,UNRECORDED,94.6,95.4,station path (audit only),89.6,MISSING,0,,,MISSING,UNTESTABLE_NO_CAUSAL_FORECAST_OR_BOOK,winner
0xdf78b6d3f33499243ced71dcf860c89e9b5f2db1a5182dd88e611f9ec58148e8,Manila,2026-06-04,2026-06-03T21:07:57+00:00,UNRECORDED,92.8,93.6,station path (audit only),86.6,MISSING,0,,,MISSING,UNTESTABLE_NO_CAUSAL_FORECAST_OR_BOOK,winner
0x98f140305a06002e8daad30350397471d7e35c16133ef3f4ab79ff81b238a0f5,Mexico City,2026-06-04,2026-06-04T06:38:42+00:00,UNRECORDED,78.4,,station path (audit only),72.0,MISSING,0,,,MISSING,UNTESTABLE_NO_CAUSAL_FORECAST_OR_BOOK,winner
0xd44896b2abf5eccec1eabef7440aaac2284142491a593af2b0baf2d8986d7818,Miami,2026-06-04,2026-06-04T04:02:01+00:00,UNRECORDED,84.0,85.0,station path (audit only),79.3,MISSING,0,,,MISSING,UNTESTABLE_NO_CAUSAL_FORECAST_OR_BOOK,winner
0xbba49bef5e441be12cbb26bac663c2e4775803fd8c0d0a71123c75735029965c,Seattle,2026-06-04,2026-06-04T10:38:33+00:00,UNRECORDED,70.0,71.0,station path (audit only),64.1,MISSING,0,,,MISSING,UNTESTABLE_NO_CAUSAL_FORECAST_OR_BOOK,winner
0x28cbe58a49d51b9a145fbc5ab5ec0d07c0189e13571bc4efe5e5a270baed019e,Singapore,2026-06-04,2026-06-04T06:30:54+00:00,UNRECORDED,94.6,95.4,station path (audit only),88.6,MISSING,0,,,MISSING,UNTESTABLE_NO_CAUSAL_FORECAST_OR_BOOK,winner
0x0019e6ecb6568b74c2b6e0bb49e70d89e5c598662e9aa9dd4adaabc1d951ac7d,Tokyo,2026-06-04,2026-06-04T04:00:49+00:00,UNRECORDED,76.6,77.4,station path (audit only),71.5,MISSING,0,,,MISSING,UNTESTABLE_NO_CAUSAL_FORECAST_OR_BOOK,winner
0x3b234c9217fd17e5bdc94ac1dd0459c11199cded81c12f3d858cc062e48008ed,Wellington,2026-06-04,2026-06-04T10:55:28+00:00,UNRECORDED,65.8,66.6,station path (audit only),60.7,MISSING,0,,,MISSING,UNTESTABLE_NO_CAUSAL_FORECAST_OR_BOOK,winner
0x3135aa2da2cd455a3ce3d21c99f893ce98afce9c386554ed5fa8c9c445a89515,Dallas,2026-06-05,2026-06-05T09:10:07+00:00,UNRECORDED,88.0,,station path (audit only),81.7,MISSING,0,,,MISSING,UNTESTABLE_NO_CAUSAL_FORECAST_OR_BOOK,winner
0x68bedbe2e3c34b2ae59988d794734573ecf5ec9c861d7ab4f226043c4a39737b,Istanbul,2026-06-05,2026-06-04T21:00:22+00:00,UNRECORDED,82.0,82.8,station path (audit only),76.7,MISSING,0,,,MISSING,UNTESTABLE_NO_CAUSAL_FORECAST_OR_BOOK,winner
0x32ebcf2cf2f4dd3c6c36ad6a23bc9e3e4148645e06e42d40fe327047fd84a866,Kuala Lumpur,2026-06-05,2026-06-05T03:11:18+00:00,UNRECORDED,94.6,95.4,station path (audit only),89.9,MISSING,0,,,MISSING,UNTESTABLE_NO_CAUSAL_FORECAST_OR_BOOK,winner
0xd118f054b08bd619f44c79851da3e971ca8468e1612dbb44c4206a0b2c2763e0,Los Angeles,2026-06-05,2026-06-05T10:41:27+00:00,UNRECORDED,74.0,,station path (audit only),68.8,MISSING,0,,,MISSING,UNTESTABLE_NO_CAUSAL_FORECAST_OR_BOOK,winner
0x170224b37f9dd3ba1baa0e0fc61e9d97e10e8005b3323c9f7217e77543cf1c01,Manila,2026-06-05,2026-06-05T00:36:34+00:00,UNRECORDED,91.0,91.8,station path (audit only),84.6,MISSING,0,,,MISSING,UNTESTABLE_NO_CAUSAL_FORECAST_OR_BOOK,winner
0x31e9ac079f393bf12eb39044e6c57b6ca97a1ddc9cf994cf7644e3fb99907db5,Manila,2026-06-05,2026-06-05T03:51:19+00:00,UNRECORDED,89.2,90.0,station path (audit only),84.6,MISSING,0,,,MISSING,UNTESTABLE_NO_CAUSAL_FORECAST_OR_BOOK,winner
0x01532401f3076859904e13f52b0e2a5fe2ef4884dddb8a0f91d6703e0a87a701,Manila,2026-06-05,2026-06-05T03:01:40+00:00,UNRECORDED,92.8,93.6,station path (audit only),84.6,MISSING,0,,,MISSING,UNTESTABLE_NO_CAUSAL_FORECAST_OR_BOOK,winner
0x4347b28764dae6e363e99742f140a2006bb7af7883520bbb91b35519776b5a26,Shanghai,2026-06-05,2026-06-05T01:49:34+00:00,UNRECORDED,83.8,84.6,station path (audit only),76.8,MISSING,0,,,MISSING,UNTESTABLE_NO_CAUSAL_FORECAST_OR_BOOK,winner
0x941b3767b8bc7de8ac56dbd915b908c4a9e2d0d1b1ee6889d450593a5e6b2b54,Shanghai,2026-06-05,2026-06-05T00:47:42+00:00,UNRECORDED,82.0,82.8,station path (audit only),76.8,MISSING,0,,,MISSING,UNTESTABLE_NO_CAUSAL_FORECAST_OR_BOOK,winner
0x3658f3241faa0a16a103d03ccad8cb49aca0ef41144035384a952cd2a31d5ebf,Singapore,2026-06-05,2026-06-05T05:34:54+00:00,UNRECORDED,94.6,95.4,station path (audit only),88.5,MISSING,0,,,MISSING,UNTESTABLE_NO_CAUSAL_FORECAST_OR_BOOK,winner
0xdd6f18f01dfa47fdb02d08233a74d1d83320790f681b3396f97e4074fd57ec6f,Tokyo,2026-06-05,2026-06-04T20:00:51+00:00,UNRECORDED,74.8,75.6,station path (audit only),69.7,MISSING,0,,,MISSING,UNTESTABLE_NO_CAUSAL_FORECAST_OR_BOOK,winner
0xa6d94e8149b1b99a4fe781f9f6f924216cc41eda6055c3fac660f0c949cfe7c1,Wellington,2026-06-05,2026-06-04T20:04:40+00:00,UNRECORDED,65.8,66.6,station path (audit only),60.0,MISSING,0,,,MISSING,UNTESTABLE_NO_CAUSAL_FORECAST_OR_BOOK,winner
0xdec4974a5ab915a0d22626a8c7e70f13be83decf4729288780882c864fe17649,Busan,2026-06-06,2026-06-06T01:26:58+00:00,UNRECORDED,83.8,84.6,station path (audit only),79.2,MISSING,0,,,MISSING,UNTESTABLE_NO_CAUSAL_FORECAST_OR_BOOK,winner
0x730a5c74640b62bfa66cd1142c5d2120a0ca7076cf16baa44c3daec65e9c5e4e,Dallas,2026-06-06,2026-06-06T05:18:28+00:00,UNRECORDED,88.0,89.0,station path (audit only),81.5,MISSING,0,,,MISSING,UNTESTABLE_NO_CAUSAL_FORECAST_OR_BOOK,winner
0x121c945a4a69d41a8f60be93a9d781d1196a3a3b11b19ab7987e120ed082be7c,Dallas,2026-06-06,2026-06-06T09:40:04+00:00,UNRECORDED,90.0,91.0,station path (audit only),81.5,MISSING,0,,,MISSING,UNTESTABLE_NO_CAUSAL_FORECAST_OR_BOOK,winner
0x07aff9c97e3ba259f03f53d882db2368968997165ed0e3a074aa4b959e5a2de4,Helsinki,2026-06-06,2026-06-06T10:50:27+00:00,UNRECORDED,69.4,70.2,station path (audit only),64.2,MISSING,0,,,MISSING,UNTESTABLE_NO_CAUSAL_FORECAST_OR_BOOK,winner
0x9511642ca907118c1739e1a64590f2132d7f6f51492b31c9da31af564eb929fa,Istanbul,2026-06-06,2026-06-05T21:19:45+00:00,UNRECORDED,80.2,81.0,station path (audit only),75.4,MISSING,0,,,MISSING,UNTESTABLE_NO_CAUSAL_FORECAST_OR_BOOK,winner
0x4c52b8a738f6fcd2e0d71685bcee93cd84d6609a5fa33e58b95f0b07d7b0f4d0,Kuala Lumpur,2026-06-06,2026-06-06T01:00:10+00:00,UNRECORDED,96.4,97.2,station path (audit only),91.2,MISSING,0,,,MISSING,UNTESTABLE_NO_CAUSAL_FORECAST_OR_BOOK,winner
0x789900b556a6736a9ab960147adb71a90e538edd11e9d1d7c3f15817bdba6634,Manila,2026-06-06,2026-06-05T23:39:46+00:00,UNRECORDED,91.0,91.8,station path (audit only),86.1,MISSING,0,,,MISSING,UNTESTABLE_NO_CAUSAL_FORECAST_OR_BOOK,winner
0x35d21ec42dc4278afc26c857b72c103fe3180bf00cc68c2cdcb3cfee652b2c2d,Mexico City,2026-06-06,2026-06-06T11:58:33+00:00,UNRECORDED,78.4,,station path (audit only),70.4,MISSING,0,,,MISSING,UNTESTABLE_NO_CAUSAL_FORECAST_OR_BOOK,winner
0x6dead9747e47d963d610d46fde5f908b19db8e128c1e4279410bb3f2fb6ee54a,Mexico City,2026-06-06,2026-06-06T06:02:01+00:00,UNRECORDED,76.6,77.4,station path (audit only),70.4,MISSING,0,,,MISSING,UNTESTABLE_NO_CAUSAL_FORECAST_OR_BOOK,winner
0xc03de20dc69a50e71bd17840dc09b3285ce7f23a9f41ec78d18ea9451a590d65,Shanghai,2026-06-06,2026-06-05T20:02:30+00:00,UNRECORDED,82.0,82.8,station path (audit only),76.4,MISSING,0,,,MISSING,UNTESTABLE_NO_CAUSAL_FORECAST_OR_BOOK,winner
0xbacd0400eb6078249b67de5f01fa2db0da54fe2fbed1f1017fc915fd84d22f3f,Wellington,2026-06-06,2026-06-05T23:21:10+00:00,UNRECORDED,64.0,64.8,station path (audit only),59.0,MISSING,0,,,MISSING,UNTESTABLE_NO_CAUSAL_FORECAST_OR_BOOK,winner
0xf3fa4b8b0b2c798063eb5991b2e8532256133194c21e0f7f4dda3ad1ffb9b235,Busan,2026-06-07,2026-06-06T20:50:27+00:00,UNRECORDED,80.2,81.0,station path (audit only),72.2,MISSING,21,,,MISSING,UNTESTABLE_NO_CAUSAL_FORECAST_OR_BOOK,loser
0x037e8baf5b8f100b14df0b6bcac77f0dfb2bc8a56a520358579e9291863ab257,Busan,2026-06-07,2026-06-07T04:36:19+00:00,UNRECORDED,78.4,79.2,station path (audit only),72.2,MISSING,10,,,MISSING,UNTESTABLE_NO_CAUSAL_FORECAST_OR_BOOK,winner
0x1405d0a80085e2e548e68b3b2ab1c8bed82e44169cb365bd9659818402b405b4,Dallas,2026-06-07,2026-06-07T05:03:24+00:00,UNRECORDED,94.0,95.0,station path (audit only),84.5,MISSING,0,,,MISSING,UNTESTABLE_NO_CAUSAL_FORECAST_OR_BOOK,winner
0xa386141304240ecd32a4c91826c60a63d50f23fbdc1b73a4f4cc62156692079d,Istanbul,2026-06-07,2026-06-07T09:51:16+00:00,UNRECORDED,80.2,81.0,station path (audit only),75.7,MISSING,0,,,MISSING,UNTESTABLE_NO_CAUSAL_FORECAST_OR_BOOK,winner
0x64350bc6e83aed2206c406c04c301ba92f1d6e2ebf96d3ca0030b34db14af060,Jeddah,2026-06-07,2026-06-07T03:16:24+00:00,UNRECORDED,103.6,104.4,station path (audit only),98.0,MISSING,0,,,MISSING,UNTESTABLE_NO_CAUSAL_FORECAST_OR_BOOK,winner
0xb9e9eed6a7ef26df145e6d8201f636286782cdaf83826eae93f0ca4eabc1866c,Manila,2026-06-07,2026-06-07T01:39:55+00:00,UNRECORDED,94.6,95.4,station path (audit only),87.4,MISSING,0,,,MISSING,UNTESTABLE_NO_CAUSAL_FORECAST_OR_BOOK,winner
0x2495d582f08787b0b3b8474ce04461d291b80ef3f141586655b76b82c0090e9b,Manila,2026-06-07,2026-06-07T00:42:31+00:00,UNRECORDED,92.8,93.6,station path (audit only),87.4,MISSING,0,,,MISSING,UNTESTABLE_NO_CAUSAL_FORECAST_OR_BOOK,winner
0xa26f1003a9b2b979c9336772a9fc44f68f481618319436a891956390c393cc0e,Manila,2026-06-07,2026-06-07T02:21:07+00:00,UNRECORDED,96.4,97.2,station path (audit only),87.4,MISSING,0,,,MISSING,UNTESTABLE_NO_CAUSAL_FORECAST_OR_BOOK,winner
0x3a19493c76d66c500e142a0d5e9a1bdd631b52d05bea03c3aa41aa9d2d7a7d79,Shanghai,2026-06-07,2026-06-06T20:00:36+00:00,UNRECORDED,83.8,84.6,station path (audit only),78.2,MISSING,0,,,MISSING,UNTESTABLE_NO_CAUSAL_FORECAST_OR_BOOK,winner
0x4a648e0c9d5f5812c7081230317315e63fdf5fa3e57b020eded94493134f75ba,Toronto,2026-06-07,2026-06-07T04:05:09+00:00,UNRECORDED,80.2,81.0,station path (audit only),72.0,MISSING,0,,,MISSING,UNTESTABLE_NO_CAUSAL_FORECAST_OR_BOOK,winner
0xb63d091d374a5f230eeee89ed4292487d2547cbdf760fa3232cbe0172b401ee4,Dallas,2026-06-08,2026-06-08T08:00:12+00:00,UNRECORDED,96.0,97.0,station path (audit only),87.3,MISSING,0,,,MISSING,UNTESTABLE_NO_CAUSAL_FORECAST_OR_BOOK,winner
0xb53eb1a467d13017f1737c9953f9503bbe226e3ac373a7bbf5b7526245fedc99,Dallas,2026-06-08,2026-06-08T07:41:46+00:00,UNRECORDED,94.0,95.0,station path (audit only),87.3,MISSING,0,,,MISSING,UNTESTABLE_NO_CAUSAL_FORECAST_OR_BOOK,winner
0xe67017284a976f7759a54051a13319e08ce9ac943a537e6416697ff6bf28f007,Istanbul,2026-06-08,2026-06-07T23:33:01+00:00,UNRECORDED,78.4,79.2,station path (audit only),73.8,MISSING,0,,,MISSING,UNTESTABLE_NO_CAUSAL_FORECAST_OR_BOOK,winner
0xb136933b557efababd52b7a7a7b1dbbdc08c99d5f081bee27d6e2d2721c07f64,Jeddah,2026-06-08,2026-06-08T03:09:01+00:00,UNRECORDED,105.4,106.2,station path (audit only),100.9,MISSING,0,,,MISSING,UNTESTABLE_NO_CAUSAL_FORECAST_OR_BOOK,winner
0x14a77f9286bbcea01e93346754c2975357b49e10176e2d62bb334f1fcf23c5e9,Kuala Lumpur,2026-06-08,2026-06-08T01:51:55+00:00,UNRECORDED,94.6,95.4,station path (audit only),87.9,MISSING,0,,,MISSING,UNTESTABLE_NO_CAUSAL_FORECAST_OR_BOOK,winner
0xd9a1a123decb5ea848509fd2d90740f6764ef320aeed37376ed8e829c9d1ffb8,Kuala Lumpur,2026-06-08,2026-06-08T08:18:04+00:00,UNRECORDED,92.8,93.6,station path (audit only),87.9,MISSING,0,,,MISSING,UNTESTABLE_NO_CAUSAL_FORECAST_OR_BOOK,winner
0xf82bebe0557dd1a7ad4e0e592522da0703a053fce8240698695c9a1947cb6e29,Madrid,2026-06-08,2026-06-08T09:18:22+00:00,UNRECORDED,96.4,97.2,station path (audit only),91.4,MISSING,0,,,MISSING,UNTESTABLE_NO_CAUSAL_FORECAST_OR_BOOK,winner
0x2d45ef52dc4840aa99ed08c77e839dab5cb96963e75b87150d14f3140c589001,Paris,2026-06-08,2026-06-07T23:43:57+00:00,UNRECORDED,74.8,75.6,station path (audit only),70.0,MISSING,0,,,MISSING,UNTESTABLE_NO_CAUSAL_FORECAST_OR_BOOK,winner
0xf35f991dc3689492f3f00ffedb5e80a98074868b8409fe980cede4a6fcd3ec64,Seattle,2026-06-08,2026-06-08T07:01:33+00:00,UNRECORDED,64.0,65.0,station path (audit only),58.9,MISSING,0,,,MISSING,UNTESTABLE_NO_CAUSAL_FORECAST_OR_BOOK,winner
0x43a106cad3f6e4596e8836973850268fa996db28c1df435c1b3793e587f5cbeb,Tokyo,2026-06-08,2026-06-07T20:06:37+00:00,UNRECORDED,76.6,77.4,station path (audit only),70.8,MISSING,0,,,MISSING,UNTESTABLE_NO_CAUSAL_FORECAST_OR_BOOK,winner
0x66da5bcf813e90799fdf232cfad43200540be880ef95cecbf647704754f1c228,Wellington,2026-06-08,2026-06-07T22:33:42+00:00,UNRECORDED,65.8,66.6,station path (audit only),61.1,MISSING,0,,,MISSING,UNTESTABLE_NO_CAUSAL_FORECAST_OR_BOOK,winner
0x3abd495e814a79eb3d2a8c994d23907d07f294bb1428365e503d287a2b9bb53f,Dallas,2026-06-09,2026-06-09T05:28:18+00:00,UNRECORDED,94.0,95.0,station path (audit only),86.8,MISSING,0,,,MISSING,UNTESTABLE_NO_CAUSAL_FORECAST_OR_BOOK,winner
0x9912d4630c82c6cb91dd4b724b53d77f1cde7750305152e8362471199865c12f,Dallas,2026-06-09,2026-06-09T05:00:40+00:00,UNRECORDED,96.0,97.0,station path (audit only),86.8,MISSING,0,,,MISSING,UNTESTABLE_NO_CAUSAL_FORECAST_OR_BOOK,winner
0x9c70076fc574a4b09d4f01c2abffa5b1c913c81f50b4faa0a611a8d78a4facd3,Jeddah,2026-06-09,2026-06-08T21:03:46+00:00,UNRECORDED,103.6,104.4,station path (audit only),98.6,MISSING,0,,,MISSING,UNTESTABLE_NO_CAUSAL_FORECAST_OR_BOOK,winner
0x9fe85b240ba20444927033e2f89ed534dd31ba81a51e7dd737c04549ab025521,Manila,2026-06-09,2026-06-08T20:10:10+00:00,UNRECORDED,94.6,95.4,station path (audit only),88.4,MISSING,0,,,MISSING,UNTESTABLE_NO_CAUSAL_FORECAST_OR_BOOK,winner
0xfa1f5ed97a60e88617d4c92f72dffac2998f69defbfd2ffb05fbd94a1d20e8bf,Seattle,2026-06-09,2026-06-09T08:33:04+00:00,UNRECORDED,64.0,65.0,station path (audit only),56.9,MISSING,0,,,MISSING,UNTESTABLE_NO_CAUSAL_FORECAST_OR_BOOK,winner
0x073e02f555666f3ee0f2a516c162ec8963f4d341077eafdb2394fefcd5651b3b,Singapore,2026-06-09,2026-06-08T21:44:25+00:00,UNRECORDED,91.0,91.8,station path (audit only),85.9,MISSING,0,,,MISSING,UNTESTABLE_NO_CAUSAL_FORECAST_OR_BOOK,winner
0x4b793c118c7808be1fa39b642d207b2ac4c94c20d49944e4aca544aa37025947,Tokyo,2026-06-09,2026-06-08T20:01:15+00:00,UNRECORDED,76.6,77.4,station path (audit only),71.2,MISSING,0,,,MISSING,UNTESTABLE_NO_CAUSAL_FORECAST_OR_BOOK,winner
0x04d0ea46bb38d788dc213e4b5f4853b42d0be9e780615678a41cdecff9627855,Dallas,2026-06-10,2026-06-10T05:16:34+00:00,UNRECORDED,96.0,97.0,station path (audit only),89.7,MISSING,0,,,MISSING,UNTESTABLE_NO_CAUSAL_FORECAST_OR_BOOK,winner
0x0423d44b7ed257ede2705f1d37fd646ead1d237c48dc95af9e2d2b0fc333921a,Manila,2026-06-10,2026-06-09T20:24:15+00:00,UNRECORDED,94.6,95.4,station path (audit only),88.9,MISSING,0,,,MISSING,UNTESTABLE_NO_CAUSAL_FORECAST_OR_BOOK,winner
0x159328aa49ce5325050c0737bf19698a5a9b5c417d8a7d404e6da19d8ae9d5c2,Shanghai,2026-06-10,2026-06-09T20:08:34+00:00,UNRECORDED,85.6,86.4,station path (audit only),79.8,MISSING,0,,,MISSING,UNTESTABLE_NO_CAUSAL_FORECAST_OR_BOOK,winner
0xdb6d5221bcee90c9b194e42681793e2caff0509197eb53c0031fc9802f50474f,Shanghai,2026-06-10,2026-06-09T22:47:10+00:00,UNRECORDED,87.4,88.2,station path (audit only),79.8,MISSING,0,,,MISSING,UNTESTABLE_NO_CAUSAL_FORECAST_OR_BOOK,winner
0x16ffd32c03babaaee95bba528b432e83dd83c5958d8b51b88e3d2ac47cc5dab3,Austin,2026-06-11,2026-06-11T05:00:27+00:00,UNRECORDED,96.0,97.0,station path (audit only),89.6,MISSING,0,,,MISSING,UNTESTABLE_NO_CAUSAL_FORECAST_OR_BOOK,winner
0xe02a65a8df6659e69705222858c4dc9fb3ae263b058a5317e0ab29bd6954feac,Busan,2026-06-11,2026-06-10T20:05:57+00:00,UNRECORDED,85.6,86.4,station path (audit only),80.2,MISSING,0,,,MISSING,UNTESTABLE_NO_CAUSAL_FORECAST_OR_BOOK,winner
0xb46404454ab654f8c2788bcea5f907edfe4a4afc6796a541047a1a3df0593c02,Dallas,2026-06-11,2026-06-11T05:00:15+00:00,UNRECORDED,98.0,99.0,station path (audit only),91.3,MISSING,0,,,MISSING,UNTESTABLE_NO_CAUSAL_FORECAST_OR_BOOK,winner
0x25fc280fe1a363347571b5a6a93d8c9e5474c09c04002157d9d672aa4b63f70e,Manila,2026-06-11,2026-06-10T20:26:15+00:00,UNRECORDED,96.4,97.2,station path (audit only),91.6,MISSING,0,,,MISSING,UNTESTABLE_NO_CAUSAL_FORECAST_OR_BOOK,winner
0x2c3f85f9b64f4931695e3fcbfd6c4074e399592b37c6ba4a6fe56adaa1420819,Mexico City,2026-06-11,2026-06-11T06:45:51+00:00,UNRECORDED,80.2,81.0,station path (audit only),74.7,MISSING,0,,,MISSING,UNTESTABLE_NO_CAUSAL_FORECAST_OR_BOOK,winner
0x5f6c9b0847a6b81128789f0b4388b436a7fe4be3e628203daba4e7cbb8b83555,Seattle,2026-06-11,2026-06-11T07:01:46+00:00,UNRECORDED,74.0,75.0,station path (audit only),69.1,MISSING,0,,,MISSING,UNTESTABLE_NO_CAUSAL_FORECAST_OR_BOOK,winner
0xa44fb7e574fe1138402b98a6ed0a66bf4a13baa34d6628f2e1f706997d84cb62,Shanghai,2026-06-11,2026-06-10T20:14:43+00:00,UNRECORDED,91.0,91.8,station path (audit only),85.5,MISSING,0,,,MISSING,UNTESTABLE_NO_CAUSAL_FORECAST_OR_BOOK,winner
0x38806a46804fff7e98589d3196320d742640ba4af798d03f943345abae89ddc9,Tokyo,2026-06-11,2026-06-11T03:15:00+00:00,UNRECORDED,82.0,82.8,station path (audit only),74.6,MISSING,0,,,MISSING,UNTESTABLE_NO_CAUSAL_FORECAST_OR_BOOK,winner
0xe65e54fe77202840f5935cf30a1150edc5f912b1f6d8390e5a8897bdbf138d9e,Tokyo,2026-06-11,2026-06-11T01:55:37+00:00,UNRECORDED,80.2,81.0,station path (audit only),74.6,MISSING,0,,,MISSING,UNTESTABLE_NO_CAUSAL_FORECAST_OR_BOOK,winner
0xf3ed1f714066ecfdff9cb6bebcaa626fcf6da1ea5bb9a649335ffecd50a4edc4,Warsaw,2026-06-11,2026-06-10T22:06:55+00:00,UNRECORDED,64.0,64.8,station path (audit only),59.0,MISSING,0,,,MISSING,UNTESTABLE_NO_CAUSAL_FORECAST_OR_BOOK,winner
0x5cb2f743802a4bcdf0544592f607958f3e5d1c3754911229288f3ce6ac0a38a6,Warsaw,2026-06-11,2026-06-11T09:51:16+00:00,UNRECORDED,65.8,66.6,station path (audit only),59.0,MISSING,0,,,MISSING,UNTESTABLE_NO_CAUSAL_FORECAST_OR_BOOK,winner
0xf02a9f62c7871412a636a749fd8a88796a2af73efc0281d930d8c7c90fd40d38,Amsterdam,2026-06-12,2026-06-12T07:04:12+00:00,UNRECORDED,69.4,70.2,station path (audit only),62.6,MISSING,0,,,MISSING,UNTESTABLE_NO_CAUSAL_FORECAST_OR_BOOK,winner
0x15c7f48c2ed5e4a1a471e07da294c37632e1f26d668f4d153760a52e09818d39,Los Angeles,2026-06-12,2026-06-12T07:00:42+00:00,UNRECORDED,78.0,79.0,station path (audit only),70.9,MISSING,0,,,MISSING,UNTESTABLE_NO_CAUSAL_FORECAST_OR_BOOK,winner
0x5c09a93b9f8c09b9077883e47e4d2c8ce3b0d2acd0ad7aabd2e8ab593ce5b0df,Los Angeles,2026-06-12,2026-06-12T09:56:39+00:00,UNRECORDED,76.0,77.0,station path (audit only),70.9,MISSING,0,,,MISSING,UNTESTABLE_NO_CAUSAL_FORECAST_OR_BOOK,winner
0xcf944e33ce7670b62339d5d609cc159d6e52dba5eb8c5733f8f54c24dab96c6c,Manila,2026-06-12,2026-06-12T04:44:30+00:00,UNRECORDED,96.4,97.2,station path (audit only),89.5,MISSING,11,,,MISSING,UNTESTABLE_NO_CAUSAL_FORECAST_OR_BOOK,winner
0x6fcc348accf9a43bb48e9fbb25150257e2e6fd55a943c895179a6badfa16fb6a,Manila,2026-06-12,2026-06-12T03:37:54+00:00,UNRECORDED,94.6,95.4,station path (audit only),89.5,MISSING,12,,,MISSING,UNTESTABLE_NO_CAUSAL_FORECAST_OR_BOOK,winner
0x656346a55a58b0f41b579f03165c1f610e0c7e7411f32e2f221f6666b8d4183d,Seattle,2026-06-12,2026-06-12T07:17:25+00:00,UNRECORDED,76.0,77.0,station path (audit only),71.4,MISSING,0,,,MISSING,UNTESTABLE_NO_CAUSAL_FORECAST_OR_BOOK,winner
0xa191f39eacf0cba9d9dab43dfdd6f034c0d72be0d3840d583455e181ea051d09,Busan,2026-06-13,2026-06-13T01:39:19+00:00,UNRECORDED,87.4,88.2,station path (audit only),81.4,MISSING,0,,,MISSING,UNTESTABLE_NO_CAUSAL_FORECAST_OR_BOOK,winner
0xf21662d7a5d656d3a0abfd0d5c2784c591b814f50818ef5de91ac54bdc8f64fe,Kuala Lumpur,2026-06-13,2026-06-13T04:17:52+00:00,UNRECORDED,94.6,95.4,station path (audit only),89.4,MISSING,0,,,MISSING,UNTESTABLE_NO_CAUSAL_FORECAST_OR_BOOK,winner
0x537eb0be992b74aa3273dfe547b16753154787e5a105580603e4774fc6ea036c,Los Angeles,2026-06-13,2026-06-13T08:52:48+00:00,UNRECORDED,74.0,75.0,station path (audit only),68.7,MISSING,0,,,MISSING,UNTESTABLE_NO_CAUSAL_FORECAST_OR_BOOK,winner
0x77a3c776dfbfc68e20a7644fcf6ed7796e0f6eddc6b32f5a575d480f77ad5119,Los Angeles,2026-06-13,2026-06-13T07:42:22+00:00,UNRECORDED,76.0,77.0,station path (audit only),68.7,MISSING,0,,,MISSING,UNTESTABLE_NO_CAUSAL_FORECAST_OR_BOOK,winner
0xe8cd6ed693d192c29265c57e9f578a0376f7ff622e23e04d6416ba62db8b476f,Manila,2026-06-13,2026-06-13T03:04:04+00:00,UNRECORDED,94.6,95.4,station path (audit only),90.1,MISSING,13,,,MISSING,UNTESTABLE_NO_CAUSAL_FORECAST_OR_BOOK,winner
0x73a1b2b74145793c5cdac3421412c9bceefd2f9d3f1a56fdc66693ea2dc225cb,Manila,2026-06-13,2026-06-13T05:29:58+00:00,UNRECORDED,96.4,97.2,station path (audit only),90.1,MISSING,11,,,MISSING,UNTESTABLE_NO_CAUSAL_FORECAST_OR_BOOK,winner
0xab6355d20f65ae426bef44df267cd7b50ef174bce83872a1554ed32e9660bd2b,Mexico City,2026-06-13,2026-06-13T06:41:00+00:00,UNRECORDED,78.4,79.2,station path (audit only),71.4,MISSING,0,,,MISSING,UNTESTABLE_NO_CAUSAL_FORECAST_OR_BOOK,winner
0xf6b6d728aa81d89c90e8f9bf09e9924291d495aebf3c8a416407080a94c2adde,Moscow,2026-06-13,2026-06-13T05:37:58+00:00,UNRECORDED,85.6,86.4,station path (audit only),78.0,MISSING,56,,,MISSING,UNTESTABLE_NO_CAUSAL_FORECAST_OR_BOOK,winner
0x0c1c32b0e8c542c9fa7258a616b789cee3ecd289f33ec0774057da5aa433ad7e,Moscow,2026-06-13,2026-06-13T09:15:30+00:00,UNRECORDED,87.4,88.2,station path (audit only),78.0,MISSING,49,,,MISSING,UNTESTABLE_NO_CAUSAL_FORECAST_OR_BOOK,winner
0x2fdd6cface135aa6b22af563f64b161bca69d5c462d5ddc8c5d472755b005742,Moscow,2026-06-13,2026-06-12T21:02:51+00:00,UNRECORDED,83.8,84.6,station path (audit only),78.0,MISSING,74,2026-06-13 12:00,,MISSING,UNTESTABLE_NO_CAUSAL_FORECAST_OR_BOOK,loser
0xfac75dcf851a5e50ba16a2cd684f7360340b00af016eb3d7637b4800a993cc24,Seattle,2026-06-13,2026-06-13T07:10:51+00:00,UNRECORDED,86.0,,station path (audit only),80.2,MISSING,0,,,MISSING,UNTESTABLE_NO_CAUSAL_FORECAST_OR_BOOK,winner
0x73f5c12efbabbe11764cf89dea8ad767cd4efa62c2b10fb7b83a0bd1669fa2b2,Shanghai,2026-06-13,2026-06-13T03:30:55+00:00,UNRECORDED,85.6,86.4,station path (audit only),81.1,MISSING,0,,,MISSING,UNTESTABLE_NO_CAUSAL_FORECAST_OR_BOOK,winner
0x807ec04279bc69b546e007ed6a19c473df8a7ff5831cc3c924be2cd2f54e74a2,Singapore,2026-06-13,2026-06-13T03:03:30+00:00,UNRECORDED,92.8,93.6,station path (audit only),87.8,MISSING,0,,,MISSING,UNTESTABLE_NO_CAUSAL_FORECAST_OR_BOOK,winner
0xf2410edc6f6b293b43db3f8a68a920056cd918a3ab293066443b80badc8fce79,Tokyo,2026-06-13,2026-06-13T03:46:03+00:00,UNRECORDED,83.8,84.6,station path (audit only),78.6,MISSING,0,,,MISSING,UNTESTABLE_NO_CAUSAL_FORECAST_OR_BOOK,winner
0xd5673bff3632d7075bf3972b36a02a3b318c69e521b4fe7ff886ec4a0b652a92,Austin,2026-06-14,2026-06-14T05:13:48+00:00,UNRECORDED,96.0,97.0,station path (audit only),89.8,MISSING,0,,,MISSING,UNTESTABLE_NO_CAUSAL_FORECAST_OR_BOOK,winner
0x1a70c9157fd6429bacfe0021b26f0a5559d70ede7e7e6ab2280d67938c70b06a,Busan,2026-06-14,2026-06-14T01:11:34+00:00,UNRECORDED,83.8,84.6,station path (audit only),79.3,MISSING,14,2026-06-14 13:00,,MISSING,UNTESTABLE_NO_CAUSAL_FORECAST_OR_BOOK,loser
0x274f7c45bbac2b601d739f1e3190dc27edb4a51c9bf15b88e8fa3c20784ad837,Busan,2026-06-14,2026-06-14T04:00:39+00:00,UNRECORDED,85.6,86.4,station path (audit only),79.3,MISSING,10,,,MISSING,UNTESTABLE_NO_CAUSAL_FORECAST_OR_BOOK,winner
0xd1420a6578663b7ba591de8470adb81fc9933ec70292097c9b008322f8212652,Busan,2026-06-14,2026-06-14T04:24:19+00:00,UNRECORDED,87.4,88.2,station path (audit only),79.3,MISSING,10,,,MISSING,UNTESTABLE_NO_CAUSAL_FORECAST_OR_BOOK,winner
0x6f2a48d1f5b941001c65b52446b17044e6cdedcefef3f048843718359de270c6,Kuala Lumpur,2026-06-14,2026-06-14T05:26:12+00:00,UNRECORDED,91.0,91.8,station path (audit only),86.4,MISSING,0,,,MISSING,UNTESTABLE_NO_CAUSAL_FORECAST_OR_BOOK,winner
0x9f6692db6f2ba5e0ee73ee1d61b8b8fed87a8b6cd98884d2732103e6c4f3dc8e,London,2026-06-14,2026-06-14T05:44:54+00:00,UNRECORDED,73.0,73.8,station path (audit only),68.4,MISSING,0,,,MISSING,UNTESTABLE_NO_CAUSAL_FORECAST_OR_BOOK,winner
0x3bfa5b5ffbb6a3c4990436784c1a3abd9de225e1651c4399c1aeeae4bee9ffd5,Los Angeles,2026-06-14,2026-06-14T08:33:37+00:00,UNRECORDED,74.0,75.0,station path (audit only),69.4,MISSING,0,,,MISSING,UNTESTABLE_NO_CAUSAL_FORECAST_OR_BOOK,winner
0x470b4a7f8ecec08530663ec163eebaba2e058c08c344370bbee1f260c61b17e2,Madrid,2026-06-14,2026-06-13T22:53:57+00:00,UNRECORDED,96.4,97.2,station path (audit only),91.6,MISSING,0,,,MISSING,UNTESTABLE_NO_CAUSAL_FORECAST_OR_BOOK,winner
0x2e1e1d6ce54a64cf16b5ffb3a3907612ab1f3d4abfafc228e78bbf88260e005e,Mexico City,2026-06-14,2026-06-14T06:06:21+00:00,UNRECORDED,80.2,81.0,station path (audit only),74.4,MISSING,0,,,MISSING,UNTESTABLE_NO_CAUSAL_FORECAST_OR_BOOK,winner
0xabc3f224e3ad9961feeef944298939ba9bd81bc81cc2fc404195d2204b9591be,Moscow,2026-06-14,2026-06-14T06:09:30+00:00,UNRECORDED,69.4,70.2,station path (audit only),64.0,MISSING,0,,,MISSING,UNTESTABLE_NO_CAUSAL_FORECAST_OR_BOOK,winner
0xc77b804f280c482fcbb2f9d678b1ab41990b226b3fa2deb3362b9ed7a3ca251d,Moscow,2026-06-14,2026-06-13T21:04:18+00:00,UNRECORDED,71.2,72.0,station path (audit only),64.0,MISSING,0,,,MISSING,UNTESTABLE_NO_CAUSAL_FORECAST_OR_BOOK,winner
0x6b44e2c9920baa8074c25a69f65897baa7d6b78f3bee68efa55cc69a9cae5752,Moscow,2026-06-14,2026-06-14T02:39:27+00:00,UNRECORDED,73.0,73.8,station path (audit only),64.0,MISSING,0,,,MISSING,UNTESTABLE_NO_CAUSAL_FORECAST_OR_BOOK,winner
0x40e58de9e15da6ceef2b6fcd07eafa91f09cace653e0f3a83db9904c51632b90,Shanghai,2026-06-14,2026-06-13T20:05:58+00:00,UNRECORDED,78.4,79.2,station path (audit only),73.4,MISSING,0,,,MISSING,UNTESTABLE_NO_CAUSAL_FORECAST_OR_BOOK,winner
0x26eb927439f1585e0f907ab6b81fd226bf9e9508b43ec63b14eb820c1e588c7c,Singapore,2026-06-14,2026-06-14T00:56:36+00:00,UNRECORDED,92.8,93.6,station path (audit only),85.1,MISSING,0,,,MISSING,UNTESTABLE_NO_CAUSAL_FORECAST_OR_BOOK,winner
0x8fb56d8f1462a4b3ac87d7cd4b5b8e3a179fee8f7247d7f5128a9788d9ea08aa,Singapore,2026-06-14,2026-06-14T05:25:45+00:00,UNRECORDED,91.0,91.8,station path (audit only),85.1,MISSING,0,,,MISSING,UNTESTABLE_NO_CAUSAL_FORECAST_OR_BOOK,winner
0x5b2432016a2e60d2c50310f8906b74bf892c4f34631745790a42274bac8b10c0,Toronto,2026-06-14,2026-06-14T04:09:54+00:00,UNRECORDED,76.6,77.4,station path (audit only),68.8,MISSING,0,,,MISSING,UNTESTABLE_NO_CAUSAL_FORECAST_OR_BOOK,winner
0xa13a55e2566d5a7581d74f831b7ae856822f250c6aa1912a9c7e68ff20bf9eb3,Kuala Lumpur,2026-06-15,2026-06-14T21:00:31+00:00,UNRECORDED,92.8,93.6,station path (audit only),87.6,MISSING,0,,,MISSING,UNTESTABLE_NO_CAUSAL_FORECAST_OR_BOOK,winner
0xd651e6caa250d40471b139dca85c9f4ed6cdbc25ec8d17a040e116611be58192,Los Angeles,2026-06-15,2026-06-15T07:12:03+00:00,UNRECORDED,74.0,75.0,station path (audit only),69.3,MISSING,0,,,MISSING,UNTESTABLE_NO_CAUSAL_FORECAST_OR_BOOK,winner
0x3196216d2a4b97b879b75e2b43a0a14779ef81581d2d466aa6304b63d385acf9,Los Angeles,2026-06-15,2026-06-15T08:01:54+00:00,UNRECORDED,76.0,77.0,station path (audit only),69.3,MISSING,0,,,MISSING,UNTESTABLE_NO_CAUSAL_FORECAST_OR_BOOK,winner
0x9f51643cd9b83a0921a47b77912106fa889fba907013a1ac28ea9c03fe84c34c,Mexico City,2026-06-15,2026-06-15T06:04:21+00:00,UNRECORDED,80.2,81.0,station path (audit only),73.8,MISSING,0,,,MISSING,UNTESTABLE_NO_CAUSAL_FORECAST_OR_BOOK,winner
0xada7cb0804dab08edbbc1fab4f8003bdd9785562856d3a2b1234ddc169cc515d,Singapore,2026-06-15,2026-06-15T03:21:36+00:00,UNRECORDED,91.0,91.8,station path (audit only),86.3,MISSING,0,,,MISSING,UNTESTABLE_NO_CAUSAL_FORECAST_OR_BOOK,winner
0x2e48783f76803abdf54f5b0f2cce7874d95e1ffc35032d67857c9ea3ab292bcc,Warsaw,2026-06-15,2026-06-14T22:00:10+00:00,UNRECORDED,65.8,66.6,station path (audit only),61.0,MISSING,0,,,MISSING,UNTESTABLE_NO_CAUSAL_FORECAST_OR_BOOK,winner
0xb362122801e0590b8188938436b80b30b8c7ca41a5b5eeee90d47d9bbc799c4d,Austin,2026-06-16,2026-06-16T06:02:06+00:00,UNRECORDED,90.0,91.0,station path (audit only),84.1,MISSING,0,,,MISSING,UNTESTABLE_NO_CAUSAL_FORECAST_OR_BOOK,winner
0x5fe2537461d2af6d9851bfd70ed008ee504cf0c2a1559ad1f2da9e9a3f96070e,Busan,2026-06-16,2026-06-15T21:28:40+00:00,UNRECORDED,85.6,86.4,station path (audit only),81.1,MISSING,0,,,MISSING,UNTESTABLE_NO_CAUSAL_FORECAST_OR_BOOK,winner
0xc76363beb722ee89cb47822201f94e63e413112797c5a4045d1541e8db35f7f4,Dallas,2026-06-16,2026-06-16T05:03:49+00:00,UNRECORDED,92.0,93.0,station path (audit only),87.5,MISSING,0,,,MISSING,UNTESTABLE_NO_CAUSAL_FORECAST_OR_BOOK,winner
0x68b14aeba5523d6c89c4e992188b0e9f152b7ded255992d4090484a652749ae7,Jeddah,2026-06-16,2026-06-15T21:06:13+00:00,UNRECORDED,103.6,,station path (audit only),97.6,MISSING,0,,,MISSING,UNTESTABLE_NO_CAUSAL_FORECAST_OR_BOOK,winner
0x82bc5d48a58ef59bb59f92e697d85913ff1efaacc867420de738dffa82078fd5,Kuala Lumpur,2026-06-16,2026-06-16T07:33:16+00:00,UNRECORDED,92.8,93.6,station path (audit only),86.9,MISSING,0,,,MISSING,UNTESTABLE_NO_CAUSAL_FORECAST_OR_BOOK,winner
0x68144b9c7ac20e1c1409cff8258def25ae0c9c12b2ea5065e53d4ef298536080,Los Angeles,2026-06-16,2026-06-16T07:41:45+00:00,UNRECORDED,74.0,75.0,station path (audit only),67.7,MISSING,0,,,MISSING,UNTESTABLE_NO_CAUSAL_FORECAST_OR_BOOK,winner
0x281f5eeb5c49bf781b23e79abadfc8c25f8d40bb76ea50e0f389f8b7abc0374f,Mexico City,2026-06-16,2026-06-16T08:43:28+00:00,UNRECORDED,82.0,82.8,station path (audit only),76.1,MISSING,0,,,MISSING,UNTESTABLE_NO_CAUSAL_FORECAST_OR_BOOK,winner
0x9aa061c9acc10f14d733ece6ca63d57878c265cb0b2f9329e1a43793841e6087,Paris,2026-06-16,2026-06-15T22:04:21+00:00,UNRECORDED,85.6,86.4,station path (audit only),80.1,MISSING,0,,,MISSING,UNTESTABLE_NO_CAUSAL_FORECAST_OR_BOOK,winner
0x04cc86100400ee15f46354ff26d4c706d4802ef25814515f93c78217d1c03706,Seattle,2026-06-16,2026-06-16T07:00:46+00:00,UNRECORDED,76.0,77.0,station path (audit only),70.4,MISSING,24,2026-06-16 16:53,,MISSING,UNTESTABLE_NO_CAUSAL_FORECAST_OR_BOOK,winner
0xc4c28fda3a70c89cda3be8fc7e83bfcd64e687d21b008daae50046050e7a3f55,Busan,2026-06-17,2026-06-17T00:00:41+00:00,UNRECORDED,87.4,88.2,station path (audit only),80.7,MISSING,14,,,MISSING,UNTESTABLE_NO_CAUSAL_FORECAST_OR_BOOK,winner
0xc88f77ed2e20c121f0c5c4548a011b2d8796e7aa7825cdea51d676b027a77e21,Busan,2026-06-17,2026-06-17T02:26:30+00:00,UNRECORDED,85.6,86.4,station path (audit only),80.7,MISSING,12,2026-06-17 16:00,,MISSING,UNTESTABLE_NO_CAUSAL_FORECAST_OR_BOOK,loser
0xd224a06ae48721cd068883a20a64eb5bd82762ce98e74090edaa8e19986a3ea9,Chicago,2026-06-17,2026-06-17T06:04:05+00:00,UNRECORDED,74.0,75.0,station path (audit only),67.1,MISSING,0,,,MISSING,UNTESTABLE_NO_CAUSAL_FORECAST_OR_BOOK,winner
0x1c988d1504514d4a9a3ce5e8ac2b3e77ad92bd3abc49ec16984e503a823ec77d,Chicago,2026-06-17,2026-06-17T05:04:07+00:00,UNRECORDED,72.0,73.0,station path (audit only),67.1,MISSING,0,,,MISSING,UNTESTABLE_NO_CAUSAL_FORECAST_OR_BOOK,winner
0x434c93f4ebf437fac5a0271ba454df475cef01ae752c1c1a697df0da3cfcfbde,Dallas,2026-06-17,2026-06-17T06:57:28+00:00,UNRECORDED,96.0,97.0,station path (audit only),90.2,MISSING,0,,,MISSING,UNTESTABLE_NO_CAUSAL_FORECAST_OR_BOOK,winner
0x26d21eb357268a2e202a3ec4beddc260bbb711553d427c7a0c6d827ac1536d79,Helsinki,2026-06-17,2026-06-16T21:16:29+00:00,UNRECORDED,67.6,68.4,station path (audit only),61.6,MISSING,0,,,MISSING,UNTESTABLE_NO_CAUSAL_FORECAST_OR_BOOK,winner
0x7393b6a9e7a4050cbd4b52b61a8cdf5cb5bc46228020d836a0126fd1f8d93dee,Istanbul,2026-06-17,2026-06-16T21:58:43+00:00,UNRECORDED,78.4,79.2,station path (audit only),73.6,MISSING,0,,,MISSING,UNTESTABLE_NO_CAUSAL_FORECAST_OR_BOOK,winner
0x73fcb3ec593a10ab6aff11e5f1b2244a9cb979a1ba9a2bf6db8eb66cdbea46eb,Kuala Lumpur,2026-06-17,2026-06-16T23:41:05+00:00,UNRECORDED,91.0,91.8,station path (audit only),85.1,MISSING,0,,,MISSING,UNTESTABLE_NO_CAUSAL_FORECAST_OR_BOOK,winner
0x7d4edf42e2cd77628ca12a659c8867d39149bc3c37d2d164350255bac503ce3a,London,2026-06-17,2026-06-17T11:46:37+00:00,UNRECORDED,80.2,81.0,station path (audit only),74.6,MISSING,0,,,MISSING,UNTESTABLE_NO_CAUSAL_FORECAST_OR_BOOK,winner
0x4dc8694edc648ecb4c030e9d2c3618e2bbe7a1a115aab6b0b1c45e40ea3f387d,Los Angeles,2026-06-17,2026-06-17T07:00:07+00:00,UNRECORDED,74.0,75.0,station path (audit only),69.2,MISSING,0,,,MISSING,UNTESTABLE_NO_CAUSAL_FORECAST_OR_BOOK,winner
0x7ec3cb0647576872af876175ddffd7ddd346bd8cf4147904517dfc8bbc0f0c5a,Manila,2026-06-17,2026-06-17T06:00:19+00:00,UNRECORDED,100.0,,station path (audit only),94.5,MISSING,0,,,MISSING,UNTESTABLE_NO_CAUSAL_FORECAST_OR_BOOK,winner
0x5495eaea6f63fc3bffbb6557d42de3972b9bdceeeef8ab42c52d3de8a86e63a3,Shanghai,2026-06-17,2026-06-16T23:24:14+00:00,UNRECORDED,87.4,88.2,station path (audit only),82.9,MISSING,0,,,MISSING,UNTESTABLE_NO_CAUSAL_FORECAST_OR_BOOK,winner
0x8b83bed04122a5467eff5ef0718cca50b1c510679e98a9ce2ab7fda4928fb21b,Singapore,2026-06-17,2026-06-16T20:52:38+00:00,UNRECORDED,91.0,91.8,station path (audit only),85.4,MISSING,0,,,MISSING,UNTESTABLE_NO_CAUSAL_FORECAST_OR_BOOK,winner
0x4e9310b2029d7565734033b5357a809f1e56ab622003fdbe560a90f63eeab90c,Tokyo,2026-06-17,2026-06-16T23:40:11+00:00,UNRECORDED,83.8,84.6,station path (audit only),77.4,MISSING,0,,,MISSING,UNTESTABLE_NO_CAUSAL_FORECAST_OR_BOOK,winner
0x9b4016a3805791c36fc1f8887cbd9295c0223738e1cc858beb5edbee8084c32b,Toronto,2026-06-17,2026-06-17T08:54:13+00:00,UNRECORDED,76.6,77.4,station path (audit only),72.1,MISSING,0,,,MISSING,UNTESTABLE_NO_CAUSAL_FORECAST_OR_BOOK,winner
0xe89771348b6f5b9490e025a5d3643e6613cae967f0bc1d52d6618edeb8c7d552,Busan,2026-06-18,2026-06-18T06:05:44+00:00,UNRECORDED,85.6,86.4,station path (audit only),79.7,MISSING,0,,,MISSING,UNTESTABLE_NO_CAUSAL_FORECAST_OR_BOOK,winner
0xd3c52288f5cee040221105900f5b7787dd34d9b2ebcd889f0f72cc520b1cfe31,Busan,2026-06-18,2026-06-17T20:08:19+00:00,UNRECORDED,87.4,88.2,station path (audit only),79.7,MISSING,0,,,MISSING,UNTESTABLE_NO_CAUSAL_FORECAST_OR_BOOK,winner
0x4320cf848013b9fccfec971b7cbee7a046635f444545524e6fabd9c540fedcb2,Istanbul,2026-06-18,2026-06-17T21:46:13+00:00,UNRECORDED,78.4,79.2,station path (audit only),72.7,MISSING,0,,,MISSING,UNTESTABLE_NO_CAUSAL_FORECAST_OR_BOOK,winner
0xec3940abf69b6752d6e29c1a8dcac7f8e91496db13aff311a2112fd9ef7eb8c0,Kuala Lumpur,2026-06-18,2026-06-17T20:08:23+00:00,UNRECORDED,92.8,93.6,station path (audit only),87.8,MISSING,0,,,MISSING,UNTESTABLE_NO_CAUSAL_FORECAST_OR_BOOK,winner
0x9b58f6e89ebf9425d6ef4272094a2d09a934d49df71836cae0be56833e2185e4,Kuala Lumpur,2026-06-18,2026-06-18T02:54:01+00:00,UNRECORDED,94.6,95.4,station path (audit only),87.8,MISSING,0,,,MISSING,UNTESTABLE_NO_CAUSAL_FORECAST_OR_BOOK,winner
0x5f24ac8f5e330313ed053c99bcb7ccb0bdf7cbe5b7e6af518d253652ff2f4303,Moscow,2026-06-18,2026-06-17T21:50:59+00:00,UNRECORDED,64.0,64.8,station path (audit only),59.1,MISSING,0,,,MISSING,UNTESTABLE_NO_CAUSAL_FORECAST_OR_BOOK,winner
0x4c70adcf396565a57ac478d2aaf71ef3ac790594b08648108b0ea27eff61cb64,Shanghai,2026-06-18,2026-06-17T20:30:13+00:00,UNRECORDED,85.6,86.4,station path (audit only),80.8,MISSING,0,,,MISSING,UNTESTABLE_NO_CAUSAL_FORECAST_OR_BOOK,winner
0xf4593ae7c2ab7510f16b1b99e6b3558ed52bd6242f18f7f9c1918135422226c8,Wellington,2026-06-18,2026-06-17T21:11:32+00:00,UNRECORDED,60.4,61.2,station path (audit only),55.9,MISSING,0,,,MISSING,UNTESTABLE_NO_CAUSAL_FORECAST_OR_BOOK,winner
0x20c3fc9325db36fd338c67d359bf1cc396e7fa6de73c7bda1a07cb4d97f03e95,Austin,2026-06-19,2026-06-19T05:12:58+00:00,UNRECORDED,94.0,95.0,station path (audit only),89.4,MISSING,0,,,MISSING,UNTESTABLE_NO_CAUSAL_FORECAST_OR_BOOK,winner
0x58624e5699a8556d0becefba3c3bfed37b56d8b2fda2fcb35a51e9f019e8b0ce,Busan,2026-06-19,2026-06-19T04:55:02+00:00,UNRECORDED,83.8,84.6,station path (audit only),75.8,MISSING,0,,,MISSING,UNTESTABLE_NO_CAUSAL_FORECAST_OR_BOOK,winner
0xecfc9dc60c76bbc2187ab51de793d4016c99b9475ac0a42950aad51259a1174f,Busan,2026-06-19,2026-06-18T20:06:56+00:00,UNRECORDED,85.6,86.4,station path (audit only),75.8,MISSING,0,,,MISSING,UNTESTABLE_NO_CAUSAL_FORECAST_OR_BOOK,winner
0xd0eb2b5519eaea3fcff6adc3df4409434e4aec0d9571ffeb9c44417713826e85,Kuala Lumpur,2026-06-19,2026-06-18T20:16:16+00:00,UNRECORDED,92.8,,station path (audit only),87.4,MISSING,0,,,MISSING,UNTESTABLE_NO_CAUSAL_FORECAST_OR_BOOK,winner
0x253c63bb7a5ca0a4a46d79c25939c46470f5d4ebe81d0c5dea2d1c433bb55a0d,Madrid,2026-06-19,2026-06-18T22:01:10+00:00,UNRECORDED,100.0,100.8,station path (audit only),95.3,MISSING,0,,,MISSING,UNTESTABLE_NO_CAUSAL_FORECAST_OR_BOOK,winner
0x3ae94b9ddea90ce12f6f038410f0e87d1637206d6f0b543e334bbc0b2b62b02a,Manila,2026-06-19,2026-06-19T02:41:23+00:00,UNRECORDED,96.4,97.2,station path (audit only),90.8,MISSING,0,,,MISSING,UNTESTABLE_NO_CAUSAL_FORECAST_OR_BOOK,winner
0x42deaf7d8842efcdea2014a9cb716e832bebe8d703e2556de87038c337e0481d,Moscow,2026-06-19,2026-06-19T06:01:58+00:00,UNRECORDED,73.0,73.8,station path (audit only),68.3,MISSING,0,,,MISSING,UNTESTABLE_NO_CAUSAL_FORECAST_OR_BOOK,winner
0x52967c21d3d4e730f4e90a82ad67aa83bc4be4f37aa5f83c6fbabd615f787422,Seattle,2026-06-19,2026-06-19T08:57:25+00:00,UNRECORDED,86.0,87.0,station path (audit only),80.9,MISSING,0,,,MISSING,UNTESTABLE_NO_CAUSAL_FORECAST_OR_BOOK,winner
0xf92045ef184bb518da66b571f9a67b32177bbee5e6feda1552c28013f5791f6f,Tokyo,2026-06-19,2026-06-18T20:02:20+00:00,UNRECORDED,85.6,86.4,station path (audit only),80.9,MISSING,0,,,MISSING,UNTESTABLE_NO_CAUSAL_FORECAST_OR_BOOK,winner
0x042dec4d1be479a01f2579041b3cdd9c2a83481a1784f1791e1afd1a2e7eeed6,Busan,2026-06-20,2026-06-19T20:07:31+00:00,UNRECORDED,83.8,84.6,station path (audit only),78.8,MISSING,0,,,MISSING,UNTESTABLE_NO_CAUSAL_FORECAST_OR_BOOK,winner
0x0e190dacb26f1c2175aaf844651b3cc3a0511656dcefba48197e99e06d6d3426,Chicago,2026-06-20,2026-06-20T06:00:19+00:00,UNRECORDED,82.0,83.0,station path (audit only),76.7,MISSING,0,,,MISSING,UNTESTABLE_NO_CAUSAL_FORECAST_OR_BOOK,winner
0x87d51e1485f9875e7023dd74b1ab9591339b10b5a5a4444fa48b3b9b5c51800a,Dallas,2026-06-20,2026-06-20T06:20:50+00:00,UNRECORDED,92.0,93.0,station path (audit only),85.6,MISSING,0,,,MISSING,UNTESTABLE_NO_CAUSAL_FORECAST_OR_BOOK,winner
0xa7c303c62f4a7d3c0da575947497d127375408f27474b2255ae3369441a43b86,Jeddah,2026-06-20,2026-06-19T21:02:10+00:00,UNRECORDED,101.8,,station path (audit only),96.5,MISSING,0,,,MISSING,UNTESTABLE_NO_CAUSAL_FORECAST_OR_BOOK,winner
0x7b66f04f83583a638d89abdbbc267cf1c12618f9ac12f0e18d306c316e201019,Kuala Lumpur,2026-06-20,2026-06-19T20:08:16+00:00,UNRECORDED,91.0,,station path (audit only),84.8,MISSING,0,,,MISSING,UNTESTABLE_NO_CAUSAL_FORECAST_OR_BOOK,winner
0x69f5012087cd9ba85117e57fde1f7a8347661194ea76c7353f814952c77f8218,Manila,2026-06-20,2026-06-20T01:12:49+00:00,UNRECORDED,98.2,,station path (audit only),92.1,MISSING,0,,,MISSING,UNTESTABLE_NO_CAUSAL_FORECAST_OR_BOOK,winner
0xbc277b385f9444efd7c04bcaf23dcf66c62e0f3bffa593237c624acc85f995ab,Miami,2026-06-20,2026-06-20T04:01:05+00:00,UNRECORDED,94.0,95.0,station path (audit only),89.0,MISSING,29,,,MISSING,UNTESTABLE_NO_CAUSAL_FORECAST_OR_BOOK,loser
0x8338b0b6b4cfe85460ac5b2c77fc69bfea72b345121b605c8aa6208f49ef8e74,Moscow,2026-06-20,2026-06-20T08:46:34+00:00,UNRECORDED,74.8,,station path (audit only),68.6,MISSING,0,,,MISSING,UNTESTABLE_NO_CAUSAL_FORECAST_OR_BOOK,winner
0xdde7a841e9f6e2154c1acb04e71f224fd168da1bf3940787cd1e3cbd7aa507a4,Singapore,2026-06-20,2026-06-20T01:37:31+00:00,UNRECORDED,91.0,91.8,station path (audit only),85.0,MISSING,0,,,MISSING,UNTESTABLE_NO_CAUSAL_FORECAST_OR_BOOK,winner
0xc0fb1f7f2cacfc15bff2e6aad37f5228051f3e46e534acee00fe4f394bf0260f,Tokyo,2026-06-20,2026-06-19T20:56:38+00:00,UNRECORDED,78.4,79.2,station path (audit only),73.2,MISSING,0,,,MISSING,UNTESTABLE_NO_CAUSAL_FORECAST_OR_BOOK,winner
0xf9b2cb8013487b82d94b33e4787791d105696f3c3802f867a5aad5e392a2e24b,Austin,2026-06-21,2026-06-21T06:46:44+00:00,UNRECORDED,94.0,95.0,station path (audit only),89.1,MISSING,0,,,MISSING,UNTESTABLE_NO_CAUSAL_FORECAST_OR_BOOK,winner
0xe4b67b3b9df80439d0a24d57cf5d928f51a828500f08e0dc01d2017ec94beb34,Kuala Lumpur,2026-06-21,2026-06-21T00:54:01+00:00,UNRECORDED,91.0,91.8,station path (audit only),86.0,MISSING,0,,,MISSING,UNTESTABLE_NO_CAUSAL_FORECAST_OR_BOOK,winner
0xd7ad319e47e64bce00543d9f3b0658294553e7c981105188823777b8a272f01b,Los Angeles,2026-06-21,2026-06-21T07:58:58+00:00,UNRECORDED,74.0,75.0,station path (audit only),69.4,MISSING,0,,,MISSING,UNTESTABLE_NO_CAUSAL_FORECAST_OR_BOOK,winner
0xecd6ac70b2af6319528e55ce1646d2e9dbe2f46d038c1562e82376ee6a696f3b,Shanghai,2026-06-21,2026-06-20T20:12:10+00:00,UNRECORDED,83.8,84.6,station path (audit only),77.2,MISSING,0,,,MISSING,UNTESTABLE_NO_CAUSAL_FORECAST_OR_BOOK,winner
0x27f0ede60bead94a9b1402e157416383647031f573dcf6b2bde02d5f75b843c2,Shanghai,2026-06-21,2026-06-20T23:46:13+00:00,UNRECORDED,82.0,82.8,station path (audit only),77.2,MISSING,0,,,MISSING,UNTESTABLE_NO_CAUSAL_FORECAST_OR_BOOK,winner
0xc2aefec48701b975daf7d24e4f2c0e4ca42b7531593134712b638a00290367fd,Singapore,2026-06-21,2026-06-21T00:33:58+00:00,UNRECORDED,91.0,91.8,station path (audit only),84.2,MISSING,0,,,MISSING,UNTESTABLE_NO_CAUSAL_FORECAST_OR_BOOK,winner
0xe2d7c8b5bf739de0a5494fdadd92c3925c85e14186b87e89862bd11873543cd7,Tokyo,2026-06-21,2026-06-21T01:27:59+00:00,UNRECORDED,85.6,,station path (audit only),80.1,MISSING,0,,,MISSING,UNTESTABLE_NO_CAUSAL_FORECAST_OR_BOOK,winner
0xd6593c785949010cfb1ab02d5caba89f1dff6c3015e8247814c4c014e6ea9fd7,Kuala Lumpur,2026-06-22,2026-06-22T06:34:40+00:00,UNRECORDED,92.8,93.6,station path (audit only),87.6,MISSING,0,,,MISSING,UNTESTABLE_NO_CAUSAL_FORECAST_OR_BOOK,winner
0x1ae79f7138b30dee5a091a67a290edf6d59d414a4c826f33433a05bc48698c0a,Shanghai,2026-06-22,2026-06-21T20:20:05+00:00,UNRECORDED,82.0,,station path (audit only),77.3,MISSING,0,,,MISSING,UNTESTABLE_NO_CAUSAL_FORECAST_OR_BOOK,winner
0xbff93a1b77b3d2a20a81537d0b8b492c69d461fa5a01be75d7770574971fa26c,Tokyo,2026-06-22,2026-06-21T20:44:25+00:00,UNRECORDED,83.8,84.6,station path (audit only),79.1,MISSING,0,,,MISSING,UNTESTABLE_NO_CAUSAL_FORECAST_OR_BOOK,winner
0xec9818d30403f0ae85afdcedc6a77b4ab38949a30879610dc0676a91d4b7f130,Toronto,2026-06-22,2026-06-22T04:00:37+00:00,UNRECORDED,73.0,73.8,station path (audit only),64.6,MISSING,0,,,MISSING,UNTESTABLE_NO_CAUSAL_FORECAST_OR_BOOK,winner
0xff36f331e7832d313db631d40af929632c24b9ac61dd715d03f4f759bab839e9,Toronto,2026-06-22,2026-06-22T04:00:10+00:00,UNRECORDED,71.2,72.0,station path (audit only),64.6,MISSING,0,,,MISSING,UNTESTABLE_NO_CAUSAL_FORECAST_OR_BOOK,winner
0x2abbea900639730c1f3b7c133bd210812885d79cb355cf0335cb9af92a5cf262,Kuala Lumpur,2026-06-23,2026-06-23T05:38:32+00:00,UNRECORDED,94.6,95.4,station path (audit only),86.6,MISSING,0,,,MISSING,UNTESTABLE_NO_CAUSAL_FORECAST_OR_BOOK,winner
0x5bd150529a168f60a24819ed34d06f794d13e01b460e357ce36e59a56fd2118c,Kuala Lumpur,2026-06-23,2026-06-22T20:01:13+00:00,UNRECORDED,92.8,93.6,station path (audit only),86.6,MISSING,0,,,MISSING,UNTESTABLE_NO_CAUSAL_FORECAST_OR_BOOK,winner
0x4af17de663ed260e86129546cf7150574de2b8f6648a1f304132d2e2db6de33e,London,2026-06-23,2026-06-22T23:36:34+00:00,UNRECORDED,96.4,97.2,station path (audit only),91.7,MISSING,0,,,MISSING,UNTESTABLE_NO_CAUSAL_FORECAST_OR_BOOK,winner
0xf4a496aed20aa4dea1c87bc47b1ac0c4c5e931a09403e1da99c5b7f37adab225,Los Angeles,2026-06-23,2026-06-23T07:05:35+00:00,UNRECORDED,74.0,75.0,station path (audit only),69.5,MISSING,0,,,MISSING,UNTESTABLE_NO_CAUSAL_FORECAST_OR_BOOK,winner
0x890ffcd6d6c3149ac589ca9f666d6a094e1a21f4101b2b61a995e8831da22afa,Miami,2026-06-23,2026-06-23T05:41:13+00:00,UNRECORDED,94.0,95.0,station path (audit only),89.3,MISSING,0,,,MISSING,UNTESTABLE_NO_CAUSAL_FORECAST_OR_BOOK,winner
0x30ccafb466dbdc950ae8f20e1fe3a00efdfd15070dcf8c41fed313d9a942748f,Singapore,2026-06-23,2026-06-22T23:49:41+00:00,UNRECORDED,91.0,91.8,station path (audit only),86.0,MISSING,0,,,MISSING,UNTESTABLE_NO_CAUSAL_FORECAST_OR_BOOK,winner
0x72defca9be7a4e2e59507943faf1aac7c90cad2fae533122b0f0a8bdbfba6d7a,Austin,2026-06-24,2026-06-24T05:08:25+00:00,UNRECORDED,98.0,99.0,station path (audit only),93.3,MISSING,0,,,MISSING,UNTESTABLE_NO_CAUSAL_FORECAST_OR_BOOK,winner
0x1f6709952efadabb0471de9bec8b9344de03183a3132c69414eec60d95f8bf34,Chicago,2026-06-24,2026-06-24T05:00:40+00:00,UNRECORDED,80.0,81.0,station path (audit only),73.6,MISSING,0,,,MISSING,UNTESTABLE_NO_CAUSAL_FORECAST_OR_BOOK,winner
0xa306aa7373b9fe4c9c06b254b01351b0fbe0e93515b4d2673926bd9c0c073f98,Jeddah,2026-06-24,2026-06-24T05:47:14+00:00,UNRECORDED,100.0,,station path (audit only),95.5,MISSING,0,,,MISSING,UNTESTABLE_NO_CAUSAL_FORECAST_OR_BOOK,winner
0x6a2f3fda659039f0a9ddb6dbb1358a1d50a3c9f01fd3f0cd039038056066d7af,Kuala Lumpur,2026-06-24,2026-06-24T05:09:19+00:00,UNRECORDED,91.0,91.8,station path (audit only),85.6,MISSING,0,,,MISSING,UNTESTABLE_NO_CAUSAL_FORECAST_OR_BOOK,winner
0xfa5c48467fe9ded0a3ccd52d2905591b2a90a3dc53ff0ac5cebf4c0f4cf402bf,Kuala Lumpur,2026-06-24,2026-06-24T02:40:46+00:00,UNRECORDED,92.8,93.6,station path (audit only),85.6,MISSING,0,,,MISSING,UNTESTABLE_NO_CAUSAL_FORECAST_OR_BOOK,winner
0x2098256528e578d7d96a07455beb59533dac79d431077af126262ef76cd56c39,London,2026-06-24,2026-06-24T06:21:37+00:00,UNRECORDED,100.0,100.8,station path (audit only),94.9,MISSING,0,,,MISSING,UNTESTABLE_NO_CAUSAL_FORECAST_OR_BOOK,winner
0x006c5ad1547cd76976908ffca4fbb3b9b4e76226f41b21dfe7d984eae3b4a479,Los Angeles,2026-06-24,2026-06-24T07:00:10+00:00,UNRECORDED,74.0,75.0,station path (audit only),69.3,MISSING,0,,,MISSING,UNTESTABLE_NO_CAUSAL_FORECAST_OR_BOOK,winner
0xd69f7a98f84fe274fc5589d0318d4e07944f695e6f86289fddacd8106a8df0b0,Manila,2026-06-24,2026-06-24T00:44:37+00:00,UNRECORDED,91.0,91.8,station path (audit only),85.5,MISSING,0,,,MISSING,UNTESTABLE_NO_CAUSAL_FORECAST_OR_BOOK,winner
0x7bc1e69be604bac029269ec31ffbd2460b5c8761e3a7fbba42478349999ffde1,Mexico City,2026-06-24,2026-06-24T07:57:31+00:00,UNRECORDED,76.6,77.4,station path (audit only),71.4,MISSING,0,,,MISSING,UNTESTABLE_NO_CAUSAL_FORECAST_OR_BOOK,winner
0x091d61a11ce5847966ce40622b3a5a193389970350f81e17b43e708fa82b2fb9,Seattle,2026-06-24,2026-06-24T09:37:29+00:00,UNRECORDED,90.0,91.0,station path (audit only),84.6,MISSING,22,,,MISSING,UNTESTABLE_NO_CAUSAL_FORECAST_OR_BOOK,loser
0x8d5bf361044fd1f1807d0ec8ca8acdd8cbfc8ab995619f3eb0e3a3906c7c5596,Singapore,2026-06-24,2026-06-24T03:12:31+00:00,UNRECORDED,91.0,91.8,station path (audit only),83.4,MISSING,0,,,MISSING,UNTESTABLE_NO_CAUSAL_FORECAST_OR_BOOK,winner
0x702000fd972830dc14ca34674c26080e4a969ebdbad3f130366d5c0cb2ae983d,Singapore,2026-06-24,2026-06-24T04:53:05+00:00,UNRECORDED,89.2,90.0,station path (audit only),83.4,MISSING,0,,,MISSING,UNTESTABLE_NO_CAUSAL_FORECAST_OR_BOOK,winner
0x4793e041567d2abd374ca5ab0d2edf377aca4d6927fe160f4ab4bb8deffa6a06,Tokyo,2026-06-24,2026-06-23T20:19:49+00:00,UNRECORDED,80.2,81.0,station path (audit only),74.2,MISSING,0,,,MISSING,UNTESTABLE_NO_CAUSAL_FORECAST_OR_BOOK,winner
0xec424119b777d394a90234f4cd238447bdb14debc1062878dfd79bacc9b574bc,Austin,2026-06-25,2026-06-25T05:20:08+00:00,UNRECORDED,98.0,99.0,station path (audit only),92.5,MISSING,0,,,MISSING,UNTESTABLE_NO_CAUSAL_FORECAST_OR_BOOK,winner
0xf93836531d5dd5d1431c2ae3d1f3c32dcd6c354a9fd4b0b7163876c10e94fb22,Busan,2026-06-25,2026-06-24T21:03:02+00:00,UNRECORDED,80.2,81.0,station path (audit only),75.7,MISSING,0,,,MISSING,UNTESTABLE_NO_CAUSAL_FORECAST_OR_BOOK,winner
0xd9884bcc9fd229462f550c4c73c30d82360270f7e0fbd1f89dedc2823ee743a7,Busan,2026-06-25,2026-06-25T01:41:58+00:00,UNRECORDED,82.0,82.8,station path (audit only),75.7,MISSING,0,,,MISSING,UNTESTABLE_NO_CAUSAL_FORECAST_OR_BOOK,winner
0x63e8e27b4364fc74f11beb7114db2a9fc1325f234bc8d5be4c75101cfb82d943,Busan,2026-06-25,2026-06-25T03:53:20+00:00,UNRECORDED,83.8,84.6,station path (audit only),75.7,MISSING,0,,,MISSING,UNTESTABLE_NO_CAUSAL_FORECAST_OR_BOOK,winner
0xe88813e973f39cd9d346d83fbdfb5a08f9b19a8556199f7f2150a11bce5562ba,Busan,2026-06-25,2026-06-25T05:35:49+00:00,UNRECORDED,85.6,,station path (audit only),75.7,MISSING,0,,,MISSING,UNTESTABLE_NO_CAUSAL_FORECAST_OR_BOOK,winner
0xe9fe3c9fc8197e5b01028a737d13cafd0e655f8eb4f88a98aa25bff207107712,Kuala Lumpur,2026-06-25,2026-06-25T03:14:05+00:00,UNRECORDED,91.0,91.8,station path (audit only),86.4,MISSING,0,,,MISSING,UNTESTABLE_NO_CAUSAL_FORECAST_OR_BOOK,winner
0x571f108e0196d287063dc4d99d9642539dce0ac6798c7026e32cb5b36d4af680,London,2026-06-25,2026-06-24T23:30:52+00:00,UNRECORDED,91.0,91.8,station path (audit only),85.3,MISSING,0,,,MISSING,UNTESTABLE_NO_CAUSAL_FORECAST_OR_BOOK,winner
0x4f4154281edbd111be5f9df46e7c8ae94841fcfca8d9dbfcc31d8d55a45df09c,Los Angeles,2026-06-25,2026-06-25T09:25:08+00:00,UNRECORDED,74.0,75.0,station path (audit only),68.6,MISSING,0,,,MISSING,UNTESTABLE_NO_CAUSAL_FORECAST_OR_BOOK,winner
0x4c5785612b2e9922135af7535b2286d6b098112554161f7c4a7b36400a83bf0b,Madrid,2026-06-25,2026-06-24T22:00:17+00:00,UNRECORDED,92.8,93.6,station path (audit only),86.2,MISSING,0,,,MISSING,UNTESTABLE_NO_CAUSAL_FORECAST_OR_BOOK,winner
0x2caca3072251d3b9e03e3ef2769d09d55813134c267eb6a2c8910917d0ae6be2,Madrid,2026-06-25,2026-06-25T09:52:29+00:00,UNRECORDED,91.0,91.8,station path (audit only),86.2,MISSING,0,,,MISSING,UNTESTABLE_NO_CAUSAL_FORECAST_OR_BOOK,winner
0x01f2d652bcc5c12c6f06cbbe5f61eb00ea378884edd0173a0f6af53e15aa7262,Manila,2026-06-25,2026-06-24T21:56:32+00:00,UNRECORDED,92.8,93.6,station path (audit only),87.9,MISSING,0,,,MISSING,UNTESTABLE_NO_CAUSAL_FORECAST_OR_BOOK,winner
0x5acd66ffe7eeed390c696de591cc03498b54b7810f52d93d3fd7471df8488d7f,Mexico City,2026-06-25,2026-06-25T06:43:34+00:00,UNRECORDED,78.4,79.2,station path (audit only),71.4,MISSING,0,,,MISSING,UNTESTABLE_NO_CAUSAL_FORECAST_OR_BOOK,winner
0xb4368ff714d690ed1a53df9b391b8e1068bf241634b4c47557281dfada7d8de1,Mexico City,2026-06-25,2026-06-25T06:02:05+00:00,UNRECORDED,76.6,77.4,station path (audit only),71.4,MISSING,0,,,MISSING,UNTESTABLE_NO_CAUSAL_FORECAST_OR_BOOK,winner
0xd226a478f7069500371b5b3e80e10fd03a4b44d5d84953f173bfed85cc3b9131,Toronto,2026-06-25,2026-06-25T04:01:04+00:00,UNRECORDED,74.8,75.6,station path (audit only),65.2,MISSING,35,,,MISSING,UNTESTABLE_NO_CAUSAL_FORECAST_OR_BOOK,winner
0x504baa7651f6f35cb0a2573bdeb4605dd6fe827a416f193f8b63a36439527b6c,Toronto,2026-06-25,2026-06-25T04:40:25+00:00,UNRECORDED,71.2,72.0,station path (audit only),65.2,MISSING,35,,,MISSING,UNTESTABLE_NO_CAUSAL_FORECAST_OR_BOOK,loser
0xb2360482799a45cedc9478ca4d5667cb1cbcfdc753d31f6bcf28ab1d1bfdf18c,Busan,2026-06-26,2026-06-25T23:32:58+00:00,UNRECORDED,83.8,84.6,station path (audit only),79.2,MISSING,0,,,MISSING,UNTESTABLE_NO_CAUSAL_FORECAST_OR_BOOK,winner
0x4c2f47a2d654cc3725552ac5071c422f196bc019807c8acb0a6d4075ea680c1a,Dallas,2026-06-26,2026-06-26T06:52:26+00:00,UNRECORDED,98.0,99.0,station path (audit only),92.5,MISSING,0,,,MISSING,UNTESTABLE_NO_CAUSAL_FORECAST_OR_BOOK,winner
0xd85ef29d82b4f3bc5e8ac5e6000b15ae58e32e7b2a7f68b3d5a5a30f7cb5af51,Kuala Lumpur,2026-06-26,2026-06-26T04:09:38+00:00,UNRECORDED,92.8,93.6,station path (audit only),87.0,MISSING,0,,,MISSING,UNTESTABLE_NO_CAUSAL_FORECAST_OR_BOOK,winner
0xf9da50677e367e6ae5cdab31b72969bf8db620f5ad9286f9764c6fef9e089ab5,Manila,2026-06-26,2026-06-25T20:52:13+00:00,UNRECORDED,91.0,91.8,station path (audit only),86.0,MISSING,0,,,MISSING,UNTESTABLE_NO_CAUSAL_FORECAST_OR_BOOK,winner
0x6de55efcf9df3607b1c38df8ece4334cbb3023da7c88092840e0ab056dd567bb,Mexico City,2026-06-26,2026-06-26T06:01:34+00:00,UNRECORDED,80.2,81.0,station path (audit only),73.6,MISSING,0,,,MISSING,UNTESTABLE_NO_CAUSAL_FORECAST_OR_BOOK,winner
0x9c169240182e7c6ea2e996b4c4d595c358c7714420751415a532682049f2060c,Moscow,2026-06-26,2026-06-26T04:49:08+00:00,UNRECORDED,71.2,72.0,station path (audit only),66.5,MISSING,0,,,MISSING,UNTESTABLE_NO_CAUSAL_FORECAST_OR_BOOK,winner
0x7090f28e3c7a39943b6deced935798a09d8446bb4ebf7cc71a8f47679c0527f5,Moscow,2026-06-26,2026-06-26T10:51:47+00:00,UNRECORDED,73.0,73.8,station path (audit only),66.5,MISSING,0,,,MISSING,UNTESTABLE_NO_CAUSAL_FORECAST_OR_BOOK,winner
0x654abf0764cfd0e673ce71f28a41025f346393169408ae24d62893a2d9b27700,Singapore,2026-06-26,2026-06-25T20:14:23+00:00,UNRECORDED,91.0,91.8,station path (audit only),85.7,MISSING,0,,,MISSING,UNTESTABLE_NO_CAUSAL_FORECAST_OR_BOOK,winner
0xb05c31dc98d78071d22cb392e576715b0fb25715d162ccdf620895c060f76e4c,Tokyo,2026-06-26,2026-06-26T01:35:53+00:00,UNRECORDED,85.6,86.4,station path (audit only),78.3,MISSING,0,,,MISSING,UNTESTABLE_NO_CAUSAL_FORECAST_OR_BOOK,winner
0xeee8ce405c7a42e2a40878a9fd3fe7e57ee955c4c3353f151fc82012d392a519,Tokyo,2026-06-26,2026-06-25T23:03:16+00:00,UNRECORDED,83.8,84.6,station path (audit only),78.3,MISSING,0,,,MISSING,UNTESTABLE_NO_CAUSAL_FORECAST_OR_BOOK,winner
0x00262c51b400372572d6e828cfbb26fdcd4333213f8f3310c3daea10b0ef77aa,Dallas,2026-06-27,2026-06-27T06:29:14+00:00,UNRECORDED,100.0,101.0,station path (audit only),94.7,MISSING,0,,,MISSING,UNTESTABLE_NO_CAUSAL_FORECAST_OR_BOOK,winner
0xc605d006bcba7f137293fad99f6b7c03928632db6a91a9f3d6313ff5d7c68035,Kuala Lumpur,2026-06-27,2026-06-26T20:44:35+00:00,UNRECORDED,94.6,95.4,station path (audit only),88.8,MISSING,0,,,MISSING,UNTESTABLE_NO_CAUSAL_FORECAST_OR_BOOK,winner
0x0d45a822c675128a48c31c92c6842e3918951519bda0202a3adcb80e6e656717,Madrid,2026-06-27,2026-06-26T22:15:59+00:00,UNRECORDED,98.2,99.0,station path (audit only),93.1,MISSING,0,,,MISSING,UNTESTABLE_NO_CAUSAL_FORECAST_OR_BOOK,winner
0x8bf865af864baca1ac92c142afe162a1f776c37a957153e23bd4007731cbc732,Manila,2026-06-27,2026-06-26T20:39:08+00:00,UNRECORDED,92.8,93.6,station path (audit only),88.0,MISSING,0,,,MISSING,UNTESTABLE_NO_CAUSAL_FORECAST_OR_BOOK,winner
0x6d0f8aa49152ed28d4a8ccbfc4eb83d476cd9d53db3bdcb5375d33bb6983c2c0,Mexico City,2026-06-27,2026-06-27T06:01:55+00:00,UNRECORDED,78.4,79.2,station path (audit only),69.7,MISSING,0,,,MISSING,UNTESTABLE_NO_CAUSAL_FORECAST_OR_BOOK,winner
0x9a6b1102df2761c05615f03202111c385fb24972d8207679a7329c65c08cd4d7,Kuala Lumpur,2026-06-28,2026-06-28T04:51:01+00:00,UNRECORDED,92.8,93.6,station path (audit only),88.2,MISSING,0,,,MISSING,UNTESTABLE_NO_CAUSAL_FORECAST_OR_BOOK,winner
0xe7e8145a11774d1c3244dc1d66f3c81c3278ffd55b7054baaf942807ae379282,London,2026-06-28,2026-06-28T01:35:52+00:00,UNRECORDED,82.0,82.8,station path (audit only),77.2,MISSING,0,,,MISSING,UNTESTABLE_NO_CAUSAL_FORECAST_OR_BOOK,winner
0x97f5ca5b98cd758b96fadef03508a3ae26a3e655e64a2e1fc62aa3ac4ad391c0,Madrid,2026-06-28,2026-06-28T08:08:38+00:00,UNRECORDED,96.4,97.2,station path (audit only),90.2,MISSING,0,,,MISSING,UNTESTABLE_NO_CAUSAL_FORECAST_OR_BOOK,winner
0x97657a6e4ae4e26180e2e73ff44847f6b4b2cfee873659f926eece07e1c38c88,Mexico City,2026-06-28,2026-06-28T10:36:13+00:00,UNRECORDED,78.4,79.2,station path (audit only),72.0,MISSING,0,,,MISSING,UNTESTABLE_NO_CAUSAL_FORECAST_OR_BOOK,winner
0x76e79f8396a9dd84298d88561edd69fa8bc558797ae835eeade69fc7ff79e0ac,Moscow,2026-06-28,2026-06-28T01:38:22+00:00,UNRECORDED,76.6,77.4,station path (audit only),72.1,MISSING,0,,,MISSING,UNTESTABLE_NO_CAUSAL_FORECAST_OR_BOOK,winner
0xfdc434f4dfe117f8f523db2dea6b83ea73a864c5deebec45ce276d169243c554,Shanghai,2026-06-28,2026-06-28T00:01:04+00:00,UNRECORDED,87.4,88.2,station path (audit only),82.5,MISSING,0,,,MISSING,UNTESTABLE_NO_CAUSAL_FORECAST_OR_BOOK,winner
0x9cd7dd65ea32b1a1262422103d40cccf62e8e51da0e3a9022f4e1e98d36bfc45,Austin,2026-06-29,2026-06-29T08:54:49+00:00,UNRECORDED,100.0,101.0,station path (audit only),95.5,MISSING,0,,,MISSING,UNTESTABLE_NO_CAUSAL_FORECAST_OR_BOOK,winner
0xf49123e52619aae482ceede239dde6297806db172ae67799c8abb5106826cd0a,Mexico City,2026-06-29,2026-06-29T06:02:56+00:00,UNRECORDED,76.6,77.4,station path (audit only),71.3,MISSING,0,,,MISSING,UNTESTABLE_NO_CAUSAL_FORECAST_OR_BOOK,winner
0x284384ebdd13bd5d409aed00e3ecb38510e5355aab62009d5d45555bc6677a82,Singapore,2026-06-29,2026-06-28T20:00:41+00:00,UNRECORDED,91.0,91.8,station path (audit only),85.1,MISSING,0,,,MISSING,UNTESTABLE_NO_CAUSAL_FORECAST_OR_BOOK,winner
0x202eca2cdb884634bfcb423ae95e3bd090205f52dac099edd995133387a5aa2c,Tokyo,2026-06-29,2026-06-29T02:11:44+00:00,UNRECORDED,80.2,81.0,station path (audit only),73.5,MISSING,25,,,MISSING,UNTESTABLE_NO_CAUSAL_FORECAST_OR_BOOK,winner
0xc28b5b6a3aedd55566c59691ed0ad482da47039fde4e7e883d347399ec7120f1,Tokyo,2026-06-29,2026-06-29T03:04:29+00:00,UNRECORDED,78.4,79.2,station path (audit only),73.5,MISSING,23,,,MISSING,UNTESTABLE_NO_CAUSAL_FORECAST_OR_BOOK,loser
0xf90dc3d78e4ceb9a394c4646c47607102a0c33ec8bec718e872de5494c6f2e51,Kuala Lumpur,2026-06-30,2026-06-30T05:29:08+00:00,UNRECORDED,92.8,,station path (audit only),87.6,MISSING,0,,,MISSING,UNTESTABLE_NO_CAUSAL_FORECAST_OR_BOOK,winner
0x687d31c4b51a42695a7f914bdf301b2e55061d6d09ec19832358b9ef606278e1,London,2026-06-30,2026-06-29T23:00:23+00:00,UNRECORDED,78.4,79.2,station path (audit only),73.0,MISSING,0,,,MISSING,UNTESTABLE_NO_CAUSAL_FORECAST_OR_BOOK,winner
0xf7431b3b90d7a6590ad0eae712bbeadf79fa9096c1d9a262425a440bc00a54d8,Moscow,2026-06-30,2026-06-29T21:00:19+00:00,UNRECORDED,82.0,82.8,station path (audit only),76.8,MISSING,0,,,MISSING,UNTESTABLE_NO_CAUSAL_FORECAST_OR_BOOK,winner
0xa3029b9f2e8a24e0fee277bffbf468fea7abfc7cf7503394e18f3d1679f3b348,Paris,2026-06-30,2026-06-29T22:02:31+00:00,UNRECORDED,85.6,86.4,station path (audit only),80.7,MISSING,0,,,MISSING,UNTESTABLE_NO_CAUSAL_FORECAST_OR_BOOK,winner
0x35f0c49f8eaf3465c3122baeac33d60f0580b47201c225d0b83bdb29a5b2753f,Singapore,2026-06-30,2026-06-30T00:17:20+00:00,UNRECORDED,91.0,91.8,station path (audit only),84.0,MISSING,0,,,MISSING,UNTESTABLE_NO_CAUSAL_FORECAST_OR_BOOK,winner
0x6cc67c6bf7a2961fe5e2e0eb44d46e548d3475c58ea138c856c6f7cc0a4ad63e,Singapore,2026-06-30,2026-06-30T01:05:23+00:00,UNRECORDED,89.2,90.0,station path (audit only),84.0,MISSING,0,,,MISSING,UNTESTABLE_NO_CAUSAL_FORECAST_OR_BOOK,winner
0x242c03f81e2e2a0285435ed74bf9ca37deb028fad1a14d2c9ebf21c304308910,Warsaw,2026-06-30,2026-06-30T11:17:46+00:00,UNRECORDED,92.8,93.6,station path (audit only),84.4,MISSING,0,,,MISSING,UNTESTABLE_NO_CAUSAL_FORECAST_OR_BOOK,winner
0x08692f488ba75b26a236434e4f4d193447f2697242455bfacd574cad78634f3e,Warsaw,2026-06-30,2026-06-30T08:42:26+00:00,UNRECORDED,91.0,91.8,station path (audit only),84.4,MISSING,0,,,MISSING,UNTESTABLE_NO_CAUSAL_FORECAST_OR_BOOK,winner
0xd65e09b8c052864608c30d77deb65e57008fa4eadce2a66be093597eb393ead0,Kuala Lumpur,2026-07-01,2026-06-30T20:01:47+00:00,UNRECORDED,92.8,93.6,station path (audit only),88.3,MISSING,0,,,MISSING,UNTESTABLE_NO_CAUSAL_FORECAST_OR_BOOK,winner
0x5d81ceefad5b6e703c7a6638137cb112d5c543608f5e989e5cbc82a18802040b,London,2026-07-01,2026-07-01T01:53:31+00:00,UNRECORDED,82.0,82.8,station path (audit only),77.1,MISSING,0,,,MISSING,UNTESTABLE_NO_CAUSAL_FORECAST_OR_BOOK,winner
0xeaf5b63ce5bb32702e1cfff352ef2e8589d6fcc5dcf951c691283d08fa8029d9,Madrid,2026-07-01,2026-06-30T22:08:02+00:00,UNRECORDED,101.8,102.6,station path (audit only),96.5,MISSING,0,,,MISSING,UNTESTABLE_NO_CAUSAL_FORECAST_OR_BOOK,winner
0x39f922fd8ed9c50ca6b0db32fc070ae754b379ec355b0f8ded155480394444eb,Manila,2026-07-01,2026-07-01T05:01:28+00:00,UNRECORDED,91.0,91.8,station path (audit only),84.9,MISSING,0,,,MISSING,UNTESTABLE_NO_CAUSAL_FORECAST_OR_BOOK,winner
0x6869872d376b2c98cd109c1ffed94b165cd99c1075789371a73f8d4d0229c24a,Manila,2026-07-01,2026-07-01T02:49:59+00:00,UNRECORDED,92.8,93.6,station path (audit only),84.9,MISSING,0,,,MISSING,UNTESTABLE_NO_CAUSAL_FORECAST_OR_BOOK,winner
0xf90f28c44478585ebbccdbe885067ee3fbb2b2137ab563a14e0afec8ea06a18f,Manila,2026-07-01,2026-07-01T05:03:44+00:00,UNRECORDED,94.6,95.4,station path (audit only),84.9,MISSING,0,,,MISSING,UNTESTABLE_NO_CAUSAL_FORECAST_OR_BOOK,winner
0xa78b9c1c40fe4f5278892a63e33170e40d61d45f38b1d13f4251cc658f031ba4,Mexico City,2026-07-01,2026-07-01T07:10:16+00:00,UNRECORDED,76.6,77.4,station path (audit only),70.6,MISSING,0,,,MISSING,UNTESTABLE_NO_CAUSAL_FORECAST_OR_BOOK,winner
0x8dd731697ebc13f8aac2a6d1f4af86dc0e94678ad27533177bf53fde516c7f6f,Moscow,2026-07-01,2026-06-30T23:15:56+00:00,UNRECORDED,87.4,88.2,station path (audit only),82.7,MISSING,0,,,MISSING,UNTESTABLE_NO_CAUSAL_FORECAST_OR_BOOK,winner
0x75e39e82577dc929c98172ec52feb1728a65f1615f7af5a0769485ca73b286db,Singapore,2026-07-01,2026-06-30T20:01:52+00:00,UNRECORDED,91.0,91.8,station path (audit only),85.0,MISSING,0,,,MISSING,UNTESTABLE_NO_CAUSAL_FORECAST_OR_BOOK,winner
0x5ebc86a114c3ce977702dacc3070466a7eb666eecc246d70b5696af85ba84136,Tokyo,2026-07-01,2026-07-01T00:09:56+00:00,UNRECORDED,85.6,86.4,station path (audit only),78.8,MISSING,0,,,MISSING,UNTESTABLE_NO_CAUSAL_FORECAST_OR_BOOK,winner
0xb1ee4e244b470517581e19cb017dfa50221ccc3d8cab1e9786514d63c4c37de5,Tokyo,2026-07-01,2026-07-01T00:45:22+00:00,UNRECORDED,83.8,84.6,station path (audit only),78.8,MISSING,0,,,MISSING,UNTESTABLE_NO_CAUSAL_FORECAST_OR_BOOK,winner
0xeea62af5648e2049439c4e80ad359713d06e8b319052038e05a725f222d26db0,Wellington,2026-07-01,2026-06-30T23:06:14+00:00,UNRECORDED,56.8,57.6,station path (audit only),51.2,MISSING,0,,,MISSING,UNTESTABLE_NO_CAUSAL_FORECAST_OR_BOOK,winner
0x1665bafaf2a85ffd7347f3176f83b847668a5d8fcd717d3bc87de2f947c4b348,Kuala Lumpur,2026-07-02,2026-07-02T06:03:14+00:00,UNRECORDED,92.8,93.6,station path (audit only),88.1,MISSING,0,,,MISSING,UNTESTABLE_NO_CAUSAL_FORECAST_OR_BOOK,winner
0x4323bbd4777d8d1fd92ee2a729474f944acea8512278fa8b10f50bdef1dee2b9,Manila,2026-07-02,2026-07-02T00:07:10+00:00,UNRECORDED,92.8,93.6,station path (audit only),85.8,MISSING,0,,,MISSING,UNTESTABLE_NO_CAUSAL_FORECAST_OR_BOOK,winner
0xfcb230663a50d3cba577a8e5f3df749ea5399f147b334b24b38368c74cc98c20,Manila,2026-07-02,2026-07-02T05:02:56+00:00,UNRECORDED,96.4,,station path (audit only),85.8,MISSING,0,,,MISSING,UNTESTABLE_NO_CAUSAL_FORECAST_OR_BOOK,winner
0x2569401a73dbbef91f122bb5b1f1ae4a57cc4137ee78282895884094ad4cef62,Manila,2026-07-02,2026-07-02T04:03:47+00:00,UNRECORDED,94.6,95.4,station path (audit only),85.8,MISSING,0,,,MISSING,UNTESTABLE_NO_CAUSAL_FORECAST_OR_BOOK,winner
0x9ef69758984e02594c847f17ce053dcffe21ce0836a5f100a9694687712a450b,Mexico City,2026-07-02,2026-07-02T09:16:49+00:00,UNRECORDED,76.6,77.4,station path (audit only),69.4,MISSING,0,,,MISSING,UNTESTABLE_NO_CAUSAL_FORECAST_OR_BOOK,winner
0x959ae98583e076bfd195ad6b3ec16170df62250537c7dbeda87477f31154ac24,Wellington,2026-07-02,2026-07-01T21:07:37+00:00,UNRECORDED,56.8,57.6,station path (audit only),52.2,MISSING,0,,,MISSING,UNTESTABLE_NO_CAUSAL_FORECAST_OR_BOOK,winner
0xeb8a87d826790fcd8b0fa22a71cc32296cea06013d1b2abf1a99d8a49f2be9d5,Busan,2026-07-03,2026-07-03T01:25:37+00:00,UNRECORDED,83.8,84.6,station path (audit only),78.3,MISSING,0,,,MISSING,UNTESTABLE_NO_CAUSAL_FORECAST_OR_BOOK,winner
0xa144dfcce3c0809473885e78757c55abe7c97357c7bc1db80480e6624ab13c34,Dallas,2026-07-03,2026-07-03T06:43:07+00:00,UNRECORDED,100.0,101.0,station path (audit only),95.3,MISSING,0,,,MISSING,UNTESTABLE_NO_CAUSAL_FORECAST_OR_BOOK,winner
0xcd72343bb0fcd20581e28d33036081000a7d576a4768ed1b2422e16d6dd2daeb,Manila,2026-07-03,2026-07-02T23:09:44+00:00,UNRECORDED,96.4,97.2,station path (audit only),89.4,MISSING,0,,,MISSING,UNTESTABLE_NO_CAUSAL_FORECAST_OR_BOOK,winner
0xfc8a985d39ce8f580fd4113d4bc793f05b1f03f77c426e9ebd1698f697f390ac,Seattle,2026-07-03,2026-07-03T08:35:28+00:00,UNRECORDED,76.0,77.0,station path (audit only),71.2,MISSING,0,,,MISSING,UNTESTABLE_NO_CAUSAL_FORECAST_OR_BOOK,winner
0x88502dd0beb47187152a57a05a2408c37b59515abe513eab06e7e0c3949746cc,Shanghai,2026-07-03,2026-07-02T23:31:28+00:00,UNRECORDED,91.0,91.8,station path (audit only),82.3,MISSING,39,2026-07-03 13:00,,MISSING,UNTESTABLE_NO_CAUSAL_FORECAST_OR_BOOK,winner
0x44254f158d66b75c9ba0402448ee17572f75b36f8af4961a1bd7271eaedb6682,Shanghai,2026-07-03,2026-07-03T01:18:01+00:00,UNRECORDED,89.2,90.0,station path (audit only),82.3,MISSING,36,2026-07-03 12:00,2026-07-03 13:00,MISSING,UNTESTABLE_NO_CAUSAL_FORECAST_OR_BOOK,loser
0x118027a0c9aa6eb434ba31da7f347e2235a006d11d479b4a1a61cf80eca1f90a,Shanghai,2026-07-03,2026-07-03T03:48:28+00:00,UNRECORDED,92.8,,station path (audit only),82.3,MISSING,31,,,MISSING,UNTESTABLE_NO_CAUSAL_FORECAST_OR_BOOK,winner
0x50d2914730f071fe6c1a42fb74b26424e1782cee9c1cbf2dbaa9ce73e4c21641,Shanghai,2026-07-03,2026-07-03T03:57:55+00:00,UNRECORDED,87.4,88.2,station path (audit only),82.3,MISSING,31,,2026-07-03 12:00,MISSING,UNTESTABLE_NO_CAUSAL_FORECAST_OR_BOOK,winner
0xbad71201cee9841906d5b12a480bb2ae1082b89036cf69a5dfeb613611df132b,Chicago,2026-07-04,2026-07-04T05:06:13+00:00,UNRECORDED,88.0,89.0,station path (audit only),82.8,MISSING,42,,,MISSING,UNTESTABLE_NO_CAUSAL_FORECAST_OR_BOOK,loser
0x48c8efe5a4856eb56610d29f86044e907eb7a7f8f6637a98cf3f03e454977151,Istanbul,2026-07-04,2026-07-03T21:21:11+00:00,UNRECORDED,80.2,81.0,station path (audit only),74.4,MISSING,0,,,MISSING,UNTESTABLE_NO_CAUSAL_FORECAST_OR_BOOK,winner
0x67a802849ecd923f76a976c85163c43f4ef3becf719e8c2593205b41bbcaf927,Istanbul,2026-07-04,2026-07-03T23:22:59+00:00,UNRECORDED,82.0,82.8,station path (audit only),74.4,MISSING,0,,,MISSING,UNTESTABLE_NO_CAUSAL_FORECAST_OR_BOOK,winner
0x35f735bd1bd51f585f9e96b142ab02673b7e7925b7d3af384553b788663c8aac,Kuala Lumpur,2026-07-04,2026-07-04T04:11:43+00:00,UNRECORDED,94.6,,station path (audit only),87.2,MISSING,0,,,MISSING,UNTESTABLE_NO_CAUSAL_FORECAST_OR_BOOK,winner
0x0e4ed5196f9d47bf49e71d1ec9412de5e9d20c3273dedbd012eb6ac344f78fc2,Kuala Lumpur,2026-07-04,2026-07-04T01:32:07+00:00,UNRECORDED,92.8,93.6,station path (audit only),87.2,MISSING,0,,,MISSING,UNTESTABLE_NO_CAUSAL_FORECAST_OR_BOOK,winner
0xd8262bb5da03f5e34becb83baeaeceea3c417c10b9dc919350465a5f714390c0,Manila,2026-07-04,2026-07-03T20:09:41+00:00,UNRECORDED,96.4,,station path (audit only),91.0,MISSING,0,,,MISSING,UNTESTABLE_NO_CAUSAL_FORECAST_OR_BOOK,winner
0x0c944f204b95b0749a17d5c88660d646a77e26a4e4726c44d963228f597cb171,Moscow,2026-07-04,2026-07-03T21:00:19+00:00,UNRECORDED,73.0,73.8,station path (audit only),66.1,MISSING,0,,,MISSING,UNTESTABLE_NO_CAUSAL_FORECAST_OR_BOOK,winner
0xb8de7f4ac288a0b3cb40a515a0533ef6adb266cc2f1726a4b238de4ab5dba3f7,Moscow,2026-07-04,2026-07-03T21:01:20+00:00,UNRECORDED,74.8,75.6,station path (audit only),66.1,MISSING,0,,,MISSING,UNTESTABLE_NO_CAUSAL_FORECAST_OR_BOOK,winner
0xfd393594a5a3ad5972aa52becc9ca3d31f1b6deaf3e0c651a0af09fdeeb3e361,Qingdao,2026-07-04,2026-07-04T00:30:41+00:00,UNRECORDED,91.0,,station path (audit only),86.3,MISSING,0,,,MISSING,UNTESTABLE_NO_CAUSAL_FORECAST_OR_BOOK,winner
0x0e241eac1fe9b695e5e1b378268c458f39544b7696f184e18f4222b6604778c1,Shanghai,2026-07-04,2026-07-03T20:40:17+00:00,UNRECORDED,94.6,95.4,station path (audit only),90.1,MISSING,0,,,MISSING,UNTESTABLE_NO_CAUSAL_FORECAST_OR_BOOK,winner
0x6aee3b510a5bc4c1a13d7b85f157ba63a005ad94a9250c8980f0976c14a44dfb,Singapore,2026-07-04,2026-07-04T01:16:08+00:00,UNRECORDED,92.8,93.6,station path (audit only),85.9,MISSING,0,,,MISSING,UNTESTABLE_NO_CAUSAL_FORECAST_OR_BOOK,winner
0x6f0c56bba7d80f26abff64ee6e55fef8305bf08c450c85828dcd5ee70fb1833a,Tokyo,2026-07-04,2026-07-04T03:25:05+00:00,UNRECORDED,83.8,84.6,station path (audit only),77.4,MISSING,0,,,MISSING,UNTESTABLE_NO_CAUSAL_FORECAST_OR_BOOK,winner
0x8432017efe536f657f6f7ce81e30d6d3e95c4c2a66e1d3cb36e2c454f5c88594,Tokyo,2026-07-04,2026-07-04T01:34:29+00:00,UNRECORDED,82.0,82.8,station path (audit only),77.4,MISSING,0,,,MISSING,UNTESTABLE_NO_CAUSAL_FORECAST_OR_BOOK,winner
0x9518bb7e8848baf2a822a4a077bafa1830715c6394da7b7e727d5e8818f21d24,Busan,2026-07-05,2026-07-04T20:05:16+00:00,UNRECORDED,82.0,82.8,station path (audit only),77.2,MISSING,0,,,MISSING,UNTESTABLE_NO_CAUSAL_FORECAST_OR_BOOK,winner
0x5058906b9f24de640f17c8592772a5039d3fce1719cb8f05f1c4bc23140c5177,Kuala Lumpur,2026-07-05,2026-07-05T05:18:08+00:00,UNRECORDED,94.6,95.4,station path (audit only),85.9,MISSING,0,,,MISSING,UNTESTABLE_NO_CAUSAL_FORECAST_OR_BOOK,winner
0xa0122ecbb034bf08383d2a448b46326356d695db6f1b42df9ad69b14ef1c5128,Kuala Lumpur,2026-07-05,2026-07-04T20:09:44+00:00,UNRECORDED,92.8,93.6,station path (audit only),85.9,MISSING,0,,,MISSING,UNTESTABLE_NO_CAUSAL_FORECAST_OR_BOOK,winner
0x1575991004a6b36d661d066609dc165e0ea5813f47a4ba5e6a77f5eed9b4920b,Los Angeles,2026-07-05,2026-07-05T07:00:22+00:00,UNRECORDED,76.0,77.0,station path (audit only),70.9,MISSING,0,,,MISSING,UNTESTABLE_NO_CAUSAL_FORECAST_OR_BOOK,winner
0x1540d0d618c1e03dc771ae7a5218a21fac798e7093f1d0232e8f9cbd841e0192,Manila,2026-07-05,2026-07-04T20:02:29+00:00,UNRECORDED,96.4,97.2,station path (audit only),91.0,MISSING,0,,,MISSING,UNTESTABLE_NO_CAUSAL_FORECAST_OR_BOOK,winner
0xb88b36bf19992b72351d8e278b23441b02daebac94aa65632973fece662f6611,Mexico City,2026-07-05,2026-07-05T06:10:13+00:00,UNRECORDED,80.2,,station path (audit only),73.3,MISSING,0,,,MISSING,UNTESTABLE_NO_CAUSAL_FORECAST_OR_BOOK,winner
0x8ec82f59b1981d151f0cb088e871bae976e17782e66716f6e252022b9ec65072,Mexico City,2026-07-05,2026-07-05T06:08:05+00:00,UNRECORDED,78.4,79.2,station path (audit only),73.3,MISSING,0,,,MISSING,UNTESTABLE_NO_CAUSAL_FORECAST_OR_BOOK,winner
0x59ea6243f004bdd2c79419877a4c9d4a47b1697f87e5596b0bc5f318b4a4b9a9,Singapore,2026-07-05,2026-07-05T03:21:44+00:00,UNRECORDED,92.8,93.6,station path (audit only),84.8,MISSING,0,,,MISSING,UNTESTABLE_NO_CAUSAL_FORECAST_OR_BOOK,winner
0xcf405f50a771268415d9286521d5674523af916921749f188856f7aa45ee883a,Tokyo,2026-07-05,2026-07-05T01:38:28+00:00,UNRECORDED,80.2,81.0,station path (audit only),74.2,MISSING,0,,,MISSING,UNTESTABLE_NO_CAUSAL_FORECAST_OR_BOOK,winner
0x49a40a5fbadaffba2326122a70ecece6036924a34062e0e0f03547e8e80610d2,Tokyo,2026-07-05,2026-07-05T02:32:28+00:00,UNRECORDED,82.0,82.8,station path (audit only),74.2,MISSING,0,,,MISSING,UNTESTABLE_NO_CAUSAL_FORECAST_OR_BOOK,winner
0x0dd8a7e49167f9b2add55ac869e58eff564daeefd851b64773a9fd6bdb397b1e,Busan,2026-07-06,2026-07-05T21:08:32+00:00,UNRECORDED,87.4,88.2,station path (audit only),81.9,MISSING,0,,,MISSING,UNTESTABLE_NO_CAUSAL_FORECAST_OR_BOOK,winner
0x6242ba73a9a0aa7fcbe518af08fec247b7aa3514e52c26ade124443552e4098d,Busan,2026-07-06,2026-07-06T04:12:22+00:00,UNRECORDED,89.2,90.0,station path (audit only),81.9,MISSING,0,,,MISSING,UNTESTABLE_NO_CAUSAL_FORECAST_OR_BOOK,winner
0x40976feab66c8a012aaac7abbfbfde692e6beb83a12f032fa0210799b7143bb5,Chicago,2026-07-06,2026-07-06T07:36:11+00:00,UNRECORDED,82.0,83.0,station path (audit only),74.7,MISSING,0,,,MISSING,UNTESTABLE_NO_CAUSAL_FORECAST_OR_BOOK,winner
0xb76ae04a45f7c18ed4062dea4cdc2b3cfd23ded8dd7f36ae31d93887b5cc8fd8,Kuala Lumpur,2026-07-06,2026-07-05T20:06:59+00:00,UNRECORDED,92.8,93.6,station path (audit only),87.1,MISSING,0,,,MISSING,UNTESTABLE_NO_CAUSAL_FORECAST_OR_BOOK,winner
0x0ad0f12067019f286e6a4e7a5d7ef8662bd0b7f446d8f9741dbc126eabc418ef,Los Angeles,2026-07-06,2026-07-06T08:21:32+00:00,UNRECORDED,78.0,79.0,station path (audit only),73.1,MISSING,0,,,MISSING,UNTESTABLE_NO_CAUSAL_FORECAST_OR_BOOK,winner
0xf7b2bcef4505cf2664498756c82da9b4fe4d190f373737828b0774c607e0b2c0,Qingdao,2026-07-06,2026-07-05T20:13:53+00:00,UNRECORDED,92.8,93.6,station path (audit only),87.0,MISSING,0,,,MISSING,UNTESTABLE_NO_CAUSAL_FORECAST_OR_BOOK,winner
0x1edda634a22a71499fb9256a27e61b3ea6e5c5314f9c46b7c483d2dce7ea379b,Shanghai,2026-07-06,2026-07-06T00:41:07+00:00,UNRECORDED,98.2,,station path (audit only),92.6,MISSING,0,,,MISSING,UNTESTABLE_NO_CAUSAL_FORECAST_OR_BOOK,winner
0xeb86be3877ec7f95b99c2d16fbbfa4e524cff90dc76f5f282aaea68a7d6ba722,Singapore,2026-07-06,2026-07-05T20:14:23+00:00,UNRECORDED,91.0,91.8,station path (audit only),86.2,MISSING,0,,,MISSING,UNTESTABLE_NO_CAUSAL_FORECAST_OR_BOOK,winner
0x06349825864973f7c8dfe738042f3a90b29efe1907542d142e56b01e5805e363,Tokyo,2026-07-06,2026-07-05T20:04:08+00:00,UNRECORDED,80.2,81.0,station path (audit only),74.5,MISSING,0,,,MISSING,UNTESTABLE_NO_CAUSAL_FORECAST_OR_BOOK,winner
0xbc17a397f8ccf558a291e1f78410329caa97f647498280307146cacde8d5f94a,Busan,2026-07-07,2026-07-06T20:17:58+00:00,UNRECORDED,89.2,90.0,station path (audit only),84.3,MISSING,0,,,MISSING,UNTESTABLE_NO_CAUSAL_FORECAST_OR_BOOK,winner
0xcd42e0fe746e5f00beaca014aed96926ee5186eae9ede891c4da8fb92c4bfc8f,Kuala Lumpur,2026-07-07,2026-07-07T01:32:47+00:00,UNRECORDED,92.8,93.6,station path (audit only),88.1,MISSING,0,,,MISSING,UNTESTABLE_NO_CAUSAL_FORECAST_OR_BOOK,winner
0x3de16f83269db85bd5e4f4bcef16d8ff7c0b541949d98070949402badd695d16,Moscow,2026-07-07,2026-07-07T07:53:58+00:00,UNRECORDED,69.4,70.2,station path (audit only),64.3,MISSING,0,,,MISSING,UNTESTABLE_NO_CAUSAL_FORECAST_OR_BOOK,winner
0xb4a928be99b1bd039744beeb8eb786746c3cef4f1e3f0fc4414e6e7b987ce883,Moscow,2026-07-07,2026-07-07T09:35:55+00:00,UNRECORDED,71.2,72.0,station path (audit only),64.3,MISSING,0,,,MISSING,UNTESTABLE_NO_CAUSAL_FORECAST_OR_BOOK,winner
0x1a74e878fbf9ad39ccaee7b5bc582c1c2cfbffd0982039f474f710d54e7846cd,Qingdao,2026-07-07,2026-07-07T02:08:23+00:00,UNRECORDED,83.8,84.6,station path (audit only),79.3,MISSING,0,,,MISSING,UNTESTABLE_NO_CAUSAL_FORECAST_OR_BOOK,winner
0x2b366ca2ebbd5401693aadc3bd0ce99dc8cc63b933b065cbd18c5481dbaf4a9f,Qingdao,2026-07-07,2026-07-07T02:27:08+00:00,UNRECORDED,87.4,,station path (audit only),79.3,MISSING,0,,,MISSING,UNTESTABLE_NO_CAUSAL_FORECAST_OR_BOOK,winner
0xeb1f4abd40faa8f684a7c7823017250ff50ef01017d3f20bf5060a304b74652c,Shanghai,2026-07-07,2026-07-06T22:01:13+00:00,UNRECORDED,98.2,99.0,station path (audit only),91.4,MISSING,0,,,MISSING,UNTESTABLE_NO_CAUSAL_FORECAST_OR_BOOK,winner
0xee97986551a9d4ad2c6b56cefb4541df9df5fbd755e63ef415a7b8783381b437,Shanghai,2026-07-07,2026-07-07T03:07:05+00:00,UNRECORDED,96.4,97.2,station path (audit only),91.4,MISSING,0,,,MISSING,UNTESTABLE_NO_CAUSAL_FORECAST_OR_BOOK,winner
0xb02d1bfd16280830fafe4e82f88993784a6f3b0fd43cb8c237354f111076f3a3,Singapore,2026-07-07,2026-07-06T20:03:46+00:00,UNRECORDED,91.0,91.8,station path (audit only),85.8,MISSING,0,,,MISSING,UNTESTABLE_NO_CAUSAL_FORECAST_OR_BOOK,winner
0xfecb7009c6ca45b31669ab8ca3c482117d63b2b00eeaecbd8ca4753c3dd0a017,Tokyo,2026-07-07,2026-07-07T01:24:52+00:00,UNRECORDED,82.0,82.8,station path (audit only),74.2,MISSING,0,,,MISSING,UNTESTABLE_NO_CAUSAL_FORECAST_OR_BOOK,winner
0xb14fa9126b0f1bc48b61c4f027de346c8d80ae55fc7b082b73394ff6f7fefc14,Tokyo,2026-07-07,2026-07-07T01:46:14+00:00,UNRECORDED,80.2,81.0,station path (audit only),74.2,MISSING,0,,,MISSING,UNTESTABLE_NO_CAUSAL_FORECAST_OR_BOOK,winner
0x59cbb6a3b092f732995fd29e89217359f426ac111676af0b588f858e372d3cdc,Busan,2026-07-08,2026-07-07T20:25:55+00:00,UNRECORDED,87.4,88.2,station path (audit only),82.4,MISSING,0,,,MISSING,UNTESTABLE_NO_CAUSAL_FORECAST_OR_BOOK,winner
0x74f0d1ebb40c23060c835048dfd897b41ffc7ce1b29176a64a1bc31785de0c4a,Kuala Lumpur,2026-07-08,2026-07-08T00:30:01+00:00,UNRECORDED,92.8,93.6,station path (audit only),87.3,MISSING,0,,,MISSING,UNTESTABLE_NO_CAUSAL_FORECAST_OR_BOOK,winner
0x468888fd0e4d73c392ffab24fd326a3bca8565147298542ace915e6bdb91767d,Moscow,2026-07-08,2026-07-08T08:04:40+00:00,UNRECORDED,73.0,73.8,station path (audit only),67.8,MISSING,32,2026-07-08 15:24,,MISSING,UNTESTABLE_NO_CAUSAL_FORECAST_OR_BOOK,loser
0xd6990942cab44214d6e59c62b8138058590abd1f4c76b3db6857e7217b36b3e7,Qingdao,2026-07-08,2026-07-07T20:29:58+00:00,UNRECORDED,92.8,,station path (audit only),86.0,MISSING,0,,,MISSING,UNTESTABLE_NO_CAUSAL_FORECAST_OR_BOOK,winner
0x4c8822ec6afc9337d857822096d3be2fd2d2c374f0d703dc9d35763464ba002d,Qingdao,2026-07-08,2026-07-08T02:03:14+00:00,UNRECORDED,91.0,91.8,station path (audit only),86.0,MISSING,0,,,MISSING,UNTESTABLE_NO_CAUSAL_FORECAST_OR_BOOK,winner
0x7d2080b62550de2aed8b27572e59936e86489fb4c4840762f8a7e29f1b5ff302,Shanghai,2026-07-08,2026-07-08T01:01:07+00:00,UNRECORDED,100.0,100.8,station path (audit only),91.8,MISSING,0,,,MISSING,UNTESTABLE_NO_CAUSAL_FORECAST_OR_BOOK,winner
0xe6efbe1ca49c1b484b21d40dede015ec466555cb4ad2ab568b6748e7fcc755d0,Shanghai,2026-07-08,2026-07-07T20:06:55+00:00,UNRECORDED,98.2,99.0,station path (audit only),91.8,MISSING,0,,,MISSING,UNTESTABLE_NO_CAUSAL_FORECAST_OR_BOOK,winner
0xeee306874530c994f64923dca3a30a6fb004da818725e4a649ee8974a64fa646,Tokyo,2026-07-08,2026-07-08T00:34:28+00:00,UNRECORDED,85.6,86.4,station path (audit only),81.1,MISSING,0,,,MISSING,UNTESTABLE_NO_CAUSAL_FORECAST_OR_BOOK,winner
0xd6b1cdaeb0f26df1530d9f12b20b2d8c2c5a137eeadf08661d56532edf20a7ab,Busan,2026-07-09,2026-07-09T00:52:28+00:00,UNRECORDED,91.0,91.8,station path (audit only),85.3,MISSING,0,,,MISSING,UNTESTABLE_NO_CAUSAL_FORECAST_OR_BOOK,winner
0x0c9ae771897fc24722fdbbb70c46d5c8571effdfca53ad75c042b652db6ebd30,Helsinki,2026-07-09,2026-07-08T21:47:20+00:00,UNRECORDED,67.6,68.4,station path (audit only),62.8,MISSING,0,,,MISSING,UNTESTABLE_NO_CAUSAL_FORECAST_OR_BOOK,winner
0xed12c541944f90be3e5e11f27dfd909d8b308f65c41bbece0c2e63a4f203ee20,Istanbul,2026-07-09,2026-07-09T05:27:17+00:00,UNRECORDED,78.4,79.2,station path (audit only),72.4,MISSING,0,,,MISSING,UNTESTABLE_NO_CAUSAL_FORECAST_OR_BOOK,winner
0x7d0a3bdb2cd90d62d2fec9da160a5ecbdccf1d6658193e5971671e1b16a79b61,Kuala Lumpur,2026-07-09,2026-07-09T00:51:25+00:00,UNRECORDED,92.8,93.6,station path (audit only),87.8,MISSING,0,,,MISSING,UNTESTABLE_NO_CAUSAL_FORECAST_OR_BOOK,winner
0xd1fd22665dcde791dfdf22e3180a2a06c8b65f77759199ef1803a461f73ce106,Madrid,2026-07-09,2026-07-08T22:07:56+00:00,UNRECORDED,103.6,104.4,station path (audit only),98.2,MISSING,0,,,MISSING,UNTESTABLE_NO_CAUSAL_FORECAST_OR_BOOK,winner
0x8a9625b505fee8b00da23b04d316f90e3d2dafe189bcf603425154875953c4c1,Manila,2026-07-09,2026-07-08T20:06:49+00:00,UNRECORDED,92.8,93.6,station path (audit only),87.4,MISSING,0,,,MISSING,UNTESTABLE_NO_CAUSAL_FORECAST_OR_BOOK,winner
0x1d02213c67a35a2b7fe8c68aa8701b23240368dbf2e94d2f32a74ae06b233f55,Mexico City,2026-07-09,2026-07-09T08:59:59+00:00,UNRECORDED,76.6,77.4,station path (audit only),71.2,MISSING,0,,,MISSING,UNTESTABLE_NO_CAUSAL_FORECAST_OR_BOOK,winner
0xf3979810b95bf8c4be4c0aabea886967e64fc99353ea142688ca0c36a3e23262,Qingdao,2026-07-09,2026-07-09T02:24:10+00:00,UNRECORDED,87.4,,station path (audit only),82.5,MISSING,0,,,MISSING,UNTESTABLE_NO_CAUSAL_FORECAST_OR_BOOK,winner
0x18654ccb6b932f796b0b14255de6303d3e4c8e784c024b0487da3a07b1f4ef8d,Singapore,2026-07-09,2026-07-09T01:03:01+00:00,UNRECORDED,91.0,91.8,station path (audit only),85.2,MISSING,0,,,MISSING,UNTESTABLE_NO_CAUSAL_FORECAST_OR_BOOK,winner
0xc6623369e1846a6b2d10440ea5fa0548739529403a311a545de7ce2262fbed0f,Tokyo,2026-07-09,2026-07-08T21:42:23+00:00,UNRECORDED,91.0,,station path (audit only),82.7,MISSING,0,,,MISSING,UNTESTABLE_NO_CAUSAL_FORECAST_OR_BOOK,winner
0x985b76e6d0b5ddf6e56a1e12c3233fdbbf92c08b0107c825d568a215df6eb7d5,Tokyo,2026-07-09,2026-07-08T22:24:50+00:00,UNRECORDED,89.2,90.0,station path (audit only),82.7,MISSING,0,,,MISSING,UNTESTABLE_NO_CAUSAL_FORECAST_OR_BOOK,winner
0x08d96da98e43ced596b541711b04dee5b7baf32460e948627537232e6892b264,Tokyo,2026-07-09,2026-07-09T02:40:59+00:00,UNRECORDED,87.4,88.2,station path (audit only),82.7,MISSING,0,,,MISSING,UNTESTABLE_NO_CAUSAL_FORECAST_OR_BOOK,winner
0x8aec38f6cb8e16a0d13b4b4934f3da37913cd98992503697ea6f8757e1d69784,Busan,2026-07-10,2026-07-09T20:48:01+00:00,UNRECORDED,91.0,91.8,station path (audit only),86.0,MISSING,0,,,MISSING,UNTESTABLE_NO_CAUSAL_FORECAST_OR_BOOK,winner
0xd39776b40d156c01ea7b1bc90e79c534f0877e76ecb8140673f6602b6300448c,Dallas,2026-07-10,2026-07-10T06:30:49+00:00,UNRECORDED,102.0,103.0,station path (audit only),96.7,MISSING,0,,,MISSING,UNTESTABLE_NO_CAUSAL_FORECAST_OR_BOOK,winner
0x5248aefa843e979be28edc065fc54b9b49bbd8152835c778c0014834fb845c0e,Kuala Lumpur,2026-07-10,2026-07-10T05:30:44+00:00,UNRECORDED,92.8,93.6,station path (audit only),88.1,MISSING,0,,,MISSING,UNTESTABLE_NO_CAUSAL_FORECAST_OR_BOOK,winner
0xc643b533ee265b8bd6154db25c7e12112bdda0fe01999392777c5b3aab4831bf,Qingdao,2026-07-10,2026-07-09T20:11:46+00:00,UNRECORDED,91.0,,station path (audit only),85.6,MISSING,0,,,MISSING,UNTESTABLE_NO_CAUSAL_FORECAST_OR_BOOK,winner
0x1346ae5134ae402470990beaac1eff760cd065c251aa8c82801912d20e2288b2,Seattle,2026-07-10,2026-07-10T10:10:17+00:00,UNRECORDED,78.0,79.0,station path (audit only),71.0,MISSING,22,,,MISSING,UNTESTABLE_NO_CAUSAL_FORECAST_OR_BOOK,winner
0xc026f7c5557440bcdbd3fee7a34ab2b24f571dab0385f40e7a0a04fb23404084,Shanghai,2026-07-10,2026-07-09T20:10:28+00:00,UNRECORDED,92.8,93.6,station path (audit only),85.8,MISSING,0,,,MISSING,UNTESTABLE_NO_CAUSAL_FORECAST_OR_BOOK,winner
0x324f3853279faf03cfdb63e3d2506ef04853276a2e462c99df4d5b8c7d127a4e,Shanghai,2026-07-10,2026-07-10T05:41:19+00:00,UNRECORDED,91.0,91.8,station path (audit only),85.8,MISSING,0,,,MISSING,UNTESTABLE_NO_CAUSAL_FORECAST_OR_BOOK,winner
0xe2901def25b98e3dbeafb75e693af578965e1800444538ab2c83ff5931a8b474,Tokyo,2026-07-10,2026-07-10T03:13:40+00:00,UNRECORDED,89.2,90.0,station path (audit only),84.6,MISSING,0,,,MISSING,UNTESTABLE_NO_CAUSAL_FORECAST_OR_BOOK,winner
0xbd5cdb8e861b80fd9bb0ee86445d49d030bc02f2629fd3331639511368841a93,Tokyo,2026-07-10,2026-07-09T22:59:34+00:00,UNRECORDED,91.0,91.8,station path (audit only),84.6,MISSING,0,,,MISSING,UNTESTABLE_NO_CAUSAL_FORECAST_OR_BOOK,winner
0x713064dad731aabe4f945036f121c24b12eff89c87f7540b642b256c85308ebb,Austin,2026-07-11,2026-07-11T08:54:17+00:00,UNRECORDED,94.0,95.0,station path (audit only),87.8,MISSING,0,,,MISSING,UNTESTABLE_NO_CAUSAL_FORECAST_OR_BOOK,winner
0x92b8ce0b3d92444f96f43be3b39da646d1f210c68db3b927b32ec7c57d97adaa,Busan,2026-07-11,2026-07-11T04:38:02+00:00,UNRECORDED,96.4,97.2,station path (audit only),90.7,MISSING,0,,,MISSING,UNTESTABLE_NO_CAUSAL_FORECAST_OR_BOOK,winner
0x3ec678ded09baac670b9594345e49e4522138a963a647bc4c421134c5fa3c178,Kuala Lumpur,2026-07-11,2026-07-11T03:31:04+00:00,UNRECORDED,91.0,91.8,station path (audit only),86.3,MISSING,0,,,MISSING,UNTESTABLE_NO_CAUSAL_FORECAST_OR_BOOK,winner
0x9f4e4f62178e2392db8319ac78b5ab8fe33e107eff8cb42b857cb9288a4a0170,Manila,2026-07-11,2026-07-10T20:07:17+00:00,UNRECORDED,87.4,88.2,station path (audit only),81.9,MISSING,0,,,MISSING,UNTESTABLE_NO_CAUSAL_FORECAST_OR_BOOK,winner
0x033d8c9573a1c74447faa41ea813d2a6998b5146760bfd6de81b78983c4857f2,Manila,2026-07-11,2026-07-11T01:39:32+00:00,UNRECORDED,89.2,90.0,station path (audit only),81.9,MISSING,0,,,MISSING,UNTESTABLE_NO_CAUSAL_FORECAST_OR_BOOK,winner
0x8808bd2e786990d32f73dfed4febda2b80c3e5493384447bde48187e813deff0,Moscow,2026-07-11,2026-07-11T11:01:26+00:00,UNRECORDED,78.4,79.2,station path (audit only),73.4,MISSING,0,,,MISSING,UNTESTABLE_NO_CAUSAL_FORECAST_OR_BOOK,winner
0xde55aa5c3d2aae1eaa52ebc5e2891ef3ac3c0451d79e70feeab9eb4dc2846c9c,Moscow,2026-07-11,2026-07-10T23:56:20+00:00,UNRECORDED,80.2,81.0,station path (audit only),73.4,MISSING,0,,,MISSING,UNTESTABLE_NO_CAUSAL_FORECAST_OR_BOOK,winner
0xfcf643e6ba9d25ac1ce32169a0eeaaf5efe1a17ef5dd6030880274fee80a31b0,Seattle,2026-07-11,2026-07-11T07:41:56+00:00,UNRECORDED,76.0,77.0,station path (audit only),67.2,MISSING,24,,,MISSING,UNTESTABLE_NO_CAUSAL_FORECAST_OR_BOOK,winner
0x4f0623b0ba7a06af7857fa353b431738dd29737174dccecb70195a49d64f2dba,Shanghai,2026-07-11,2026-07-10T20:07:31+00:00,UNRECORDED,91.0,91.8,station path (audit only),86.2,MISSING,0,,,MISSING,UNTESTABLE_NO_CAUSAL_FORECAST_OR_BOOK,winner
0x881cc40e1318ef40feb601c3fd8227863d889eab350d1e9af6b2cf8094b71e0e,Singapore,2026-07-11,2026-07-11T02:31:08+00:00,UNRECORDED,91.0,91.8,station path (audit only),86.1,MISSING,0,,,MISSING,UNTESTABLE_NO_CAUSAL_FORECAST_OR_BOOK,winner
0x3b5f2e6622b394bd4df04ab2cb637e9671fc087b291f27e59b312060ba367897,Tokyo,2026-07-11,2026-07-11T02:18:40+00:00,UNRECORDED,87.4,88.2,station path (audit only),82.6,MISSING,0,,,MISSING,UNTESTABLE_NO_CAUSAL_FORECAST_OR_BOOK,winner
0x0209cb13147c3896732edf77c1b8e3a34320b09382fd21170853160fa006a66c,Austin,2026-07-12,2026-07-12T05:02:16+00:00,UNRECORDED,96.0,97.0,station path (audit only),90.9,MISSING,0,,,MISSING,UNTESTABLE_NO_CAUSAL_FORECAST_OR_BOOK,winner
0x73a35670532f3c1e86b723b450ec6f93267092d9bf82c93f6e68511d619a5bcf,Kuala Lumpur,2026-07-12,2026-07-12T01:11:58+00:00,UNRECORDED,92.8,93.6,station path (audit only),88.1,MISSING,0,,,MISSING,UNTESTABLE_NO_CAUSAL_FORECAST_OR_BOOK,winner
0xd16ac0e67d070c72f66f51068ae991240bd82ce3f207199f50bff1fd07b949cf,Los Angeles,2026-07-12,2026-07-12T09:47:26+00:00,UNRECORDED,78.0,79.0,station path (audit only),72.9,MISSING,0,,,MISSING,UNTESTABLE_NO_CAUSAL_FORECAST_OR_BOOK,winner
0x5feafc46abb81434a4997a2fbebbd6c859d5b07ce7ceb29d7d1178d75c225e8e,Madrid,2026-07-12,2026-07-12T07:01:11+00:00,UNRECORDED,96.4,97.2,station path (audit only),90.4,MISSING,0,,,MISSING,UNTESTABLE_NO_CAUSAL_FORECAST_OR_BOOK,winner
0xb5534fa5735ca64e4cf6f44f07ff4c2275d8a420477c7af3ab4c8f9b088e8f81,Manila,2026-07-12,2026-07-11T20:09:31+00:00,UNRECORDED,89.2,90.0,station path (audit only),83.4,MISSING,0,,,MISSING,UNTESTABLE_NO_CAUSAL_FORECAST_OR_BOOK,winner
0xcf0ce08ea97f36ba986266ef05900341eff526606a7c0c71831015d78c326257,Moscow,2026-07-12,2026-07-11T21:26:17+00:00,UNRECORDED,73.0,73.8,station path (audit only),66.8,MISSING,0,,,MISSING,UNTESTABLE_NO_CAUSAL_FORECAST_OR_BOOK,winner
0x7b1fe308dda68deb3234c4c744221c55e93ed99afea45fa18876b9cd84758a9e,Seattle,2026-07-12,2026-07-12T10:52:26+00:00,UNRECORDED,74.0,75.0,station path (audit only),69.4,MISSING,0,,,MISSING,UNTESTABLE_NO_CAUSAL_FORECAST_OR_BOOK,winner
0x7f8f95bbe70f096dfd609feb8e3b8d24019cf5f1b5fb5786e6b55ad2fd7cba28,Seattle,2026-07-12,2026-07-12T07:41:11+00:00,UNRECORDED,76.0,77.0,station path (audit only),69.4,MISSING,0,,,MISSING,UNTESTABLE_NO_CAUSAL_FORECAST_OR_BOOK,winner
0x3d903c15ebc3f559bba0f40b8aad7ee44430dcf18141ef5f084caa3fc32b46c1,Tokyo,2026-07-12,2026-07-11T20:13:20+00:00,UNRECORDED,87.4,88.2,station path (audit only),81.3,MISSING,0,,,MISSING,UNTESTABLE_NO_CAUSAL_FORECAST_OR_BOOK,winner
0x20cc3455536893bc7ce48fca3bcb314979360cf30ecce7824788680549380bb7,Busan,2026-07-13,2026-07-12T20:07:01+00:00,UNRECORDED,92.8,93.6,station path (audit only),85.6,MISSING,0,,,MISSING,UNTESTABLE_NO_CAUSAL_FORECAST_OR_BOOK,winner
0xa7b3dea6c5b544f14ab735a1791517349f44ff5e8f00ec57d4c29349734b1e66,Busan,2026-07-13,2026-07-12T22:33:17+00:00,UNRECORDED,91.0,91.8,station path (audit only),85.6,MISSING,0,,,MISSING,UNTESTABLE_NO_CAUSAL_FORECAST_OR_BOOK,winner
0xe70a6faf166be628c26413f0f2d51347f9107b19c2158f0f8b5fc32bc8f2db3a,Manila,2026-07-13,2026-07-13T05:22:17+00:00,UNRECORDED,91.0,91.8,station path (audit only),85.8,MISSING,0,,,MISSING,UNTESTABLE_NO_CAUSAL_FORECAST_OR_BOOK,winner
0xce373d175a9ba0f90b1f7b2624cfc2becb0e66aea2d19a182a2d60f6732e0416,Paris,2026-07-13,2026-07-13T02:35:31+00:00,UNRECORDED,96.4,97.2,station path (audit only),91.6,MISSING,0,,,MISSING,UNTESTABLE_NO_CAUSAL_FORECAST_OR_BOOK,winner
0xee89d0272fc1ec37590a142f3e6fbfd4efbc3b96d9e34a5c19da33a81ffb4085,Seattle,2026-07-13,2026-07-13T08:10:47+00:00,UNRECORDED,82.0,83.0,station path (audit only),76.6,MISSING,0,,,MISSING,UNTESTABLE_NO_CAUSAL_FORECAST_OR_BOOK,winner
0x94ce408e1820b49836ce382c684e0d2687e2b742e60d5e327b710d83171457fc,Shanghai,2026-07-13,2026-07-12T23:59:35+00:00,UNRECORDED,96.4,97.2,station path (audit only),90.1,MISSING,0,,,MISSING,UNTESTABLE_NO_CAUSAL_FORECAST_OR_BOOK,winner
0xe1b699a2fb593ddf113c6e8ed11a568c502983007910710fa771360180c58ec3,Shanghai,2026-07-13,2026-07-12T20:03:04+00:00,UNRECORDED,94.6,95.4,station path (audit only),90.1,MISSING,0,,,MISSING,UNTESTABLE_NO_CAUSAL_FORECAST_OR_BOOK,winner
0x3ecf311f8543c46f886701f46d0757599e7ba7a8e2c48d262496add41bd440a0,Tokyo,2026-07-13,2026-07-13T00:39:10+00:00,UNRECORDED,89.2,90.0,station path (audit only),81.2,MISSING,0,,,MISSING,UNTESTABLE_NO_CAUSAL_FORECAST_OR_BOOK,winner
0xc448afe64bd262c848fd4d27f87050b6b52dbb781a6892e6339ba7bf7d49311d,Tokyo,2026-07-13,2026-07-12T20:04:38+00:00,UNRECORDED,91.0,,station path (audit only),81.2,MISSING,0,,,MISSING,UNTESTABLE_NO_CAUSAL_FORECAST_OR_BOOK,winner
0xd7524870d5d1d3a2b27006fd53a007e91375c5c0ca3c42158e6b27161bd43222,Tokyo,2026-07-13,2026-07-13T01:53:07+00:00,UNRECORDED,87.4,88.2,station path (audit only),81.2,MISSING,0,,,MISSING,UNTESTABLE_NO_CAUSAL_FORECAST_OR_BOOK,winner
0x5c63bb42f01eacc2e61a4fdace13710bcbba6056bbe302ecd10377dbf726a06e,Busan,2026-07-14,2026-07-14T01:49:53+00:00,UNRECORDED,89.2,90.0,station path (audit only),84.5,MISSING,0,,,MISSING,UNTESTABLE_NO_CAUSAL_FORECAST_OR_BOOK,winner
0x2c5777df2d15992b35fa7d8768232b20646d48227d9a390047df8d6b7330c631,Dallas,2026-07-14,2026-07-14T07:43:19+00:00,UNRECORDED,94.0,,station path (audit only),88.3,MISSING,0,,,MISSING,UNTESTABLE_NO_CAUSAL_FORECAST_OR_BOOK,winner
0xea97dcc9e8fd2bd8118fe4e36f088316c71fbe2311e20de7d9ff95d5b94a4664,Moscow,2026-07-14,2026-07-14T11:36:40+00:00,UNRECORDED,78.4,79.2,station path (audit only),73.7,MISSING,0,,,MISSING,UNTESTABLE_NO_CAUSAL_FORECAST_OR_BOOK,winner
0x2914246930cdba3e1c1920139e49d300816112ee3544a3f341619cf013bd6da1,Shanghai,2026-07-14,2026-07-13T20:39:59+00:00,UNRECORDED,100.0,100.8,station path (audit only),93.9,MISSING,0,,,MISSING,UNTESTABLE_NO_CAUSAL_FORECAST_OR_BOOK,winner
0x4689c8616b1b834d1edf23253474e0fbcf63fd4340144bbb93ace91db2fcce2d,Tokyo,2026-07-14,2026-07-13T20:09:26+00:00,UNRECORDED,92.8,93.6,station path (audit only),86.6,MISSING,0,,,MISSING,UNTESTABLE_NO_CAUSAL_FORECAST_OR_BOOK,winner
0x692798c36c5d39a476e94562f2faad33ecb7b0ab342ccc92d15e16b770fa3f51,Tokyo,2026-07-14,2026-07-14T02:43:44+00:00,UNRECORDED,94.6,95.4,station path (audit only),86.6,MISSING,0,,,MISSING,UNTESTABLE_NO_CAUSAL_FORECAST_OR_BOOK,winner
0x901f5d9f010d0d119d5e3b369a8061e7ce57cda0a67573b9065bc5c6560cdc14,Austin,2026-07-15,2026-07-15T06:09:50+00:00,UNRECORDED,84.0,85.0,station path (audit only),79.5,MISSING,0,,,MISSING,UNTESTABLE_NO_CAUSAL_FORECAST_OR_BOOK,winner
0x7e54d8e088c6fed535afab3f9aaaf0f482e7d0b6f6a6238d41ecdf92f94ffe48,Dallas,2026-07-15,2026-07-15T06:12:17+00:00,UNRECORDED,94.0,95.0,station path (audit only),88.8,MISSING,0,,,MISSING,UNTESTABLE_NO_CAUSAL_FORECAST_OR_BOOK,winner
0xfe1abc6a148713093a257751c9493138d30d69412dd3d557360955116175017d,Manila,2026-07-15,2026-07-14T22:00:26+00:00,UNRECORDED,94.6,95.4,station path (audit only),89.6,MISSING,0,,,MISSING,UNTESTABLE_NO_CAUSAL_FORECAST_OR_BOOK,winner
0x658006d0b39e3b2ee4d7ae0a60f623922c5a28a8360a65ce544a63a977a12574,Qingdao,2026-07-15,2026-07-15T03:00:29+00:00,UNRECORDED,89.2,90.0,station path (audit only),83.4,MISSING,0,,,MISSING,UNTESTABLE_NO_CAUSAL_FORECAST_OR_BOOK,winner
0xba2a90ffb2934ed593260970ba2d63c15d7136e5744eefc7dda7e43020c1618b,Tokyo,2026-07-15,2026-07-15T04:34:34+00:00,UNRECORDED,92.8,93.6,station path (audit only),87.2,MISSING,0,,,MISSING,UNTESTABLE_NO_CAUSAL_FORECAST_OR_BOOK,winner
0x699575c7396e53ea2fe6fd10029083a1282f66f9ab26f65393d6d7b8d8907730,Tokyo,2026-07-15,2026-07-14T21:37:58+00:00,UNRECORDED,94.6,95.4,station path (audit only),87.2,MISSING,0,,,MISSING,UNTESTABLE_NO_CAUSAL_FORECAST_OR_BOOK,winner
0xedd68c9a5709f466bf42bb82872a1c27e6b0becbb31a79fd6961428e4d0c7c63,Wellington,2026-07-15,2026-07-15T01:52:56+00:00,UNRECORDED,64.0,64.8,station path (audit only),58.2,MISSING,0,,,MISSING,UNTESTABLE_NO_CAUSAL_FORECAST_OR_BOOK,winner
0x23bf984e91581f06c01862e0c9359f69c6aedbf97b32566e5120456253b1bb5a,Busan,2026-07-16,2026-07-16T02:50:38+00:00,UNRECORDED,92.8,93.6,station path (audit only),86.8,MISSING,14,,2026-07-16 15:00,MISSING,UNTESTABLE_NO_CAUSAL_FORECAST_OR_BOOK,loser
0xa71a9a585a5d664b0d966376672ae695a70c9f13dba8cff54626dfb3fa31bfb8,Busan,2026-07-16,2026-07-15T23:50:31+00:00,UNRECORDED,96.4,97.2,station path (audit only),86.8,MISSING,17,,,MISSING,UNTESTABLE_NO_CAUSAL_FORECAST_OR_BOOK,winner
0x8db14e498492ae3cf5fffbd7d525f04bd4cb194335a707fb4ed05ce5fdb824a8,Busan,2026-07-16,2026-07-16T02:06:02+00:00,UNRECORDED,94.6,95.4,station path (audit only),86.8,MISSING,14,2026-07-16 15:00,,MISSING,UNTESTABLE_NO_CAUSAL_FORECAST_OR_BOOK,winner
0x689f6043f4b631593f18e5660c90a91fb03a5fb3c13691687e799c4a4b6523db,Kuala Lumpur,2026-07-16,2026-07-16T00:06:59+00:00,UNRECORDED,94.6,95.4,station path (audit only),89.0,MISSING,0,,,MISSING,UNTESTABLE_NO_CAUSAL_FORECAST_OR_BOOK,winner
0x51b19e393bdea3c219e0c8682b2bfd29e66f078471dcfb17f87fb30b312ecd24,Manila,2026-07-16,2026-07-15T20:33:49+00:00,UNRECORDED,94.6,95.4,station path (audit only),89.4,MISSING,0,,,MISSING,UNTESTABLE_NO_CAUSAL_FORECAST_OR_BOOK,winner
0x461f6078da68e9b6efe8317105b4111d4abe9de54028eebe3be73f6ffd7ef6bf,Miami,2026-07-16,2026-07-16T08:35:22+00:00,UNRECORDED,98.0,99.0,station path (audit only),93.3,MISSING,0,,,MISSING,UNTESTABLE_NO_CAUSAL_FORECAST_OR_BOOK,winner
0x0a0fc1fc29f95cd495a5c263d4bc56bc17c2e4cff9fb168ed4a232686c8f8085,Shanghai,2026-07-16,2026-07-16T00:26:25+00:00,UNRECORDED,105.4,106.2,station path (audit only),99.2,MISSING,0,,,MISSING,UNTESTABLE_NO_CAUSAL_FORECAST_OR_BOOK,winner
0xa5dd874a8d1453005a4c2556f5bf7bb49318904477129192cfd3a3dfc7256138,Singapore,2026-07-16,2026-07-15T22:10:19+00:00,UNRECORDED,91.0,91.8,station path (audit only),86.4,MISSING,0,,,MISSING,UNTESTABLE_NO_CAUSAL_FORECAST_OR_BOOK,winner
0x2c923990230390c850b8170c3fa4fa29fc7f923ac7bb1cd42fc32aa9615af117,Tokyo,2026-07-16,2026-07-15T23:38:29+00:00,UNRECORDED,94.6,95.4,station path (audit only),89.4,MISSING,0,,,MISSING,UNTESTABLE_NO_CAUSAL_FORECAST_OR_BOOK,winner
0x856841be5542ea25ae8ce5321ae64549565bbc4fa415b008db754be4ce34759d,Toronto,2026-07-16,2026-07-16T04:09:01+00:00,UNRECORDED,87.4,88.2,station path (audit only),81.4,MISSING,0,,,MISSING,UNTESTABLE_NO_CAUSAL_FORECAST_OR_BOOK,winner
0x4dc512a1bb2a4b5217d6952709c13fe78124400c5ffe0673f6d285ff95332ca5,Busan,2026-07-17,2026-07-16T20:11:26+00:00,UNRECORDED,92.8,93.6,station path (audit only),84.5,MISSING,19,,,MISSING,UNTESTABLE_NO_CAUSAL_FORECAST_OR_BOOK,winner
0xcd130ddf66f99cd0a78a5eba9c98e1e798b558e7598f71b1a7794dac1c540cfe,Busan,2026-07-17,2026-07-17T04:06:48+00:00,UNRECORDED,89.2,90.0,station path (audit only),84.5,MISSING,10,,,MISSING,UNTESTABLE_NO_CAUSAL_FORECAST_OR_BOOK,winner
0xce00cfbde6734b2ef1332814bb4fe305a014f778ee7dba777510afaac6e8ca10,Busan,2026-07-17,2026-07-17T01:51:12+00:00,UNRECORDED,91.0,91.8,station path (audit only),84.5,MISSING,14,,,MISSING,UNTESTABLE_NO_CAUSAL_FORECAST_OR_BOOK,winner
0x517fdfeebd8fb2f123169426b2c9393d603c7af68643f67fcc136d801f205d47,Kuala Lumpur,2026-07-17,2026-07-17T05:26:45+00:00,UNRECORDED,94.6,95.4,station path (audit only),87.5,MISSING,0,,,MISSING,UNTESTABLE_NO_CAUSAL_FORECAST_OR_BOOK,winner
0x896e48925baf1398b779cf46dca5aad144167303e141ac46ac4c1a1769921ea8,Seattle,2026-07-17,2026-07-17T07:04:48+00:00,UNRECORDED,78.0,79.0,station path (audit only),73.2,MISSING,0,,,MISSING,UNTESTABLE_NO_CAUSAL_FORECAST_OR_BOOK,winner
0x8cc7b0b6ce038f3fd69fd974a4d87c634331bb0aedb9dde71308e0fff4979576,Shanghai,2026-07-17,2026-07-17T02:10:09+00:00,UNRECORDED,103.6,104.4,station path (audit only),99.0,MISSING,0,,,MISSING,UNTESTABLE_NO_CAUSAL_FORECAST_OR_BOOK,winner
0x61a846db1ccc772efa2226942b7508b82573a24441f42c16b5dcb7555f5e89ba,Tokyo,2026-07-17,2026-07-17T01:27:17+00:00,UNRECORDED,91.0,91.8,station path (audit only),84.7,MISSING,0,,,MISSING,UNTESTABLE_NO_CAUSAL_FORECAST_OR_BOOK,winner
0x366e3bf970895d8e8eee28918dae3469467ee018f00422c769bad10c9a5a29f6,Tokyo,2026-07-17,2026-07-16T21:11:53+00:00,UNRECORDED,89.2,90.0,station path (audit only),84.7,MISSING,0,,,MISSING,UNTESTABLE_NO_CAUSAL_FORECAST_OR_BOOK,winner
0x321732ddb294d0ba52414cfa6f522e0bef84efc531e93acb3869ba95abae49aa,Wellington,2026-07-17,2026-07-17T01:13:37+00:00,UNRECORDED,60.4,61.2,station path (audit only),55.7,MISSING,0,,,MISSING,UNTESTABLE_NO_CAUSAL_FORECAST_OR_BOOK,winner
0x3a3db59bd3648d1248ed7cc896039d1cf20a67a509f5a3cb6319a65654065358,Busan,2026-07-18,2026-07-18T00:10:24+00:00,UNRECORDED,89.2,90.0,station path (audit only),84.6,MISSING,18,,,MISSING,UNTESTABLE_NO_CAUSAL_FORECAST_OR_BOOK,loser
0x7b5021d8ef72b513f9660a33b275814d8932fa740f65f9bb8fe9c5d4ce7e0a27,Kuala Lumpur,2026-07-18,2026-07-18T03:05:16+00:00,UNRECORDED,92.8,,station path (audit only),85.9,MISSING,0,,,MISSING,UNTESTABLE_NO_CAUSAL_FORECAST_OR_BOOK,winner
0x8e65532e971132d77a649146d5fa0fb164a5ae4b41af001677751ebaff041c5c,Kuala Lumpur,2026-07-18,2026-07-17T20:18:48+00:00,UNRECORDED,91.0,91.8,station path (audit only),85.9,MISSING,0,,,MISSING,UNTESTABLE_NO_CAUSAL_FORECAST_OR_BOOK,winner
0x23a5b1bd5c8400d924816af5d18cec5bc9f97cd9185ef304a64f19ec6fd0d525,Manila,2026-07-18,2026-07-17T21:52:00+00:00,UNRECORDED,92.8,93.6,station path (audit only),87.5,MISSING,0,,,MISSING,UNTESTABLE_NO_CAUSAL_FORECAST_OR_BOOK,winner
0x740d3fe64fe805779ba2a680b0b1bc056dfab38f09914a6ffc7af749a6d2bc6a,Qingdao,2026-07-18,2026-07-18T06:05:07+00:00,UNRECORDED,91.0,91.8,station path (audit only),85.8,MISSING,0,,,MISSING,UNTESTABLE_NO_CAUSAL_FORECAST_OR_BOOK,winner
0x52a8f4ea3e6561449b10c15619500fffc40852b82ddbd67ab9663ceb9d403078,Shanghai,2026-07-18,2026-07-18T01:14:42+00:00,UNRECORDED,101.8,102.6,station path (audit only),96.7,MISSING,0,,,MISSING,UNTESTABLE_NO_CAUSAL_FORECAST_OR_BOOK,winner
0xfae4d9934c5707cf4c6040db6404bb04bd08c40000bbd11add037c9a881418d9,Singapore,2026-07-18,2026-07-17T21:01:55+00:00,UNRECORDED,91.0,91.8,station path (audit only),85.9,MISSING,37,,,MISSING,UNTESTABLE_NO_CAUSAL_FORECAST_OR_BOOK,loser
0xd08dc241e20101092c192ceab16ba3674cc11693020f3eca396e5186397961db,Tokyo,2026-07-18,2026-07-17T20:22:54+00:00,UNRECORDED,89.2,90.0,station path (audit only),83.1,MISSING,0,,,MISSING,UNTESTABLE_NO_CAUSAL_FORECAST_OR_BOOK,winner
0x4d170cef23b75a2df73b5f5e1d0f67bc51e6677e7dc867611b2ac03a0c8ecc58,Wellington,2026-07-18,2026-07-17T20:33:06+00:00,UNRECORDED,60.4,61.2,station path (audit only),55.7,MISSING,0,,,MISSING,UNTESTABLE_NO_CAUSAL_FORECAST_OR_BOOK,winner
0x898339d293ce0c033782ee1851247761653610b47a44497b042f3aa7212a2273,Busan,2026-07-19,2026-07-19T02:47:15+00:00,UNRECORDED,89.2,90.0,station path (audit only),84.4,MISSING,0,,,MISSING,UNTESTABLE_NO_CAUSAL_FORECAST_OR_BOOK,winner
0x0d12e455672c874aa7056ac702d8e6a1b94841eabddf4d164b550f35cab3f01a,Kuala Lumpur,2026-07-19,2026-07-18T20:06:25+00:00,UNRECORDED,92.8,93.6,station path (audit only),85.7,MISSING,0,,,MISSING,UNTESTABLE_NO_CAUSAL_FORECAST_OR_BOOK,winner
0x0f69a6f604fc52889ae363c4c7ee2045538563857109878f994a81b1cef1cf7b,Kuala Lumpur,2026-07-19,2026-07-19T04:34:01+00:00,UNRECORDED,91.0,91.8,station path (audit only),85.7,MISSING,0,,,MISSING,UNTESTABLE_NO_CAUSAL_FORECAST_OR_BOOK,winner
0x20ee4afed628e3e820787c27190f082740e36026a44b29f57bce84fcb7d0e0e5,Qingdao,2026-07-19,2026-07-19T00:40:33+00:00,UNRECORDED,87.4,88.2,station path (audit only),82.9,MISSING,0,,,MISSING,UNTESTABLE_NO_CAUSAL_FORECAST_OR_BOOK,winner
0x31204d9b98348daa756077e988404c251e69ec4d89f8c35e162e290ec48be7fd,Shanghai,2026-07-19,2026-07-18T20:00:57+00:00,UNRECORDED,94.6,95.4,station path (audit only),89.6,MISSING,0,,,MISSING,UNTESTABLE_NO_CAUSAL_FORECAST_OR_BOOK,winner
0x0d64c3c0b9b144f593a248dbc0d64305cdd742393e72cf4fcc8a3f874445d4fd,Tokyo,2026-07-19,2026-07-18T23:12:43+00:00,UNRECORDED,92.8,93.6,station path (audit only),86.3,MISSING,0,,,MISSING,UNTESTABLE_NO_CAUSAL_FORECAST_OR_BOOK,winner
0xce172fab7f2e825bf0f9133bd4395061a80abad1b9467227bf5b1b04984d825e,Tokyo,2026-07-19,2026-07-19T02:00:45+00:00,UNRECORDED,91.0,91.8,station path (audit only),86.3,MISSING,0,,,MISSING,UNTESTABLE_NO_CAUSAL_FORECAST_OR_BOOK,winner
0x41407b7426878af8db0755bd29b4c3567bef1a572f8780b8c640f7970193fc1f,Kuala Lumpur,2026-07-20,2026-07-20T01:38:43+00:00,UNRECORDED,89.2,90.0,station path (audit only),84.3,MISSING,0,,,MISSING,UNTESTABLE_NO_CAUSAL_FORECAST_OR_BOOK,winner
0xb90d287ef1fc6ad0aeda14d86b37a780c00c7515b007556951d4f9ebb93fcc36,Kuala Lumpur,2026-07-20,2026-07-19T21:30:09+00:00,UNRECORDED,91.0,91.8,station path (audit only),84.3,MISSING,0,,,MISSING,UNTESTABLE_NO_CAUSAL_FORECAST_OR_BOOK,winner
0x4042f743c96e97ce57f38766294901da6bb26e8f6d600b552694fc8bf5f95b81,Los Angeles,2026-07-20,2026-07-20T09:15:18+00:00,UNRECORDED,82.0,83.0,station path (audit only),77.1,MISSING,0,,,MISSING,UNTESTABLE_NO_CAUSAL_FORECAST_OR_BOOK,winner
0x040a9331f1a659f647ca6537a657beb153c5b0590c6d09f24e53f723521f69f8,Mexico City,2026-07-20,2026-07-20T06:01:04+00:00,UNRECORDED,82.0,82.8,station path (audit only),77.5,MISSING,0,,,MISSING,UNTESTABLE_NO_CAUSAL_FORECAST_OR_BOOK,winner
0x3d76baed54cac4db7e6b431e954b212e265429751788d50fa76f2a4912cdc5ee,Qingdao,2026-07-20,2026-07-20T03:30:04+00:00,UNRECORDED,89.2,90.0,station path (audit only),84.3,MISSING,0,,,MISSING,UNTESTABLE_NO_CAUSAL_FORECAST_OR_BOOK,winner
0xe0763d311cee3a4e24095c69564548744bf948514084199a1f3cdfd301ba8ccb,Qingdao,2026-07-20,2026-07-20T01:03:58+00:00,UNRECORDED,91.0,,station path (audit only),84.3,MISSING,0,,,MISSING,UNTESTABLE_NO_CAUSAL_FORECAST_OR_BOOK,winner
0x8e9ed83756c014e638e75a52bda652af5b211e0463806be5cc37a79e564bbd9c,Singapore,2026-07-20,2026-07-20T05:08:42+00:00,UNRECORDED,91.0,91.8,station path (audit only),84.8,MISSING,0,,,MISSING,UNTESTABLE_NO_CAUSAL_FORECAST_OR_BOOK,winner
0xab29c83c9c90c5975c8a80c88af26588258deb93fbd75ce5776c2e033cab72e5,Tokyo,2026-07-20,2026-07-19T20:06:22+00:00,UNRECORDED,96.4,97.2,station path (audit only),88.9,MISSING,0,,,MISSING,UNTESTABLE_NO_CAUSAL_FORECAST_OR_BOOK,winner
0x03d03eae793fc59f7005b23b169b73921a5ab24dac7c9fb3313b5613ba00fd34,Tokyo,2026-07-20,2026-07-20T04:07:21+00:00,UNRECORDED,98.2,,station path (audit only),88.9,MISSING,0,,,MISSING,UNTESTABLE_NO_CAUSAL_FORECAST_OR_BOOK,winner
0x02868bb7787e2bf4ff18383c116edf5e6f6ced6156f49e65991a3c381198480b,Tokyo,2026-07-20,2026-07-20T03:02:46+00:00,UNRECORDED,94.6,95.4,station path (audit only),88.9,MISSING,0,,,MISSING,UNTESTABLE_NO_CAUSAL_FORECAST_OR_BOOK,winner
0x5bc7527ba96e90bb74456d9fcd8372f9ee8bdcafd25fcef282a2e1db1b9c475b,Kuala Lumpur,2026-07-21,2026-07-21T06:03:21+00:00,UNRECORDED,94.6,95.4,station path (audit only),88.0,MISSING,0,,,MISSING,UNTESTABLE_NO_CAUSAL_FORECAST_OR_BOOK,winner
0xed1f4c4fd312021e41649ad35973df3e2473a130d708fa5eff9bab491bae6571,Kuala Lumpur,2026-07-21,2026-07-21T03:22:58+00:00,UNRECORDED,92.8,93.6,station path (audit only),88.0,MISSING,0,,,MISSING,UNTESTABLE_NO_CAUSAL_FORECAST_OR_BOOK,winner
0x345f37d8e2d3d7aa33c85e00c9a786223faa8b54cb54e9eafa4e0347f37c1ccf,Tokyo,2026-07-21,2026-07-21T03:40:31+00:00,UNRECORDED,94.6,95.4,station path (audit only),89.3,MISSING,0,,,MISSING,UNTESTABLE_NO_CAUSAL_FORECAST_OR_BOOK,winner
0x2d4603560d3aab9d91452dd2ba9e8a33d2b730e6626a6e1428092c448c3f7790,Tokyo,2026-07-21,2026-07-21T03:39:13+00:00,UNRECORDED,96.4,97.2,station path (audit only),89.3,MISSING,0,,,MISSING,UNTESTABLE_NO_CAUSAL_FORECAST_OR_BOOK,winner
0xcbd28e702716a4411007acfd463ff5d5e338a5476e26f2b65fcc4c18b8b6940d,Tokyo,2026-07-21,2026-07-20T20:25:45+00:00,UNRECORDED,98.2,99.0,station path (audit only),89.3,MISSING,0,,,MISSING,UNTESTABLE_NO_CAUSAL_FORECAST_OR_BOOK,winner
0xae86ad32f855ccf53696021c7eb6a5fa5b6438e834699e3d584ca12f0b62548f,Busan,2026-07-22,2026-07-22T00:10:19+00:00,UNRECORDED,94.6,95.4,station path (audit only),88.4,MISSING,0,,,MISSING,UNTESTABLE_NO_CAUSAL_FORECAST_OR_BOOK,winner
0x801ffe29343d6430a4a08b5cab5c5a7f9da66397fdd7adda758608f01e6b03be,Busan,2026-07-22,2026-07-22T01:29:10+00:00,UNRECORDED,96.4,97.2,station path (audit only),88.4,MISSING,0,,,MISSING,UNTESTABLE_NO_CAUSAL_FORECAST_OR_BOOK,winner
0xa35e8ae914044faef88cd2c0446d087c458d19649afb88bd5be220a486422d65,Helsinki,2026-07-22,2026-07-22T07:03:58+00:00,UNRECORDED,65.8,66.6,station path (audit only),60.9,MISSING,28,2026-07-22 16:20,,MISSING,UNTESTABLE_NO_CAUSAL_FORECAST_OR_BOOK,loser
0x2f3154ae985e23828aac46931a7e391b834e5c28ead7971991d40f6495fdaadb,Istanbul,2026-07-22,2026-07-22T09:51:12+00:00,UNRECORDED,89.2,90.0,station path (audit only),83.0,MISSING,22,,2026-07-22 15:50,MISSING,UNTESTABLE_NO_CAUSAL_FORECAST_OR_BOOK,winner
0x9e1c0e37d7233d8b55bd0c15381e9d21f55e7f9600a2a053a03edd326ca88f2a,Istanbul,2026-07-22,2026-07-22T10:55:55+00:00,UNRECORDED,91.0,91.8,station path (audit only),83.0,MISSING,20,,2026-07-22 15:50,MISSING,UNTESTABLE_NO_CAUSAL_FORECAST_OR_BOOK,winner
0x7db372d761a66e365f3655fc2cd74d5df71d8701fe6964324e38acef256d21fa,Jeddah,2026-07-22,2026-07-21T23:51:07+00:00,UNRECORDED,103.6,104.4,station path (audit only),99.0,MISSING,0,,,MISSING,UNTESTABLE_NO_CAUSAL_FORECAST_OR_BOOK,winner
0x46b655f336f619d3335bf165f7deddfeadcf193db7ff0d3338d230a0c10aafb9,Kuala Lumpur,2026-07-22,2026-07-22T00:42:25+00:00,UNRECORDED,96.4,,station path (audit only),84.9,MISSING,0,,,MISSING,UNTESTABLE_NO_CAUSAL_FORECAST_OR_BOOK,winner
0xb50476651373919feaa9e205c840cd0834c695250afe8b53510a3e804620e004,Kuala Lumpur,2026-07-22,2026-07-21T20:09:10+00:00,UNRECORDED,91.0,91.8,station path (audit only),84.9,MISSING,0,,,MISSING,UNTESTABLE_NO_CAUSAL_FORECAST_OR_BOOK,winner
0x949d39793435322f387c77313360636d15da4d680ddc07c4250d45300bb6228e,Los Angeles,2026-07-22,2026-07-22T07:31:09+00:00,UNRECORDED,82.0,83.0,station path (audit only),76.0,MISSING,0,,,MISSING,UNTESTABLE_NO_CAUSAL_FORECAST_OR_BOOK,winner
0xb83d3bf78ad6e080672d5b2428444dac9be4f3f28d0eb996ef51f43cc5dc7ade,Manila,2026-07-22,2026-07-21T20:06:07+00:00,UNRECORDED,94.6,95.4,station path (audit only),90.1,MISSING,0,,,MISSING,UNTESTABLE_NO_CAUSAL_FORECAST_OR_BOOK,winner
0x6d2dd0dde3a175c13999e29a1a087ef05f05e45d4b4a19f5356fd22808c792ea,Qingdao,2026-07-22,2026-07-21T22:01:01+00:00,UNRECORDED,87.4,88.2,station path (audit only),82.2,MISSING,0,,,MISSING,UNTESTABLE_NO_CAUSAL_FORECAST_OR_BOOK,winner
0x6178102564885b111e654947e089dfe2fbbd8c92b69b272f35d3a1c65b8dfcd1,Tokyo,2026-07-22,2026-07-22T00:55:27+00:00,UNRECORDED,100.0,100.8,station path (audit only),89.9,MISSING,0,,,MISSING,UNTESTABLE_NO_CAUSAL_FORECAST_OR_BOOK,winner
0xc132c3bb3c6a3268cdec609ca5d0d9447730e2d523d9aeed73ab864d0992dd43,Tokyo,2026-07-22,2026-07-21T20:21:30+00:00,UNRECORDED,98.2,99.0,station path (audit only),89.9,MISSING,0,,,MISSING,UNTESTABLE_NO_CAUSAL_FORECAST_OR_BOOK,winner
0x7514e9d84cecac8de365ef903a51318e0a7355ba43145da4cf999f704a9d3c5d,Tokyo,2026-07-22,2026-07-22T04:03:22+00:00,UNRECORDED,94.6,95.4,station path (audit only),89.9,MISSING,0,,,MISSING,UNTESTABLE_NO_CAUSAL_FORECAST_OR_BOOK,winner
0x51d7f5b7d0b73120d94e2ccef1f40894f062882747f7970ff2baa35364c415b3,Tokyo,2026-07-22,2026-07-22T03:13:39+00:00,UNRECORDED,96.4,97.2,station path (audit only),89.9,MISSING,0,,,MISSING,UNTESTABLE_NO_CAUSAL_FORECAST_OR_BOOK,winner
0x7a2bcacf1d5fe6948c3c7765fce94171b6945c8103b0ac0aaf2bf8df945fbc42,Toronto,2026-07-22,2026-07-22T04:08:03+00:00,UNRECORDED,73.0,73.8,station path (audit only),67.3,MISSING,0,,,MISSING,UNTESTABLE_NO_CAUSAL_FORECAST_OR_BOOK,winner
0xeb9f52f18286b133d45daf7cd4ba01dab340646cd4e1efce5102a765a1527059,Busan,2026-07-23,2026-07-23T02:36:03+00:00,UNRECORDED,94.6,95.4,station path (audit only),88.9,MISSING,0,,,MISSING,UNTESTABLE_NO_CAUSAL_FORECAST_OR_BOOK,winner
0x590a60b3a8ca37d25ed84f808bff1319293fcb96bfd189cda2b40dfb90d63f5f,Kuala Lumpur,2026-07-23,2026-07-22T20:43:22+00:00,UNRECORDED,92.8,93.6,station path (audit only),87.4,MISSING,0,,,MISSING,UNTESTABLE_NO_CAUSAL_FORECAST_OR_BOOK,winner
0x82005ac9b822c3dedeb3d913a96c31f5816eef555d53b477792729b7cbe3f774,Moscow,2026-07-23,2026-07-23T06:15:42+00:00,UNRECORDED,74.8,75.6,station path (audit only),69.9,MISSING,0,,,MISSING,UNTESTABLE_NO_CAUSAL_FORECAST_OR_BOOK,winner
0x48aca47699f12d187f0cfb25929b1bd41fcbb9c9391a7014120d0153fcaa41cd,Shanghai,2026-07-23,2026-07-23T01:24:42+00:00,UNRECORDED,100.0,100.8,station path (audit only),94.4,MISSING,0,,,MISSING,UNTESTABLE_NO_CAUSAL_FORECAST_OR_BOOK,winner
0xf2ee4ae7b8e0f3572a5a48f701edc00b8c4c7a90b5f2a85d0e4eb14b1c1654cd,Toronto,2026-07-23,2026-07-23T07:19:54+00:00,UNRECORDED,82.0,,station path (audit only),76.5,MISSING,0,,,MISSING,UNTESTABLE_NO_CAUSAL_FORECAST_OR_BOOK,winner
0xd843b9eca40229873836e1bfd00bf59a49715ec0717427aca278cc1a13b2c3c9,Austin,2026-07-24,2026-07-24T05:31:54+00:00,UNRECORDED,98.0,99.0,station path (audit only),93.4,MISSING,0,,,MISSING,UNTESTABLE_NO_CAUSAL_FORECAST_OR_BOOK,winner
0x5f3508ee32422a59003a90af189b7142da912421a72e3b57f164837a32c27fad,Busan,2026-07-24,2026-07-23T20:05:43+00:00,UNRECORDED,96.4,97.2,station path (audit only),91.4,MISSING,0,,,MISSING,UNTESTABLE_NO_CAUSAL_FORECAST_OR_BOOK,winner
0xd265502352089027be1397bb8275c178cb2230451ab8979a00f9473f11d99114,Dallas,2026-07-24,2026-07-24T05:26:37+00:00,UNRECORDED,100.0,101.0,station path (audit only),94.3,MISSING,0,,,MISSING,UNTESTABLE_NO_CAUSAL_FORECAST_OR_BOOK,winner
0xf9583b74f607a8998ec2b624acae8e67c68ff27a4510845c7ca678282f9be678,Kuala Lumpur,2026-07-24,2026-07-23T22:08:28+00:00,UNRECORDED,92.8,93.6,station path (audit only),87.3,MISSING,0,,,MISSING,UNTESTABLE_NO_CAUSAL_FORECAST_OR_BOOK,winner
0xbbe2f665f2f9d0f0cdda05ee157a87001b770416dcdd4d5bc5c098d777fe583b,Madrid,2026-07-24,2026-07-23T22:20:27+00:00,UNRECORDED,100.0,100.8,station path (audit only),90.2,MISSING,0,,,MISSING,UNTESTABLE_NO_CAUSAL_FORECAST_OR_BOOK,winner
0x81cf2b50cb026a6868a5b630a64181c635e40172f3ec8d8f1e5ca71436e1fa8f,Qingdao,2026-07-24,2026-07-23T23:56:24+00:00,UNRECORDED,89.2,90.0,station path (audit only),84.2,MISSING,0,,,MISSING,UNTESTABLE_NO_CAUSAL_FORECAST_OR_BOOK,winner
0xd07825a3e5f505674742f286b7a62607bcb58ca55e01a71f9b8e94c5e273aac7,Tokyo,2026-07-24,2026-07-24T04:33:25+00:00,UNRECORDED,94.6,95.4,station path (audit only),87.6,MISSING,0,,,MISSING,UNTESTABLE_NO_CAUSAL_FORECAST_OR_BOOK,winner
0x6b8b8b68aa6f4c73ad4503242b215a57d6b1111d0a2267cd9069d10568c4361a,Tokyo,2026-07-24,2026-07-23T22:35:52+00:00,UNRECORDED,92.8,93.6,station path (audit only),87.6,MISSING,0,,,MISSING,UNTESTABLE_NO_CAUSAL_FORECAST_OR_BOOK,winner
0x3aa322c8dc8160dc6829ecaebdde60b9dffebd84322ef4eb0d5dcac9f2f80370,Busan,2026-07-25,2026-07-25T05:00:21+00:00,UNRECORDED,96.4,97.2,station path (audit only),90.2,MISSING,0,,,MISSING,UNTESTABLE_NO_CAUSAL_FORECAST_OR_BOOK,winner
0x2703bccfcd4576fe176443369c17035f9ce657f44e3870d2beb7ad82f963d3c1,Istanbul,2026-07-25,2026-07-24T21:52:25+00:00,UNRECORDED,76.6,77.4,station path (audit only),70.1,MISSING,0,,,MISSING,UNTESTABLE_NO_CAUSAL_FORECAST_OR_BOOK,winner
0x84d0161df4fc32aadb786fb21c7f04a807c37e6873109ba4bb91194abef1599d,Istanbul,2026-07-25,2026-07-25T09:02:58+00:00,UNRECORDED,74.8,75.6,station path (audit only),70.1,MISSING,0,,,MISSING,UNTESTABLE_NO_CAUSAL_FORECAST_OR_BOOK,winner
0x932ba43814473f696dc5c7c255c693c672499c96efab6eafaa8edf21e762ec44,Kuala Lumpur,2026-07-25,2026-07-25T01:15:30+00:00,UNRECORDED,89.2,90.0,station path (audit only),84.3,MISSING,0,,,MISSING,UNTESTABLE_NO_CAUSAL_FORECAST_OR_BOOK,winner
0xc11f8fd643b3d9471b957a7750ffb4c17937baea31620bb8ea41a1f5f3329ef0,Manila,2026-07-25,2026-07-25T02:07:16+00:00,UNRECORDED,91.0,91.8,station path (audit only),86.1,MISSING,0,,,MISSING,UNTESTABLE_NO_CAUSAL_FORECAST_OR_BOOK,winner
0x177f8919c2491452faa2ef473c0eea666f9f057674f04301d8b2b495e2ddd5f1,Qingdao,2026-07-25,2026-07-24T20:43:24+00:00,UNRECORDED,92.8,,station path (audit only),87.4,MISSING,0,,,MISSING,UNTESTABLE_NO_CAUSAL_FORECAST_OR_BOOK,winner
0xd4b0048ba5430e92f1161786be2ff31b3f18b56fc37d81850ad4702ba56037f4,Busan,2026-07-26,2026-07-25T20:20:28+00:00,UNRECORDED,100.0,100.8,station path (audit only),93.6,MISSING,0,,,MISSING,UNTESTABLE_NO_CAUSAL_FORECAST_OR_BOOK,winner
0xd731680a4ebfa63af1ce76b74b2e2d182390a6bfb0c09d182ed38a8970ea7493,Busan,2026-07-26,2026-07-25T20:05:46+00:00,UNRECORDED,98.2,99.0,station path (audit only),93.6,MISSING,0,,,MISSING,UNTESTABLE_NO_CAUSAL_FORECAST_OR_BOOK,winner
0x41d055ee3441483968b13933fa16965f355f1a0efa1c1676c062ecb32844f8ed,Kuala Lumpur,2026-07-26,2026-07-25T20:26:45+00:00,UNRECORDED,91.0,91.8,station path (audit only),86.2,MISSING,0,,,MISSING,UNTESTABLE_NO_CAUSAL_FORECAST_OR_BOOK,winner
0x4018afb6a8f1a83c9e63048aa4c4bed3ed87e594c114d41909db6b561664ddb1,Kuala Lumpur,2026-07-26,2026-07-26T02:07:40+00:00,UNRECORDED,92.8,93.6,station path (audit only),86.2,MISSING,0,,,MISSING,UNTESTABLE_NO_CAUSAL_FORECAST_OR_BOOK,winner
0x6775c827894a7fc3f070a288a2722e367179f1dccc4e2033ec9d413ccaeaeb94,Qingdao,2026-07-26,2026-07-26T02:48:55+00:00,UNRECORDED,91.0,,station path (audit only),86.5,MISSING,0,,,MISSING,UNTESTABLE_NO_CAUSAL_FORECAST_OR_BOOK,winner
0xdc17340a3935d1909d0b166bfc5f0310ed9dcd31bd5815d90e48e05852a28b39,Seattle,2026-07-26,2026-07-26T10:10:27+00:00,UNRECORDED,76.0,77.0,station path (audit only),69.4,MISSING,0,,,MISSING,UNTESTABLE_NO_CAUSAL_FORECAST_OR_BOOK,winner
0xdd96214e3ec58251325c33a17d256248f6a73f84070351f6216dd73ddb4c358e,Tokyo,2026-07-26,2026-07-25T20:05:21+00:00,UNRECORDED,92.8,93.6,station path (audit only),86.1,MISSING,0,,,MISSING,UNTESTABLE_NO_CAUSAL_FORECAST_OR_BOOK,winner
0xb0b41e74ae96991540aedcecd38608a7cf2384070af886b3db0c26e52b5ac118,Tokyo,2026-07-26,2026-07-26T01:10:54+00:00,UNRECORDED,94.6,95.4,station path (audit only),86.1,MISSING,0,,,MISSING,UNTESTABLE_NO_CAUSAL_FORECAST_OR_BOOK,winner
0xbf41107bee9b5d36c31b54a3a0501d692d950a5140ca8f2dd099030863caf1a4,Tokyo,2026-07-26,2026-07-26T03:54:03+00:00,UNRECORDED,91.0,91.8,station path (audit only),86.1,MISSING,0,,,MISSING,UNTESTABLE_NO_CAUSAL_FORECAST_OR_BOOK,winner
0xa69ad8254cb8d9c77b64a9c79b79e62436f698562622447e2559ca7e407fd230,Busan,2026-07-27,2026-07-26T20:34:27+00:00,UNRECORDED,98.2,99.0,station path (audit only),91.8,MISSING,20,,,MISSING,UNTESTABLE_NO_CAUSAL_FORECAST_OR_BOOK,winner
0xa523e2d3ec207f2ee758fab784bb37ef85d32f997ed3b17996d2829dc690d128,Busan,2026-07-27,2026-07-27T05:47:51+00:00,UNRECORDED,96.4,97.2,station path (audit only),91.8,MISSING,10,,,MISSING,UNTESTABLE_NO_CAUSAL_FORECAST_OR_BOOK,loser
0xaa599a5227ccdb3977d9c3e723c0439886b87edf4a377c7e60b015a2bf221908,Kuala Lumpur,2026-07-27,2026-07-26T20:00:06+00:00,UNRECORDED,92.8,93.6,station path (audit only),87.3,MISSING,0,,,MISSING,UNTESTABLE_NO_CAUSAL_FORECAST_OR_BOOK,winner
0xaf5647be088a23b5af826272c1e7842daa21716ed6de603b0252dfe25d991388,London,2026-07-27,2026-07-26T23:00:09+00:00,UNRECORDED,82.0,82.8,station path (audit only),76.8,MISSING,48,,,MISSING,UNTESTABLE_NO_CAUSAL_FORECAST_OR_BOOK,loser
0x075019c53d4aff23962ca64098e54db66f7c6972a3e6fe99392da64fef632444,Manila,2026-07-27,2026-07-27T04:00:28+00:00,UNRECORDED,92.8,93.6,station path (audit only),85.1,MISSING,0,,,MISSING,UNTESTABLE_NO_CAUSAL_FORECAST_OR_BOOK,winner
0xd8cde560e2b5eb93f10a909fdf40dd366ff0853177539df9ff191e1d1205ccc3,Manila,2026-07-27,2026-07-27T01:49:51+00:00,UNRECORDED,91.0,91.8,station path (audit only),85.1,MISSING,0,,,MISSING,UNTESTABLE_NO_CAUSAL_FORECAST_OR_BOOK,winner
0x3d444261bc8ec0205938886da3208ce8461d3e1358e6cbe48bfb69415198b0e2,Miami,2026-07-27,2026-07-27T11:57:07+00:00,UNRECORDED,92.0,93.0,station path (audit only),86.0,MISSING,0,,,MISSING,UNTESTABLE_NO_CAUSAL_FORECAST_OR_BOOK,winner
0x718a59e2c16da19dfb873c9840f3b7b924b191c904f0e3d9e4f7b1b654499681,Singapore,2026-07-27,2026-07-27T04:08:42+00:00,UNRECORDED,91.0,91.8,station path (audit only),86.2,MISSING,0,,,MISSING,UNTESTABLE_NO_CAUSAL_FORECAST_OR_BOOK,winner
0xe200e0b3cc624168688f6aed901964fbeb1d9eee609a73f34f7ab747a0ebe543,Busan,2026-07-28,2026-07-28T00:13:34+00:00,UNRECORDED,96.4,97.2,station path (audit only),91.0,MISSING,15,,,MISSING,UNTESTABLE_NO_CAUSAL_FORECAST_OR_BOOK,winner
0x24f674c7a16316d51245a5e98ef7347a58beec0b875faba333c9237d9808f65b,Busan,2026-07-28,2026-07-28T03:40:52+00:00,UNRECORDED,100.0,100.8,station path (audit only),91.0,MISSING,11,,,MISSING,UNTESTABLE_NO_CAUSAL_FORECAST_OR_BOOK,winner
0x415ff07321c0281886e39d2559c494179e733fb2f69ece7a60347a5c7c3363f3,Busan,2026-07-28,2026-07-28T01:18:21+00:00,UNRECORDED,101.8,102.6,station path (audit only),91.0,MISSING,14,,,MISSING,UNTESTABLE_NO_CAUSAL_FORECAST_OR_BOOK,winner
0x703b1b32205655ab130e4a44589565ae54f51411df92df5a6fc289776eb0da88,Busan,2026-07-28,2026-07-28T04:04:06+00:00,UNRECORDED,98.2,99.0,station path (audit only),91.0,MISSING,10,,,MISSING,UNTESTABLE_NO_CAUSAL_FORECAST_OR_BOOK,winner
0xf4427e509161e0e49cd5f20d91e11af6dab51dce85c12be7874276283c113b2d,Manila,2026-07-28,2026-07-27T21:32:30+00:00,UNRECORDED,92.8,93.6,station path (audit only),88.0,MISSING,0,,,MISSING,UNTESTABLE_NO_CAUSAL_FORECAST_OR_BOOK,winner
0x1294415548c6821530d5de9dc488f417c3a1c2023ddd41f72ae057ce19674871,Mexico City,2026-07-28,2026-07-28T06:42:06+00:00,UNRECORDED,78.4,79.2,station path (audit only),72.6,MISSING,0,,,MISSING,UNTESTABLE_NO_CAUSAL_FORECAST_OR_BOOK,winner
0x6c0078a32dd1847ead2b6850998c120c2f9e40c31925da78c3dd04a135ddd8b9,Miami,2026-07-28,2026-07-28T04:04:34+00:00,UNRECORDED,94.0,95.0,station path (audit only),87.9,MISSING,0,,,MISSING,UNTESTABLE_NO_CAUSAL_FORECAST_OR_BOOK,winner
0xa8f196e0c8530f1b95f17b7cf026cc24268c68a7a82c6c75976c46ed76278690,Moscow,2026-07-28,2026-07-28T09:34:28+00:00,UNRECORDED,85.6,,station path (audit only),81.0,MISSING,0,,,MISSING,UNTESTABLE_NO_CAUSAL_FORECAST_OR_BOOK,winner
0x76f00fccf5cee55426ea964ba057c4b118609bfde132378726a7463283c53faa,Tokyo,2026-07-28,2026-07-28T02:46:36+00:00,UNRECORDED,89.2,90.0,station path (audit only),82.1,MISSING,0,,,MISSING,UNTESTABLE_NO_CAUSAL_FORECAST_OR_BOOK,winner
0x92d0ac1abe0cd02a2ae99a56e637ae6d57698bb031bff4f10f8a8ac75551eb94,Tokyo,2026-07-28,2026-07-28T01:33:15+00:00,UNRECORDED,87.4,88.2,station path (audit only),82.1,MISSING,0,,,MISSING,UNTESTABLE_NO_CAUSAL_FORECAST_OR_BOOK,winner
0xf7f8baf87536ef4fa7772bf6eefd4d52ef2b8cce7814f9346186f811a888fe1e,Toronto,2026-07-28,2026-07-28T04:24:51+00:00,UNRECORDED,82.0,82.8,station path (audit only),75.7,MISSING,0,,,MISSING,UNTESTABLE_NO_CAUSAL_FORECAST_OR_BOOK,winner
0x811a92a437d8fcb2ae6fe28774209166829d12abd0a72fd800223b4ad504dbc8,Wellington,2026-07-28,2026-07-28T01:47:45+00:00,UNRECORDED,56.8,57.6,station path (audit only),51.4,MISSING,0,,,MISSING,UNTESTABLE_NO_CAUSAL_FORECAST_OR_BOOK,winner
0x3db6a4ef6d8006b5077b85acb132262317b8d565fbc8ffb8b09d158ac073115f,Busan,2026-07-29,2026-07-28T21:49:29+00:00,UNRECORDED,101.8,102.6,station path (audit only),94.1,MISSING,17,2026-07-29 16:00,,MISSING,UNTESTABLE_NO_CAUSAL_FORECAST_OR_BOOK,winner
0x39ad532ee7ff26c96202d7937374972e732f53a9b9a5a0dca667b7da62163c43,Busan,2026-07-29,2026-07-29T07:15:02+00:00,UNRECORDED,103.6,104.4,station path (audit only),94.1,MISSING,7,,,MISSING,UNTESTABLE_NO_CAUSAL_FORECAST_OR_BOOK,winner
0x6a2b9a7a3a70981569891af537cdd41d966bf37ddfa2265c41854152b8b9ac10,Busan,2026-07-29,2026-07-29T02:25:12+00:00,UNRECORDED,100.0,100.8,station path (audit only),94.1,MISSING,12,2026-07-29 15:00,2026-07-29 16:00,MISSING,UNTESTABLE_NO_CAUSAL_FORECAST_OR_BOOK,winner
0xb39660fafd87228c2bfec4cb6aa7725509d7623fae56090f071166b8b351b4fa,Jeddah,2026-07-29,2026-07-29T10:08:11+00:00,UNRECORDED,107.2,108.0,station path (audit only),101.2,MISSING,0,,,MISSING,UNTESTABLE_NO_CAUSAL_FORECAST_OR_BOOK,winner
0x14b1301cb343dfd0b1b8b92d940eb0599e563beac0e621539c5eb947c668d8c3,Kuala Lumpur,2026-07-29,2026-07-28T23:53:04+00:00,UNRECORDED,92.8,93.6,station path (audit only),87.8,MISSING,0,,,MISSING,UNTESTABLE_NO_CAUSAL_FORECAST_OR_BOOK,winner
0x87a8fbecbe6e0656bb57662a0ed6809ebe03fed689a973de5322bb0ee66be4e6,Moscow,2026-07-29,2026-07-28T21:40:46+00:00,UNRECORDED,67.6,68.4,station path (audit only),61.9,MISSING,72,,,MISSING,UNTESTABLE_NO_CAUSAL_FORECAST_OR_BOOK,loser
0x12943c16fe7bfc6f05299cb31d7c45dabcc521cda2111f5f893e02c7f1b15d46,Tokyo,2026-07-29,2026-07-28T21:16:44+00:00,UNRECORDED,96.4,97.2,station path (audit only),90.4,MISSING,35,,,MISSING,UNTESTABLE_NO_CAUSAL_FORECAST_OR_BOOK,loser
0x34d98e0a1b66d00c84e6befde14495364e2b1558976cacdef5cf511538b912a1,Busan,2026-07-30,2026-07-30T05:50:18+00:00,UNRECORDED,101.8,102.6,station path (audit only),96.1,MISSING,9,,,MISSING,UNTESTABLE_NO_CAUSAL_FORECAST_OR_BOOK,loser
0x38ef88264209775537bdd2ff7a0a9754b8dd3f7ad8dfd0a3e97d0f031b5fb664,Busan,2026-07-30,2026-07-29T22:15:56+00:00,UNRECORDED,103.6,104.4,station path (audit only),96.1,MISSING,16,,,MISSING,UNTESTABLE_NO_CAUSAL_FORECAST_OR_BOOK,winner
0x3aac18866dbdbc584d31b7ced8e1507a96507e346144b2267bdba017e146370f,Kuala Lumpur,2026-07-30,2026-07-30T03:15:15+00:00,UNRECORDED,92.8,93.6,station path (audit only),86.9,MISSING,0,,,MISSING,UNTESTABLE_NO_CAUSAL_FORECAST_OR_BOOK,winner
0x0097c3deb452dd545847233e4a4ce086dfecd796775654bb72de07a24d3915b9,Manila,2026-07-30,2026-07-30T04:58:33+00:00,UNRECORDED,92.8,93.6,station path (audit only),88.0,MISSING,0,,,MISSING,UNTESTABLE_NO_CAUSAL_FORECAST_OR_BOOK,winner
0xf62ffd6492fe144e1a3f42ddfe971d1749b2e6b7d245977d1902b7b7e29c2db2,Qingdao,2026-07-30,2026-07-29T23:30:26+00:00,UNRECORDED,98.2,,station path (audit only),92.9,MISSING,0,,,MISSING,UNTESTABLE_NO_CAUSAL_FORECAST_OR_BOOK,winner
0x90735b38483af8b9e816c1683b2002cabb6736e4ffa19f678e1b2ede841c5656,Tokyo,2026-07-30,2026-07-30T02:55:12+00:00,UNRECORDED,96.4,,station path (audit only),88.8,MISSING,0,,,MISSING,UNTESTABLE_NO_CAUSAL_FORECAST_OR_BOOK,winner
0xe2042e8f41b3a8e5c426d6cff392b785d766cbc305542932fa725e7b998fdfcd,Busan,2026-07-31,2026-07-31T02:18:09+00:00,UNRECORDED,103.6,104.4,station path (audit only),97.9,MISSING,0,,,MISSING,UNTESTABLE_NO_CAUSAL_FORECAST_OR_BOOK,winner
0x5aaeaaddbff37ababd213e30fcee89742a1348d2cb73e755b2755f33a288fe52,Busan,2026-07-31,2026-07-30T23:15:36+00:00,UNRECORDED,105.4,106.2,station path (audit only),97.9,MISSING,0,,,MISSING,UNTESTABLE_NO_CAUSAL_FORECAST_OR_BOOK,winner
0x09989c15896f329b6b56865d17a9702ee9d2e7ca5830a152e870516823a14907,Los Angeles,2026-07-31,2026-07-31T07:02:24+00:00,UNRECORDED,80.0,81.0,station path (audit only),75.3,MISSING,0,,,MISSING,UNTESTABLE_NO_CAUSAL_FORECAST_OR_BOOK,winner
0xa166e45ba6bcd84bf95890d9e0fdfb7d0e2c1c652f8dee627e487bef8180d883,Moscow,2026-07-31,2026-07-31T01:36:29+00:00,UNRECORDED,80.2,81.0,station path (audit only),75.7,MISSING,0,,,MISSING,UNTESTABLE_NO_CAUSAL_FORECAST_OR_BOOK,winner
0x63435cb097eb466052df65a1f8b220ee5ba38ecf3a9afb22eea3a4d7dde5300a,Qingdao,2026-07-31,2026-07-30T23:30:00+00:00,UNRECORDED,100.0,,station path (audit only),94.1,MISSING,0,,,MISSING,UNTESTABLE_NO_CAUSAL_FORECAST_OR_BOOK,winner
0xaebea7aa27335e357eddbaf8791829faaddd18d1cd485e449b5091b687c2b726,Tokyo,2026-07-31,2026-07-30T22:48:15+00:00,UNRECORDED,96.4,97.2,station path (audit only),91.9,MISSING,0,,,MISSING,UNTESTABLE_NO_CAUSAL_FORECAST_OR_BOOK,winner
0x2684da32dcac2ef1c1dd3d5d0c3cddb76e4418004f7adab9b16772c0063fae44,Tokyo,2026-07-31,2026-07-30T20:35:26+00:00,UNRECORDED,98.2,99.0,station path (audit only),91.9,MISSING,0,,,MISSING,UNTESTABLE_NO_CAUSAL_FORECAST_OR_BOOK,winner
0xb62136a02df70a65a317353bb845431db14cfdfe914d04582fb1a235fa9e2208,Wellington,2026-07-31,2026-07-30T22:52:02+00:00,UNRECORDED,60.4,61.2,station path (audit only),55.5,MISSING,0,,,MISSING,UNTESTABLE_NO_CAUSAL_FORECAST_OR_BOOK,winner
0x5c37f2c0a04145e21317028ff9a89860c61b908dafa1b77bab0638fee8a7485b,Busan,2026-08-01,2026-08-01T01:10:17+00:00,UNRECORDED,105.4,106.2,station path (audit only),100.2,MISSING,0,,,MISSING,UNTESTABLE_NO_CAUSAL_FORECAST_OR_BOOK,winner
0xdfe6f2aca7076402ba947f7a08627336047fe2d65a4f3a59c72d72daa61054fb,Busan,2026-08-01,2026-08-01T04:30:38+00:00,UNRECORDED,107.2,108.0,station path (audit only),100.2,MISSING,0,,,MISSING,UNTESTABLE_NO_CAUSAL_FORECAST_OR_BOOK,winner
0xf36da14fc44ca958adb867463e8ec1de4ee2ea4bffbd6270ba7ff91b67f2e511,Kuala Lumpur,2026-08-01,2026-08-01T03:48:33+00:00,UNRECORDED,94.6,,station path (audit only),87.0,MISSING,0,,,MISSING,UNTESTABLE_NO_CAUSAL_FORECAST_OR_BOOK,winner
0xaadb9d12a05de27d52c2cb6f53f254de2da3e44d7e7f2adc8c64419d55bf3ad2,Manila,2026-08-01,2026-07-31T20:00:11+00:00,UNRECORDED,94.6,95.4,station path (audit only),88.4,MISSING,0,,,MISSING,UNTESTABLE_NO_CAUSAL_FORECAST_OR_BOOK,winner
0x1097c81f1b600795ca4d4d7d1f222c7df11bf1bb4e99f127d2e2b7a6333adb96,Miami,2026-08-01,2026-08-01T04:18:14+00:00,UNRECORDED,96.0,97.0,station path (audit only),86.8,MISSING,30,,,MISSING,UNTESTABLE_NO_CAUSAL_FORECAST_OR_BOOK,loser
0xfc841993c49fc81543efe9a8b53470515b4ea5bbc809f6d614429901be93c61e,Seattle,2026-08-01,2026-08-01T07:06:20+00:00,UNRECORDED,74.0,75.0,station path (audit only),69.2,MISSING,0,,,MISSING,UNTESTABLE_NO_CAUSAL_FORECAST_OR_BOOK,winner
0xf4a8d0c4c4857fb3088d2f3948a7c99ee088b2d66288de552dfab717f9d60222,Tokyo,2026-08-01,2026-08-01T03:39:51+00:00,UNRECORDED,96.4,97.2,station path (audit only),89.1,MISSING,0,,,MISSING,UNTESTABLE_NO_CAUSAL_FORECAST_OR_BOOK,winner
0xd8f2c697a4d7e3e9b0438fb0e395747cc6b4d3c954fd5e7ec604e2b71e9b3f81,Tokyo,2026-08-01,2026-07-31T20:40:53+00:00,UNRECORDED,98.2,99.0,station path (audit only),89.1,MISSING,0,,,MISSING,UNTESTABLE_NO_CAUSAL_FORECAST_OR_BOOK,winner
0x0f97c6fc05d8961aa9c02e726ced05667ab172baac91d77eb09c210ccf76a97c,Kuala Lumpur,2026-08-02,2026-08-02T03:09:41+00:00,UNRECORDED,96.4,97.2,station path (audit only),89.3,MISSING,0,,,MISSING,UNTESTABLE_NO_CAUSAL_FORECAST_OR_BOOK,winner
0xbda90c8d2143077810062429c7737f00f349164d8b2ccbca5bc88f40819aba27,Kuala Lumpur,2026-08-02,2026-08-02T02:52:15+00:00,UNRECORDED,94.6,95.4,station path (audit only),89.3,MISSING,0,,,MISSING,UNTESTABLE_NO_CAUSAL_FORECAST_OR_BOOK,winner
0x47f2c25d4a30d44c64443deab1615f926f7a5088ba39d2c41fda3ba0a0a4e1fa,Manila,2026-08-02,2026-08-01T23:01:15+00:00,UNRECORDED,91.0,91.8,station path (audit only),84.7,MISSING,0,,,MISSING,UNTESTABLE_NO_CAUSAL_FORECAST_OR_BOOK,winner
0xe20b581fc1e990410104aefdbe85fff05c6a0df7778277aee7d2306c14cd6d7e,Manila,2026-08-02,2026-08-02T00:34:47+00:00,UNRECORDED,89.2,90.0,station path (audit only),84.7,MISSING,0,,,MISSING,UNTESTABLE_NO_CAUSAL_FORECAST_OR_BOOK,winner
0x6b4ec1c82189d286a6304132229f325172fb2877a74362deafdb189de9470426,Miami,2026-08-02,2026-08-02T04:17:17+00:00,UNRECORDED,94.0,95.0,station path (audit only),83.2,MISSING,0,,,MISSING,UNTESTABLE_NO_CAUSAL_FORECAST_OR_BOOK,winner
0x6d80b5a719f6b3250612e8f4e96fe881f7938fddcab49d7fd2a49f1d985e8612,Paris,2026-08-02,2026-08-02T09:47:06+00:00,UNRECORDED,94.6,95.4,station path (audit only),89.2,MISSING,0,,,MISSING,UNTESTABLE_NO_CAUSAL_FORECAST_OR_BOOK,winner
0x7982f627e0edff4f41f7395d0c6e3b5d7354631f5b6297ec0f3960169538d364,Tokyo,2026-08-02,2026-08-02T02:41:30+00:00,UNRECORDED,96.4,97.2,station path (audit only),88.9,MISSING,0,,,MISSING,UNTESTABLE_NO_CAUSAL_FORECAST_OR_BOOK,winner
0xa69aee1d29e282dace452ffa2d48ffd639f94626b041debe60de761885b8875c,Tokyo,2026-08-02,2026-08-01T20:53:39+00:00,UNRECORDED,98.2,99.0,station path (audit only),88.9,MISSING,0,,,MISSING,UNTESTABLE_NO_CAUSAL_FORECAST_OR_BOOK,winner
0xf4b3b0b630d980c5e2617327a8c7e6d8af26f751fdc4a8b6c47795758eec1110,Tokyo,2026-08-02,2026-08-02T03:38:59+00:00,UNRECORDED,94.6,95.4,station path (audit only),88.9,MISSING,0,,,MISSING,UNTESTABLE_NO_CAUSAL_FORECAST_OR_BOOK,winner
0x0a201a3907674754d448585ef743dba091394db271c7ead7bd91c03903621ba7,Toronto,2026-08-02,2026-08-02T04:01:39+00:00,UNRECORDED,78.4,79.2,station path (audit only),73.4,MISSING,0,,,MISSING,UNTESTABLE_NO_CAUSAL_FORECAST_OR_BOOK,winner
0x71a8219cd66a220f8e4bd3b3d91cf626e17779e2104c1a2ae9b8c76898f6aac9,Busan,2026-08-03,2026-08-03T01:43:06+00:00,UNRECORDED,101.8,102.6,station path (audit only),94.6,MISSING,0,,,MISSING,UNTESTABLE_NO_CAUSAL_FORECAST_OR_BOOK,winner
0x34dd6b4ec62ae03787e16afa042f0ec73519af78d7de04e2d922b9769286c426,Busan,2026-08-03,2026-08-02T23:52:11+00:00,UNRECORDED,100.0,100.8,station path (audit only),94.6,MISSING,0,,,MISSING,UNTESTABLE_NO_CAUSAL_FORECAST_OR_BOOK,winner
0xe9d4c1f852a10ad5aa9abf6795ffba94887f8ea848cdcb2885dbae599c0dd8ad,Kuala Lumpur,2026-08-03,2026-08-03T02:13:53+00:00,UNRECORDED,94.6,95.4,station path (audit only),89.0,MISSING,0,,,MISSING,UNTESTABLE_NO_CAUSAL_FORECAST_OR_BOOK,winner
0x0bc3079796ab00f1613c0e1b0975a69c7b3e3f0d3af75ae4044cbbea335deab5,Miami,2026-08-03,2026-08-03T04:01:30+00:00,UNRECORDED,94.0,95.0,station path (audit only),89.0,MISSING,0,,,MISSING,UNTESTABLE_NO_CAUSAL_FORECAST_OR_BOOK,winner
0xf8ebd847e588a84f1190fc13f8e4cbb11de6297fe74e9239232c55bb901f705e,Shanghai,2026-08-03,2026-08-02T22:10:18+00:00,UNRECORDED,96.4,97.2,station path (audit only),91.6,MISSING,0,,,MISSING,UNTESTABLE_NO_CAUSAL_FORECAST_OR_BOOK,winner
0x4926ce6248c668f65c384bc5abae490692f72d5df3e9c21c6641b99912f3bf7e,Tokyo,2026-08-03,2026-08-02T21:15:06+00:00,UNRECORDED,83.8,84.6,station path (audit only),78.5,MISSING,0,,,MISSING,UNTESTABLE_NO_CAUSAL_FORECAST_OR_BOOK,winner
0x0b8f2288a708733a9c9332244f9340c2af84e05c26f2095cac80f234a354a349,Busan,2026-08-04,2026-08-04T02:17:36+00:00,UNRECORDED,94.6,95.4,station path (audit only),89.6,MISSING,12,2026-08-04 12:00,,MISSING,UNTESTABLE_NO_CAUSAL_FORECAST_OR_BOOK,loser
0x8054e841015889c4f8a718bba2204c25fae398b459b5edf49c19865da98fbb0e,Busan,2026-08-04,2026-08-04T03:59:45+00:00,UNRECORDED,96.4,97.2,station path (audit only),89.6,MISSING,11,,,MISSING,UNTESTABLE_NO_CAUSAL_FORECAST_OR_BOOK,winner
0xc26869372396b311e9ab392bd55f711919b6c1b14920dc12ef86711232c5b3ab,Busan,2026-08-04,2026-08-03T23:32:26+00:00,UNRECORDED,98.2,99.0,station path (audit only),89.6,MISSING,15,,,MISSING,UNTESTABLE_NO_CAUSAL_FORECAST_OR_BOOK,winner
0x539923c41617979af2e4dadb9ab644ec6bbb6703164384af86a345e162e705cf,Istanbul,2026-08-04,2026-08-04T11:51:26+00:00,UNRECORDED,91.0,91.8,station path (audit only),83.7,MISSING,0,,,MISSING,UNTESTABLE_NO_CAUSAL_FORECAST_OR_BOOK,winner
0x45c5e8314fd5dc25ca0001c9a451e5e1d064b13e2a388238f070bafd94b55e72,Istanbul,2026-08-04,2026-08-04T11:51:24+00:00,UNRECORDED,89.2,90.0,station path (audit only),83.7,MISSING,0,,,MISSING,UNTESTABLE_NO_CAUSAL_FORECAST_OR_BOOK,winner
0xb6519c6274057ac60794d7ad06030ec6e5b83af9f9f383a6c60398bfda965c3a,Kuala Lumpur,2026-08-04,2026-08-03T20:31:44+00:00,UNRECORDED,94.6,95.4,station path (audit only),90.0,MISSING,0,,,MISSING,UNTESTABLE_NO_CAUSAL_FORECAST_OR_BOOK,winner
0x3af87213f017e63dbaf92695682cf514917fac1726901602c1d56f8af4bc7ea2,Manila,2026-08-04,2026-08-03T21:24:06+00:00,UNRECORDED,87.4,88.2,station path (audit only),81.7,MISSING,0,,,MISSING,UNTESTABLE_NO_CAUSAL_FORECAST_OR_BOOK,winner
0xb2d84ff23433cb56ac06d85899d8740052bd74824f2097f8b5280742fdc85955,Miami,2026-08-04,2026-08-04T09:33:20+00:00,UNRECORDED,92.0,93.0,station path (audit only),86.5,MISSING,0,,,MISSING,UNTESTABLE_NO_CAUSAL_FORECAST_OR_BOOK,winner
0x889f148390e5de67e897f27b1edcb470a5dae897141e7b8686d2a1cf0b5e2cde,Tokyo,2026-08-04,2026-08-03T20:21:38+00:00,UNRECORDED,87.4,88.2,station path (audit only),80.7,MISSING,0,,,MISSING,UNTESTABLE_NO_CAUSAL_FORECAST_OR_BOOK,winner
0xdb93be6347d5d1fdbf3440a58f2fba41862a16f3f552984f25ff09d8a4dafc20,Tokyo,2026-08-04,2026-08-04T04:37:54+00:00,UNRECORDED,85.6,86.4,station path (audit only),80.7,MISSING,0,,,MISSING,UNTESTABLE_NO_CAUSAL_FORECAST_OR_BOOK,winner
0x322982e4184febe6a778f931f732d2cb4651d1aa9a0e745d7a7d2c16fd5eb6d0,Busan,2026-08-05,2026-08-05T02:26:15+00:00,UNRECORDED,98.2,99.0,station path (audit only),88.7,MISSING,0,,,MISSING,UNTESTABLE_NO_CAUSAL_FORECAST_OR_BOOK,winner
0x9cdbb09620ad4112eede6f2f6e10046100347b3857dc9cfa29dc06c4c2b73b5e,Busan,2026-08-05,2026-08-04T20:06:33+00:00,UNRECORDED,96.4,97.2,station path (audit only),88.7,MISSING,0,,,MISSING,UNTESTABLE_NO_CAUSAL_FORECAST_OR_BOOK,winner
0xfe47776993b997a8c79e62d2971c8096f50e87c923f8299371fda0a18e974337,Kuala Lumpur,2026-08-05,2026-08-05T06:38:17+00:00,UNRECORDED,92.8,93.6,station path (audit only),88.3,MISSING,0,,,MISSING,UNTESTABLE_NO_CAUSAL_FORECAST_OR_BOOK,winner
0x83696744ebf9021bb480ccc779c5da6baa44ce56f320d0efed91cdb2beeca326,Kuala Lumpur,2026-08-05,2026-08-04T20:12:23+00:00,UNRECORDED,94.6,95.4,station path (audit only),88.3,MISSING,0,,,MISSING,UNTESTABLE_NO_CAUSAL_FORECAST_OR_BOOK,winner
0x2f1c5366d04bd5e18571ee24301643fd03cecd344a326176bc9e45087bb7ad28,Manila,2026-08-05,2026-08-04T21:13:26+00:00,UNRECORDED,87.4,88.2,station path (audit only),82.6,MISSING,0,,,MISSING,UNTESTABLE_NO_CAUSAL_FORECAST_OR_BOOK,winner
0x0419fbd096a88d64f80be71876d005a0e627314b8e822b3a011fb47528ad00e6,Tokyo,2026-08-05,2026-08-05T00:37:08+00:00,UNRECORDED,89.2,90.0,station path (audit only),82.4,MISSING,28,,,MISSING,UNTESTABLE_NO_CAUSAL_FORECAST_OR_BOOK,winner
0xbcb138050d5e60c0d926dc797111fd96667499f451b762f43c38d392c46a918d,Tokyo,2026-08-05,2026-08-05T06:17:14+00:00,UNRECORDED,87.4,88.2,station path (audit only),82.4,MISSING,17,,,MISSING,UNTESTABLE_NO_CAUSAL_FORECAST_OR_BOOK,winner
0x9e14af6838a910e740a8fa84a932870a6ff9ef7e4ce62721d5e7503b494dde59,Busan,2026-08-06,2026-08-06T03:47:36+00:00,UNRECORDED,100.0,100.8,station path (audit only),90.5,MISSING,0,,,MISSING,UNTESTABLE_NO_CAUSAL_FORECAST_OR_BOOK,winner
0xd31626434ebb2d7744c49f83d3fb795360a6961ffe09b06ab838148d6665fc03,Busan,2026-08-06,2026-08-06T03:47:27+00:00,UNRECORDED,98.2,99.0,station path (audit only),90.5,MISSING,0,,,MISSING,UNTESTABLE_NO_CAUSAL_FORECAST_OR_BOOK,winner
0x18b66c7053ee20d733097821b72fcb5806fd66f7a7b7a04b7b083811adf755fa,Kuala Lumpur,2026-08-06,2026-08-05T23:15:44+00:00,UNRECORDED,94.6,95.4,station path (audit only),89.4,MISSING,0,,,MISSING,UNTESTABLE_NO_CAUSAL_FORECAST_OR_BOOK,winner
0xa9aaf2b0f5f686339dbbd7005fc20996050026ff1a6baa85964b7c2d96d72252,London,2026-08-06,2026-08-05T23:55:44+00:00,UNRECORDED,76.6,77.4,station path (audit only),70.3,MISSING,0,,,MISSING,UNTESTABLE_NO_CAUSAL_FORECAST_OR_BOOK,winner
0xfafad9d85494eba670248141fab577eefcdecc219f189cce535a492ecd111d51,London,2026-08-06,2026-08-06T11:23:27+00:00,UNRECORDED,74.8,75.6,station path (audit only),70.3,MISSING,0,,,MISSING,UNTESTABLE_NO_CAUSAL_FORECAST_OR_BOOK,winner
0x9db11fe2566fa725645ab1c51f2d950b3a0eea8a092b1e4af7bfd8166b5f7c98,Tokyo,2026-08-06,2026-08-05T21:37:30+00:00,UNRECORDED,92.8,93.6,station path (audit only),87.8,MISSING,0,,,MISSING,UNTESTABLE_NO_CAUSAL_FORECAST_OR_BOOK,winner
0x5258ecf7256afdc1e232e989b6dfc504572cd8e5faa0d6c1d505b86329747f2b,Austin,2026-08-07,2026-08-07T05:15:34+00:00,UNRECORDED,102.0,103.0,station path (audit only),97.4,MISSING,0,,,MISSING,UNTESTABLE_NO_CAUSAL_FORECAST_OR_BOOK,winner
0xd3bf6033ffb2e8c8d5066675869f843af50ac217af5bf2aae24fbb4c431c8b4d,Busan,2026-08-07,2026-08-07T04:46:18+00:00,UNRECORDED,101.8,102.6,station path (audit only),92.6,MISSING,0,,,MISSING,UNTESTABLE_NO_CAUSAL_FORECAST_OR_BOOK,winner
0x2e36c71a0b5bf292de4318f6ec54c8c06e4fa9763dbece017c8b2ff5c1cc2989,Busan,2026-08-07,2026-08-06T21:07:59+00:00,UNRECORDED,100.0,100.8,station path (audit only),92.6,MISSING,0,,,MISSING,UNTESTABLE_NO_CAUSAL_FORECAST_OR_BOOK,winner
0xa322b85802747ea50cc25381ed792c0f0f4e467ad58f4c020e8937a10051e176,Kuala Lumpur,2026-08-07,2026-08-07T03:50:00+00:00,UNRECORDED,96.4,97.2,station path (audit only),91.0,MISSING,0,,,MISSING,UNTESTABLE_NO_CAUSAL_FORECAST_OR_BOOK,winner
0x98e6f193c52cdbaa6dc4d139ad1a70bd2b47dfa3bb6a57d066703b1371e33e29,Mexico City,2026-08-07,2026-08-07T06:15:16+00:00,UNRECORDED,78.4,79.2,station path (audit only),73.8,MISSING,0,,,MISSING,UNTESTABLE_NO_CAUSAL_FORECAST_OR_BOOK,winner
0x5cf05a9aec70d63c22c599a01712c6abb095064f19ae4491458d30cdd19f2291,Miami,2026-08-07,2026-08-07T06:32:25+00:00,UNRECORDED,92.0,93.0,station path (audit only),85.3,MISSING,0,,,MISSING,UNTESTABLE_NO_CAUSAL_FORECAST_OR_BOOK,winner
0x89dae2ebb3ace20bb893266b14b03f31b01fcef47a347a3e60a392db8a2ede5b,Tokyo,2026-08-07,2026-08-06T20:44:23+00:00,UNRECORDED,92.8,93.6,station path (audit only),87.9,MISSING,0,,,MISSING,UNTESTABLE_NO_CAUSAL_FORECAST_OR_BOOK,winner
0xcc03af995f6bd083d5ef22a6a676fcd06dad77fe934fb162404eaf3d4e5b54b7,Tokyo,2026-08-07,2026-08-07T00:53:35+00:00,UNRECORDED,94.6,95.4,station path (audit only),87.9,MISSING,0,,,MISSING,UNTESTABLE_NO_CAUSAL_FORECAST_OR_BOOK,winner
0x6a64558499589020b283ad41180c0d4e8232ba10a1b5a46e39c00ec416b91ea1,Tokyo,2026-08-07,2026-08-07T03:53:00+00:00,UNRECORDED,96.4,97.2,station path (audit only),87.9,MISSING,0,,,MISSING,UNTESTABLE_NO_CAUSAL_FORECAST_OR_BOOK,winner
0xd36741eeec7a5b98a1b87399655ce2d7110aaf6f7cd61f05572caebf4b40b6c9,Busan,2026-08-08,2026-08-08T01:20:16+00:00,UNRECORDED,98.2,99.0,station path (audit only),93.6,MISSING,0,,,MISSING,UNTESTABLE_NO_CAUSAL_FORECAST_OR_BOOK,winner
0xfce92bbe018ed9616741dd57328114c040fbb98d38b78af561684571472ee02e,Mexico City,2026-08-08,2026-08-08T10:11:34+00:00,UNRECORDED,78.4,79.2,station path (audit only),72.1,MISSING,0,,,MISSING,UNTESTABLE_NO_CAUSAL_FORECAST_OR_BOOK,winner
0xa8f491c1c418088674081a3e29abf053a0b976dadaac1fd0015cc29a4ccf1e81,Tokyo,2026-08-08,2026-08-07T23:25:10+00:00,UNRECORDED,94.6,95.4,station path (audit only),88.9,MISSING,0,,,MISSING,UNTESTABLE_NO_CAUSAL_FORECAST_OR_BOOK,winner
0x7b7bb1b20e719e02ed47cf9101e6cf6f48ce3d6561756b0fe80437ae2372c087,Tokyo,2026-08-08,2026-08-08T03:21:27+00:00,UNRECORDED,96.4,97.2,station path (audit only),88.9,MISSING,0,,,MISSING,UNTESTABLE_NO_CAUSAL_FORECAST_OR_BOOK,winner
0x6cc317301bc0ba94f442763bdf90f8554fc7e601fdea4c2f04853372e8f981d6,Busan,2026-08-09,2026-08-08T23:38:31+00:00,UNRECORDED,91.0,91.8,station path (audit only),85.1,MISSING,0,,,MISSING,UNTESTABLE_NO_CAUSAL_FORECAST_OR_BOOK,winner
0xd7faca7335d25828f435d55e3742a42fb708a5fd14318a0fa627aa0ef145c08f,Istanbul,2026-08-09,2026-08-08T22:51:22+00:00,UNRECORDED,85.6,86.4,station path (audit only),79.7,MISSING,0,,,MISSING,UNTESTABLE_NO_CAUSAL_FORECAST_OR_BOOK,winner
0x608d9320d37a4a8d6ca9eeccd78dbea714389f87457315218e6c9c0f651dbeda,Manila,2026-08-09,2026-08-09T06:04:57+00:00,UNRECORDED,89.2,90.0,station path (audit only),81.9,MISSING,0,,,MISSING,UNTESTABLE_NO_CAUSAL_FORECAST_OR_BOOK,winner
0x8b70404126b4c1b17a03b0c7872bfea09a4e514c33efaa922147ba283794b622,Manila,2026-08-09,2026-08-09T04:58:58+00:00,UNRECORDED,87.4,88.2,station path (audit only),81.9,MISSING,0,,,MISSING,UNTESTABLE_NO_CAUSAL_FORECAST_OR_BOOK,winner
0x4a8f28ede85ee2a8b5751b6b44a56520946692d9597985e840e408fb015398ba,Mexico City,2026-08-09,2026-08-09T08:35:30+00:00,UNRECORDED,76.6,77.4,station path (audit only),70.9,MISSING,0,,,MISSING,UNTESTABLE_NO_CAUSAL_FORECAST_OR_BOOK,winner
0x7c2e5bb1ee037462072a9a152907fcb2b111f46cad94b00c12789b700b3c033d,Paris,2026-08-09,2026-08-08T22:06:31+00:00,UNRECORDED,94.6,95.4,station path (audit only),88.7,MISSING,0,,,MISSING,UNTESTABLE_NO_CAUSAL_FORECAST_OR_BOOK,winner
0x91f3f7db4fbb109b68ca18faf36b23511f29358dd7636ec8bda75378ba6de704,Tokyo,2026-08-09,2026-08-08T20:35:57+00:00,UNRECORDED,92.8,93.6,station path (audit only),87.6,MISSING,0,,,MISSING,UNTESTABLE_NO_CAUSAL_FORECAST_OR_BOOK,winner
0x2710df8376f5bc2737390844ab9b9a48f91e989551dd91d7bec8c966fe16b030,Busan,2026-08-10,2026-08-10T02:50:07+00:00,UNRECORDED,91.0,91.8,station path (audit only),83.4,MISSING,0,,,MISSING,UNTESTABLE_NO_CAUSAL_FORECAST_OR_BOOK,winner
0x81d356bde4d87b7692d928e1a5df371a5645ba41ffdb5f3a8458539084003cf6,Busan,2026-08-10,2026-08-09T20:03:37+00:00,UNRECORDED,89.2,90.0,station path (audit only),83.4,MISSING,0,,,MISSING,UNTESTABLE_NO_CAUSAL_FORECAST_OR_BOOK,winner
0xf9839c086efaef940438e188532ac0c25022471aa247e37442b531fa1afd2f05,Chicago,2026-08-10,2026-08-10T07:27:48+00:00,UNRECORDED,88.0,89.0,station path (audit only),82.1,MISSING,0,,,MISSING,UNTESTABLE_NO_CAUSAL_FORECAST_OR_BOOK,winner
0xfac330854df83291b8bb92bec30db86cb15aa050b806110669a38d820f51440e,Kuala Lumpur,2026-08-10,2026-08-09T21:45:18+00:00,UNRECORDED,94.6,95.4,station path (audit only),88.2,MISSING,0,,,MISSING,UNTESTABLE_NO_CAUSAL_FORECAST_OR_BOOK,winner
0x360c85b7b61be08631d436f3eaefe3063fb59daf85868a7b1c557490e2b2c8eb,Manila,2026-08-10,2026-08-10T02:13:55+00:00,UNRECORDED,91.0,91.8,station path (audit only),83.0,MISSING,0,,,MISSING,UNTESTABLE_NO_CAUSAL_FORECAST_OR_BOOK,winner
0x0b9890f277d7293f843eb6796635899fc3badd506f21c6e461ff7ed33dd2dfa5,Manila,2026-08-10,2026-08-10T02:06:09+00:00,UNRECORDED,89.2,90.0,station path (audit only),83.0,MISSING,0,,,MISSING,UNTESTABLE_NO_CAUSAL_FORECAST_OR_BOOK,winner
0xf485efab84687683651fa789437e050d36ccd9fade9a165d0adcaa16f8c6bb3c,Mexico City,2026-08-10,2026-08-10T08:36:57+00:00,UNRECORDED,78.4,79.2,station path (audit only),71.9,MISSING,0,,,MISSING,UNTESTABLE_NO_CAUSAL_FORECAST_OR_BOOK,winner
0x5b5f356bc80ab02cad34798d6bfd9b37084d8d13fa18f86d3bafad149a417efe,Mexico City,2026-08-10,2026-08-10T08:51:31+00:00,UNRECORDED,76.6,77.4,station path (audit only),71.9,MISSING,0,,,MISSING,UNTESTABLE_NO_CAUSAL_FORECAST_OR_BOOK,winner
0x27b16dafd3e26cd6ac57eb9fc810ab920228e0f9fe4a1e7864be1f8a0ba4990d,Tokyo,2026-08-10,2026-08-10T02:08:49+00:00,UNRECORDED,89.2,90.0,station path (audit only),84.6,MISSING,0,,,MISSING,UNTESTABLE_NO_CAUSAL_FORECAST_OR_BOOK,winner
0x480f92baa280685230255d7517c1094a9624177bfdb02d118b6cc619e73660c6,Tokyo,2026-08-10,2026-08-10T01:25:27+00:00,UNRECORDED,91.0,91.8,station path (audit only),84.6,MISSING,0,,,MISSING,UNTESTABLE_NO_CAUSAL_FORECAST_OR_BOOK,winner
0x2044f88a21b1908f2cf03c1491ce155224ea5259c7419da166b6ea5edf8aeb17,Busan,2026-08-11,2026-08-10T21:45:42+00:00,UNRECORDED,89.2,90.0,station path (audit only),84.2,MISSING,0,,,MISSING,UNTESTABLE_NO_CAUSAL_FORECAST_OR_BOOK,winner
0x266dd096907bf80be23bfb85d0bf638b27bbca869dfdbe56acf9194a705d1485,Chicago,2026-08-11,2026-08-11T05:47:15+00:00,UNRECORDED,84.0,85.0,station path (audit only),76.6,MISSING,0,,,MISSING,UNTESTABLE_NO_CAUSAL_FORECAST_OR_BOOK,winner
0xef5d68601fc53e6ce9ff25d91c0c09f602c985a1897274d18dc9af4699bd69b1,Jeddah,2026-08-11,2026-08-11T07:00:54+00:00,UNRECORDED,107.2,108.0,station path (audit only),102.0,MISSING,0,,,MISSING,UNTESTABLE_NO_CAUSAL_FORECAST_OR_BOOK,winner
0x8093c8ff9f6e810ec33a9181d8136841d9d1ca60c5d6f0a8f9f77811aff3d4d7,Manila,2026-08-11,2026-08-11T00:10:55+00:00,UNRECORDED,91.0,91.8,station path (audit only),85.8,MISSING,0,,,MISSING,UNTESTABLE_NO_CAUSAL_FORECAST_OR_BOOK,winner
0xff1ff44a9ef576a665623e3ab0a7315fb8a8ecb3b3f704c99d3cd10f25ebe492,Tokyo,2026-08-11,2026-08-11T02:28:01+00:00,UNRECORDED,83.8,84.6,station path (audit only),77.9,MISSING,25,,2026-08-11 11:30,MISSING,UNTESTABLE_NO_CAUSAL_FORECAST_OR_BOOK,winner
0x8d8d963015e7ff55b5cd5b75a937cfa147d751fb4ce6adc47032ae743878e8c1,Tokyo,2026-08-11,2026-08-10T21:19:54+00:00,UNRECORDED,85.6,86.4,station path (audit only),77.9,MISSING,35,,2026-08-11 11:30,MISSING,UNTESTABLE_NO_CAUSAL_FORECAST_OR_BOOK,winner
0x2f195158f20e4586ee74bf03756be8170e9482a215dea4d6818002ca403e7131,Tokyo,2026-08-11,2026-08-11T02:33:16+00:00,UNRECORDED,89.2,90.0,station path (audit only),77.9,MISSING,24,2026-08-11 13:30,,MISSING,UNTESTABLE_NO_CAUSAL_FORECAST_OR_BOOK,winner
0x34c789f0a03e1610f0b4014d1626814891c2ad558d671c026e68a5f6b08d46f4,Tokyo,2026-08-11,2026-08-11T02:43:40+00:00,UNRECORDED,91.0,,station path (audit only),77.9,MISSING,24,,,MISSING,UNTESTABLE_NO_CAUSAL_FORECAST_OR_BOOK,winner
0x21142119db8b7143e6940fe36844da4a1705befc20bec2eb287b7656fa3f08b9,Tokyo,2026-08-11,2026-08-11T01:33:39+00:00,UNRECORDED,87.4,88.2,station path (audit only),77.9,MISSING,26,2026-08-11 11:30,2026-08-11 13:30,MISSING,UNTESTABLE_NO_CAUSAL_FORECAST_OR_BOOK,winner
0xdb3a6ca624cd98113a55981843500c15c77563b2a50d14f09c9c55453e1dfcea,Busan,2026-08-12,2026-08-12T00:36:49+00:00,UNRECORDED,91.0,91.8,station path (audit only),84.1,MISSING,0,,,MISSING,UNTESTABLE_NO_CAUSAL_FORECAST_OR_BOOK,winner
0xc1c54d00cd7aa4d3969e93372d1c3a7a8f19164fe9f627ed836f656e4cd5b394,Busan,2026-08-12,2026-08-12T04:57:52+00:00,UNRECORDED,89.2,90.0,station path (audit only),84.1,MISSING,0,,,MISSING,UNTESTABLE_NO_CAUSAL_FORECAST_OR_BOOK,winner
0x628ff36df43c697d24eee896143e378274dfcc9e487b9917ecb5d3ef2c81424e,Kuala Lumpur,2026-08-12,2026-08-12T06:34:34+00:00,UNRECORDED,94.6,95.4,station path (audit only),89.7,MISSING,0,,,MISSING,UNTESTABLE_NO_CAUSAL_FORECAST_OR_BOOK,winner
0xf6dd93853fb54183e6352fcf966e28084f3b094c3149cf7b12e6cb8a4f5d62f3,Mexico City,2026-08-12,2026-08-12T06:11:09+00:00,UNRECORDED,80.2,81.0,station path (audit only),74.2,MISSING,0,,,MISSING,UNTESTABLE_NO_CAUSAL_FORECAST_OR_BOOK,winner
0xce8713b65d0119f4d236e64c3d825180b3c354d8bbe6fe429b9417cf3645ad47,Tokyo,2026-08-12,2026-08-12T04:32:21+00:00,UNRECORDED,87.4,88.2,station path (audit only),78.6,MISSING,0,,,MISSING,UNTESTABLE_NO_CAUSAL_FORECAST_OR_BOOK,winner
0xd4e706be7ff445dd5448c1e390378a9a25dda35c81f101706a2b171754b0d078,Tokyo,2026-08-12,2026-08-11T20:40:37+00:00,UNRECORDED,83.8,84.6,station path (audit only),78.6,MISSING,0,,,MISSING,UNTESTABLE_NO_CAUSAL_FORECAST_OR_BOOK,winner
0x8cc6695f85bbad4d3cf550b6812573f542d1c7311ad49333e7db8ffe560ed977,Tokyo,2026-08-12,2026-08-12T02:11:18+00:00,UNRECORDED,85.6,86.4,station path (audit only),78.6,MISSING,0,,,MISSING,UNTESTABLE_NO_CAUSAL_FORECAST_OR_BOOK,winner
0x8d7be0512d89a6094e2832362eb7a5051ade51d76fe4408831adaf32920acc66,Austin,2026-08-13,2026-08-13T08:46:34+00:00,UNRECORDED,104.0,105.0,station path (audit only),99.5,MISSING,0,,,MISSING,UNTESTABLE_NO_CAUSAL_FORECAST_OR_BOOK,winner
0x9375a1069cf3858fecb88b483ad561436da995997a820eb953272cad1152a2bf,Busan,2026-08-13,2026-08-12T20:00:30+00:00,UNRECORDED,92.8,93.6,station path (audit only),85.9,MISSING,0,,,MISSING,UNTESTABLE_NO_CAUSAL_FORECAST_OR_BOOK,winner
0xe1f9efab7988fa96dcfe7f126bcfa97a47db3b1a91a6434b018acb2da9a5d59f,Busan,2026-08-13,2026-08-13T04:56:13+00:00,UNRECORDED,91.0,91.8,station path (audit only),85.9,MISSING,0,,,MISSING,UNTESTABLE_NO_CAUSAL_FORECAST_OR_BOOK,winner
0x9933cb694fb4a0d002eb799873b07db9a575c3b89cfd2abd80a9137cbede9385,Mexico City,2026-08-13,2026-08-13T06:03:04+00:00,UNRECORDED,80.2,81.0,station path (audit only),74.7,MISSING,0,,,MISSING,UNTESTABLE_NO_CAUSAL_FORECAST_OR_BOOK,winner
0xf6fb66154d9d63479cbdf172f5b9e118f309192b2469181ae449dad4a8d906fd,Tokyo,2026-08-13,2026-08-13T01:45:42+00:00,UNRECORDED,87.4,88.2,station path (audit only),82.0,MISSING,0,,,MISSING,UNTESTABLE_NO_CAUSAL_FORECAST_OR_BOOK,winner
0x11a78d394a9950fd2f24410f7c21fe68ef231d41eb7cd19625db2787ad74c985,Busan,2026-08-14,2026-08-13T20:15:25+00:00,UNRECORDED,91.0,91.8,station path (audit only),84.4,MISSING,0,,,MISSING,UNTESTABLE_NO_CAUSAL_FORECAST_OR_BOOK,winner
0x5fcfc2ea258ad253fe303c263272b790aa539362cfcbc2eb7946f277208c4491,Busan,2026-08-14,2026-08-14T00:34:49+00:00,UNRECORDED,92.8,93.6,station path (audit only),84.4,MISSING,0,,,MISSING,UNTESTABLE_NO_CAUSAL_FORECAST_OR_BOOK,winner
0x90b013697e0090b344f21600134e3c9fef2c9485a5ad8d6b8b28715bb408f0d7,Chicago,2026-08-14,2026-08-14T05:02:51+00:00,UNRECORDED,82.0,83.0,station path (audit only),77.4,MISSING,0,,,MISSING,UNTESTABLE_NO_CAUSAL_FORECAST_OR_BOOK,winner
0x1084be599322f612beef658a66e70c17d5aa10777047f7e3fbf60ded70c915af,Istanbul,2026-08-14,2026-08-14T08:51:24+00:00,UNRECORDED,83.8,84.6,station path (audit only),78.9,MISSING,0,,,MISSING,UNTESTABLE_NO_CAUSAL_FORECAST_OR_BOOK,winner
0x011495ab27d14e85408035a410065eb6368d70717e51505fa880aa33a1a8dce2,Kuala Lumpur,2026-08-14,2026-08-14T04:39:18+00:00,UNRECORDED,94.6,95.4,station path (audit only),88.2,MISSING,0,,,MISSING,UNTESTABLE_NO_CAUSAL_FORECAST_OR_BOOK,winner
0x590dd3751596b951ba61996c4a684093af3c8e080a1d79f8e161f2a695e77fb4,Kuala Lumpur,2026-08-14,2026-08-13T20:43:16+00:00,UNRECORDED,92.8,93.6,station path (audit only),88.2,MISSING,0,,,MISSING,UNTESTABLE_NO_CAUSAL_FORECAST_OR_BOOK,winner
0x7e9e2c63d714044e96ccc7fc5ba2fa249b1af6c9d665965e60fb5c673710937f,Manila,2026-08-14,2026-08-14T01:46:13+00:00,UNRECORDED,91.0,91.8,station path (audit only),84.6,MISSING,0,,,MISSING,UNTESTABLE_NO_CAUSAL_FORECAST_OR_BOOK,winner
0xcba87e4b9317b81dc064746b1dd80d57219f7ffebc843d781b9242d13c29383d,Manila,2026-08-14,2026-08-14T01:26:13+00:00,UNRECORDED,89.2,90.0,station path (audit only),84.6,MISSING,0,,,MISSING,UNTESTABLE_NO_CAUSAL_FORECAST_OR_BOOK,winner
0xa2dd026f42bbc07ade387b0d1f88dccc859d6ef870295d4c0e4d9c57c4b40c56,Tokyo,2026-08-14,2026-08-14T03:28:00+00:00,UNRECORDED,87.4,88.2,station path (audit only),78.7,MISSING,0,,,MISSING,UNTESTABLE_NO_CAUSAL_FORECAST_OR_BOOK,winner
0x666a051315f1a9dd8c3189d94109bbf1d6d07ee92f9a02e548cb595eac43ad06,Tokyo,2026-08-14,2026-08-13T20:15:33+00:00,UNRECORDED,83.8,84.6,station path (audit only),78.7,MISSING,0,,,MISSING,UNTESTABLE_NO_CAUSAL_FORECAST_OR_BOOK,winner
0x24f543e12b8147cae8dbb79ec0b18c5acf098be72ad03317331f94551255d14c,Tokyo,2026-08-14,2026-08-14T04:03:07+00:00,UNRECORDED,89.2,,station path (audit only),78.7,MISSING,0,,,MISSING,UNTESTABLE_NO_CAUSAL_FORECAST_OR_BOOK,winner
0x090ca182ee2cce3d4f44b33b2792e3a21d7c1447f234a243e4357ff6529dda14,Tokyo,2026-08-14,2026-08-14T01:29:13+00:00,UNRECORDED,85.6,86.4,station path (audit only),78.7,MISSING,0,,,MISSING,UNTESTABLE_NO_CAUSAL_FORECAST_OR_BOOK,winner
0x1bf4d48227287cff6e0efc22e4cd0db3900cb60ba962c65a13b5678d6f003d33,Wellington,2026-08-14,2026-08-13T20:28:51+00:00,UNRECORDED,60.4,61.2,station path (audit only),55.0,MISSING,0,,,MISSING,UNTESTABLE_NO_CAUSAL_FORECAST_OR_BOOK,winner
0x15014eb86c2dd8560efc377354f37950165b2239291b16320dec0ea47ce33224,Austin,2026-08-15,2026-08-15T05:36:55+00:00,UNRECORDED,104.0,105.0,station path (audit only),99.4,MISSING,0,,,MISSING,UNTESTABLE_NO_CAUSAL_FORECAST_OR_BOOK,winner
0x8254b8c98192ffcbb265451c810f88b7d4ee88923a831ac2c50b5c0baecbed12,Busan,2026-08-15,2026-08-15T04:45:42+00:00,UNRECORDED,92.8,93.6,station path (audit only),83.3,MISSING,0,,,MISSING,UNTESTABLE_NO_CAUSAL_FORECAST_OR_BOOK,winner
0x61a96cf621869f3769be8f194772ad105e2493e4bf0c744d7a5db51c7651944a,Busan,2026-08-15,2026-08-14T20:11:55+00:00,UNRECORDED,91.0,91.8,station path (audit only),83.3,MISSING,0,,,MISSING,UNTESTABLE_NO_CAUSAL_FORECAST_OR_BOOK,winner
0x13eeee85d5077bc718f4beab17fb0dc1854b17e37a66b0a63bf015f737b6ad0c,Manila,2026-08-15,2026-08-15T00:01:24+00:00,UNRECORDED,91.0,91.8,station path (audit only),85.9,MISSING,0,,,MISSING,UNTESTABLE_NO_CAUSAL_FORECAST_OR_BOOK,winner
0x670f3c988e3eb61e59402020b9d8743912cdf866622dbf44857aba9079033404,Mexico City,2026-08-15,2026-08-15T06:01:10+00:00,UNRECORDED,82.0,82.8,station path (audit only),76.9,MISSING,0,,,MISSING,UNTESTABLE_NO_CAUSAL_FORECAST_OR_BOOK,winner
0x5cb145bb86d13b99cdcfb555892a4b85034a28096b36c94c3c9b316e5a3b3a11,Tokyo,2026-08-15,2026-08-14T21:04:54+00:00,UNRECORDED,89.2,90.0,station path (audit only),83.6,MISSING,0,,,MISSING,UNTESTABLE_NO_CAUSAL_FORECAST_OR_BOOK,winner
0x9d1c5b62b2d300a9bab8226d0b3501007cf7fcea97d50ca5da19b304072e0c5a,Toronto,2026-08-15,2026-08-15T06:33:33+00:00,UNRECORDED,80.2,81.0,station path (audit only),75.7,MISSING,0,,,MISSING,UNTESTABLE_NO_CAUSAL_FORECAST_OR_BOOK,winner
0x8ef6f69c73296f3a3ed2789f379e69ad96de9fcb090d77fe0415e67595617c57,Wellington,2026-08-15,2026-08-14T20:12:54+00:00,UNRECORDED,60.4,61.2,station path (audit only),55.6,MISSING,0,,,MISSING,UNTESTABLE_NO_CAUSAL_FORECAST_OR_BOOK,winner
0xaaab92dfda662a308bdb88e400ca8a612162a27d0f52f03503a97480fdb267e8,Austin,2026-08-16,2026-08-16T05:00:10+00:00,UNRECORDED,104.0,105.0,station path (audit only),99.3,MISSING,0,,,MISSING,UNTESTABLE_NO_CAUSAL_FORECAST_OR_BOOK,winner
0x705037223f7b749cec465299e440994e418c520c1d2dbc3849b2eaa016c2fe6e,Manila,2026-08-16,2026-08-16T03:16:55+00:00,UNRECORDED,92.8,,station path (audit only),85.0,MISSING,0,,,MISSING,UNTESTABLE_NO_CAUSAL_FORECAST_OR_BOOK,winner
0xdf09b709ebaa295981e8e47cd955f9bc78faae01b2a05ec31edbddf2782c6a64,Manila,2026-08-16,2026-08-16T03:01:30+00:00,UNRECORDED,91.0,91.8,station path (audit only),85.0,MISSING,0,,,MISSING,UNTESTABLE_NO_CAUSAL_FORECAST_OR_BOOK,winner
0xfe9fad6016b36a93fa706d8e1aa8dc80f9c1959296d4ad6b3cca9f37c58dfa05,Moscow,2026-08-16,2026-08-15T23:23:10+00:00,UNRECORDED,78.4,79.2,station path (audit only),72.3,MISSING,0,,,MISSING,UNTESTABLE_NO_CAUSAL_FORECAST_OR_BOOK,winner
0x1370250b1b1eb58b579b44de79d4c293f64b7a37377d49d1a1c3d6ea228385a0,Singapore,2026-08-16,2026-08-16T00:48:51+00:00,UNRECORDED,94.6,,station path (audit only),87.7,MISSING,32,,,MISSING,UNTESTABLE_NO_CAUSAL_FORECAST_OR_BOOK,winner
0xfc060c79e68865d276218ea5b3dc8e1860abf5ee45d84d8ee99b631034263404,Singapore,2026-08-16,2026-08-16T05:57:43+00:00,UNRECORDED,92.8,93.6,station path (audit only),87.7,MISSING,22,,,MISSING,UNTESTABLE_NO_CAUSAL_FORECAST_OR_BOOK,loser
0x73f66604f8c66230d9802f59bc0fd0da49d7fab84b96a1afd1ff43f102603922,Tokyo,2026-08-16,2026-08-15T21:30:55+00:00,UNRECORDED,85.6,86.4,station path (audit only),79.4,MISSING,0,,,MISSING,UNTESTABLE_NO_CAUSAL_FORECAST_OR_BOOK,winner
0x8a8e66adc2f53fdcc4349b5a235b744a0507ed92b1fce7abe6105821009ffd75,Tokyo,2026-08-16,2026-08-15T20:16:18+00:00,UNRECORDED,87.4,88.2,station path (audit only),79.4,MISSING,0,,,MISSING,UNTESTABLE_NO_CAUSAL_FORECAST_OR_BOOK,winner
0x91c54c904c35a42693b99b8aadc27a4985e8976b5c481964bb414f3eb227f897,Toronto,2026-08-16,2026-08-16T06:28:27+00:00,UNRECORDED,82.0,82.8,station path (audit only),75.4,MISSING,0,,,MISSING,UNTESTABLE_NO_CAUSAL_FORECAST_OR_BOOK,winner
0xe78fb8444f5e3a229e82746d6444a78851121669b00cab134fd2d84cfa3db27b,Manila,2026-08-17,2026-08-17T02:00:40+00:00,UNRECORDED,89.2,90.0,station path (audit only),82.7,MISSING,0,,,MISSING,UNTESTABLE_NO_CAUSAL_FORECAST_OR_BOOK,winner
0x7134c5e9a5d156c702dd1399641ccd54f0e3c1c3fe6cdfaf676f2258c173614b,Manila,2026-08-17,2026-08-16T20:11:04+00:00,UNRECORDED,87.4,88.2,station path (audit only),82.7,MISSING,0,,,MISSING,UNTESTABLE_NO_CAUSAL_FORECAST_OR_BOOK,winner
0x69b62cc453cbda3457e68007bc649c97910b3fa255ac60ef9f3fa28c7ba0c456,Miami,2026-08-17,2026-08-17T05:47:28+00:00,UNRECORDED,98.0,99.0,station path (audit only),92.9,MISSING,0,,,MISSING,UNTESTABLE_NO_CAUSAL_FORECAST_OR_BOOK,winner
0x3aed6cc2bb90a70ed63b23e66bfd5c3dacdc2a3360da27f12826616bbc99a9af,Shanghai,2026-08-17,2026-08-17T00:13:07+00:00,UNRECORDED,91.0,91.8,station path (audit only),85.3,MISSING,0,,,MISSING,UNTESTABLE_NO_CAUSAL_FORECAST_OR_BOOK,winner
0x76d52ec6528aa16a99219a9c912f01f06de3bef544da44f53e29c55b9f6a0bbf,Tokyo,2026-08-17,2026-08-16T21:00:58+00:00,UNRECORDED,89.2,90.0,station path (audit only),83.0,MISSING,0,,,MISSING,UNTESTABLE_NO_CAUSAL_FORECAST_OR_BOOK,winner
0x019600dc41d326d19cecefb33c19c9736483b099d742c629c8de9d80abb7ee6b,Amsterdam,2026-08-18,2026-08-17T22:00:15+00:00,UNRECORDED,73.0,73.8,station path (audit only),67.8,MISSING,0,,,MISSING,UNTESTABLE_NO_CAUSAL_FORECAST_OR_BOOK,winner
0xd4f037373e9be9a3b85b25e750b08cda8a0116037e414f0d89d4da9d5f73e395,Busan,2026-08-18,2026-08-18T05:40:33+00:00,UNRECORDED,89.2,90.0,station path (audit only),83.6,MISSING,0,,,MISSING,UNTESTABLE_NO_CAUSAL_FORECAST_OR_BOOK,winner
0xb3e37bb39b06f8936b65a74b50fd26ed18e744ad8399538de0ee893d109ba793,Kuala Lumpur,2026-08-18,2026-08-17T21:02:40+00:00,UNRECORDED,94.6,95.4,station path (audit only),88.3,MISSING,0,,,MISSING,UNTESTABLE_NO_CAUSAL_FORECAST_OR_BOOK,winner
0x63607e9f0224df72832a3f55bca0e891546747654672bc9e6edd2d784766a09a,Kuala Lumpur,2026-08-18,2026-08-18T02:18:55+00:00,UNRECORDED,92.8,93.6,station path (audit only),88.3,MISSING,0,,,MISSING,UNTESTABLE_NO_CAUSAL_FORECAST_OR_BOOK,winner
0xa05dc277dfc0392eb84380f76d7d9f32514a54043df7773ffb02a6b834f1ca56,Manila,2026-08-18,2026-08-17T23:46:51+00:00,UNRECORDED,85.6,86.4,station path (audit only),80.2,MISSING,0,,,MISSING,UNTESTABLE_NO_CAUSAL_FORECAST_OR_BOOK,winner
0xde5cfe460777a6a5fa74e25a40a1c0e8c0b5fdfc59f2a645454ced7b0c13e00e,Manila,2026-08-18,2026-08-18T04:38:12+00:00,UNRECORDED,87.4,88.2,station path (audit only),80.2,MISSING,0,,,MISSING,UNTESTABLE_NO_CAUSAL_FORECAST_OR_BOOK,winner
0xf646d260ae8e486c3c1050e90c172c41f40dd3a4b998e7762dc7901534809fdc,Mexico City,2026-08-18,2026-08-18T06:02:18+00:00,UNRECORDED,80.2,81.0,station path (audit only),75.1,MISSING,0,,,MISSING,UNTESTABLE_NO_CAUSAL_FORECAST_OR_BOOK,winner
0xcec9fbf447970a9d5f2edcd8104e7fec475923f9fd00ac416bda377e53bbc79b,Tokyo,2026-08-18,2026-08-17T21:06:36+00:00,UNRECORDED,91.0,91.8,station path (audit only),85.8,MISSING,0,,,MISSING,UNTESTABLE_NO_CAUSAL_FORECAST_OR_BOOK,winner
0x441137af472f16983531131316c3f56c787b60fc93148cf4bb3c8e36280e2f15,Austin,2026-08-19,2026-08-19T06:02:54+00:00,UNRECORDED,104.0,105.0,station path (audit only),99.5,MISSING,0,,,MISSING,UNTESTABLE_NO_CAUSAL_FORECAST_OR_BOOK,winner
0x8af922ea7a78f25a4ad67a4d5a4c45602b90ee57224399dfdde9208265fed2a9,Busan,2026-08-19,2026-08-18T23:44:42+00:00,UNRECORDED,92.8,93.6,station path (audit only),83.5,MISSING,0,,,MISSING,UNTESTABLE_NO_CAUSAL_FORECAST_OR_BOOK,winner
0x668df4feef54f597256e4a1043e707ab9706e1e6ac38490603ca1257bacf459c,Busan,2026-08-19,2026-08-19T05:45:52+00:00,UNRECORDED,91.0,91.8,station path (audit only),83.5,MISSING,0,,,MISSING,UNTESTABLE_NO_CAUSAL_FORECAST_OR_BOOK,winner
0x7b1d6a0720136f6617f7563f9f328345320a7d5c502b3a0e0fb359b1aaa7d2d5,Madrid,2026-08-19,2026-08-18T22:33:43+00:00,UNRECORDED,98.2,99.0,station path (audit only),93.7,MISSING,0,,,MISSING,UNTESTABLE_NO_CAUSAL_FORECAST_OR_BOOK,winner
0xcc884db9e1ef8e81c379dabff78fccc3d8d7c2868047b772f26a725e1daad3d2,Mexico City,2026-08-19,2026-08-19T06:00:49+00:00,UNRECORDED,82.0,82.8,station path (audit only),77.1,MISSING,0,,,MISSING,UNTESTABLE_NO_CAUSAL_FORECAST_OR_BOOK,winner
0x5b216d1a6a4194e8044320e627ca5e23d82ccf1d37142f1aebf846bc16d00023,Moscow,2026-08-19,2026-08-18T21:30:30+00:00,UNRECORDED,69.4,70.2,station path (audit only),64.8,MISSING,0,,,MISSING,UNTESTABLE_NO_CAUSAL_FORECAST_OR_BOOK,winner
0xcf475960527e479dc7677214be2e11486fac184b37c6cd8b0923ef0d0629bbef,Paris,2026-08-19,2026-08-19T10:58:43+00:00,UNRECORDED,80.2,81.0,station path (audit only),75.6,MISSING,22,2026-08-19 13:00,2026-08-19 13:30,MISSING,UNTESTABLE_NO_CAUSAL_FORECAST_OR_BOOK,winner
0xeb8801d99ababf1c0919c3b777dcb60a93d7f939d1b696f104f46f304915ad33,Paris,2026-08-19,2026-08-18T22:00:37+00:00,UNRECORDED,82.0,82.8,station path (audit only),75.6,MISSING,47,2026-08-19 13:30,2026-08-19 15:00,MISSING,UNTESTABLE_NO_CAUSAL_FORECAST_OR_BOOK,loser
0xbaaea7a26f7d718ccb2a5aa8637120ae581a2ce0996967f37b6baae6d84fd112,Paris,2026-08-19,2026-08-18T22:09:42+00:00,UNRECORDED,83.8,,station path (audit only),75.6,MISSING,47,,,MISSING,UNTESTABLE_NO_CAUSAL_FORECAST_OR_BOOK,winner
0x0cfe0b21bf991e2377b88bbd69946bb577c559fb67468ddf6796c7683abcecfa,Shanghai,2026-08-19,2026-08-18T20:51:33+00:00,UNRECORDED,91.0,91.8,station path (audit only),85.6,MISSING,0,,,MISSING,UNTESTABLE_NO_CAUSAL_FORECAST_OR_BOOK,winner
0x87dade6a3520a83c655c40e4d0e724c4cf1788999c130576a771aa893a1da39e,Busan,2026-08-20,2026-08-20T01:39:30+00:00,UNRECORDED,94.6,,station path (audit only),89.1,MISSING,0,,,MISSING,UNTESTABLE_NO_CAUSAL_FORECAST_OR_BOOK,winner
0x2d31c1330b218e184684f5ad4d43f3d361b22e30227019bef62ef520abdd9678,Kuala Lumpur,2026-08-20,2026-08-19T20:09:15+00:00,UNRECORDED,94.6,95.4,station path (audit only),87.4,MISSING,0,,,MISSING,UNTESTABLE_NO_CAUSAL_FORECAST_OR_BOOK,winner
0xd3270da3edf32f65f03c4ed7dd92fd1045a19275980c95629cbb19ec0e35598f,London,2026-08-20,2026-08-20T07:52:28+00:00,UNRECORDED,76.6,77.4,station path (audit only),72.0,MISSING,0,,,MISSING,UNTESTABLE_NO_CAUSAL_FORECAST_OR_BOOK,winner
0xedf11f026b71c30dd98a02b863d79cd497c0a526b414b20391a16667ba17bb13,Manila,2026-08-20,2026-08-20T01:31:25+00:00,UNRECORDED,92.8,93.6,station path (audit only),87.0,MISSING,0,,,MISSING,UNTESTABLE_NO_CAUSAL_FORECAST_OR_BOOK,winner
0x57fa41230ee5cdbf2e7f5649d6995df097dba681543b68436a9dc4abd86d8441,Shanghai,2026-08-20,2026-08-20T01:29:45+00:00,UNRECORDED,91.0,91.8,station path (audit only),85.6,MISSING,0,,,MISSING,UNTESTABLE_NO_CAUSAL_FORECAST_OR_BOOK,winner
0x1dae46707b1d16bba8bdde7de0e1880b883205a4ef01ea441057a3c683e05eb9,Tokyo,2026-08-20,2026-08-20T04:23:21+00:00,UNRECORDED,92.8,93.6,station path (audit only),86.7,MISSING,0,,,MISSING,UNTESTABLE_NO_CAUSAL_FORECAST_OR_BOOK,winner
0x4019e29b8266ddbba2d6358db16c8ba6d0d178d9df4e285157aed03b5e1f6fd1,Busan,2026-08-21,2026-08-21T05:16:18+00:00,UNRECORDED,94.6,95.4,station path (audit only),89.1,MISSING,0,,,MISSING,UNTESTABLE_NO_CAUSAL_FORECAST_OR_BOOK,winner
0xa7b24daf871f416e02b3a7ac4e95e2c6aafb873c23c94a261aae07f0c86617ea,London,2026-08-21,2026-08-21T07:45:34+00:00,UNRECORDED,74.8,75.6,station path (audit only),69.4,MISSING,0,,,MISSING,UNTESTABLE_NO_CAUSAL_FORECAST_OR_BOOK,winner
0x8377bb93ab6a5066f9faff66e9cd0d859f8dd7d488aa04dec3c5125a4849efc2,Madrid,2026-08-21,2026-08-21T04:03:30+00:00,UNRECORDED,91.0,91.8,station path (audit only),86.2,MISSING,0,,,MISSING,UNTESTABLE_NO_CAUSAL_FORECAST_OR_BOOK,winner
0xe5029fa906374d8e8ecc94c95904b19630178c5b54918a26de96fef69a6cc0b2,Qingdao,2026-08-21,2026-08-20T20:07:42+00:00,UNRECORDED,89.2,90.0,station path (audit only),84.7,MISSING,0,,,MISSING,UNTESTABLE_NO_CAUSAL_FORECAST_OR_BOOK,winner
0x715b725185bf8021419918f5afbbcef01587d892ee264ce42a5baa93a945ed40,Qingdao,2026-08-21,2026-08-21T00:59:46+00:00,UNRECORDED,91.0,91.8,station path (audit only),84.7,MISSING,0,,,MISSING,UNTESTABLE_NO_CAUSAL_FORECAST_OR_BOOK,winner
0x1b7f63b7ab6f8913337264367eaf6b528aa865990ca0cc7c5bb48ca2858bbffc,Shanghai,2026-08-21,2026-08-20T23:47:15+00:00,UNRECORDED,91.0,91.8,station path (audit only),85.7,MISSING,0,,,MISSING,UNTESTABLE_NO_CAUSAL_FORECAST_OR_BOOK,winner
0x4e38d11f91f0ddee2659041b6e766c5a3deeb54661e93f94dd9b44ada7bb6d90,Tokyo,2026-08-21,2026-08-20T22:15:10+00:00,UNRECORDED,91.0,91.8,station path (audit only),83.5,MISSING,0,,,MISSING,UNTESTABLE_NO_CAUSAL_FORECAST_OR_BOOK,winner
0xe9de003bcebdb701f14f020cfdd941bc74f7c97c79e8d16388cd97f3150b9803,Tokyo,2026-08-21,2026-08-21T00:24:16+00:00,UNRECORDED,92.8,93.6,station path (audit only),83.5,MISSING,0,,,MISSING,UNTESTABLE_NO_CAUSAL_FORECAST_OR_BOOK,winner
0x9d90f958d1f9c217a5ae262ae23fe610fd0f5b5cadd6c506ab68af8a4e32b3e0,Wellington,2026-08-21,2026-08-20T22:57:55+00:00,UNRECORDED,60.4,61.2,station path (audit only),54.1,MISSING,0,,,MISSING,UNTESTABLE_NO_CAUSAL_FORECAST_OR_BOOK,winner
0x0f1a5ea1652e3efd25aee325e7437ba6659309f2a129afee103ea66258441785,Wellington,2026-08-21,2026-08-20T21:36:25+00:00,UNRECORDED,58.6,59.4,station path (audit only),54.1,MISSING,0,,,MISSING,UNTESTABLE_NO_CAUSAL_FORECAST_OR_BOOK,winner
0x9045ddeec9bf1931f3db1d6c29bd2c2e6c039734cd3a90d083882188f97a9127,Busan,2026-08-22,2026-08-22T01:02:01+00:00,UNRECORDED,98.2,,station path (audit only),89.1,MISSING,0,,,MISSING,UNTESTABLE_NO_CAUSAL_FORECAST_OR_BOOK,winner
0x7a46403928a5ae023b7776b85ea7bb42108e6d58cc6042f3032adbdf908dfec6,Busan,2026-08-22,2026-08-22T00:28:48+00:00,UNRECORDED,94.6,95.4,station path (audit only),89.1,MISSING,0,,,MISSING,UNTESTABLE_NO_CAUSAL_FORECAST_OR_BOOK,winner
0x5b02f62eee6344c9e5dd5788a47d16b0afdcfa33e318eb4bd7e5656276813bce,Busan,2026-08-22,2026-08-22T05:07:01+00:00,UNRECORDED,96.4,97.2,station path (audit only),89.1,MISSING,0,,,MISSING,UNTESTABLE_NO_CAUSAL_FORECAST_OR_BOOK,winner
0xe7986387cffaaffe0c45bb7dbbe753f8fcce40f84908e925050c5872cb37fb34,Qingdao,2026-08-22,2026-08-21T20:48:03+00:00,UNRECORDED,92.8,,station path (audit only),88.2,MISSING,0,,,MISSING,UNTESTABLE_NO_CAUSAL_FORECAST_OR_BOOK,winner
0xd9e62bb33dce568fdcc75efcef59f401b773d3f4308d348930374369b1eecf29,Shanghai,2026-08-22,2026-08-21T20:03:55+00:00,UNRECORDED,89.2,90.0,station path (audit only),83.3,MISSING,0,,,MISSING,UNTESTABLE_NO_CAUSAL_FORECAST_OR_BOOK,winner
0xb1f178c0665261941c2e85deb838cfa3106153a56bcaf910842bf1bce2b60663,Tokyo,2026-08-22,2026-08-21T20:06:09+00:00,UNRECORDED,91.0,91.8,station path (audit only),85.2,MISSING,0,,,MISSING,UNTESTABLE_NO_CAUSAL_FORECAST_OR_BOOK,winner
0x8e0f27ebdb68d5026c7bedef176f8a3df6b9c847a36b0d1bda856a8763fb4afc,Wellington,2026-08-22,2026-08-22T02:01:48+00:00,UNRECORDED,62.2,63.0,station path (audit only),57.4,MISSING,0,,,MISSING,UNTESTABLE_NO_CAUSAL_FORECAST_OR_BOOK,winner
0xf5e45470726170a02a13208fa028e1664b799056fee62e333c63deffa50c49e7,Austin,2026-08-23,2026-08-23T07:44:15+00:00,UNRECORDED,108.0,109.0,station path (audit only),103.5,MISSING,0,,,MISSING,UNTESTABLE_NO_CAUSAL_FORECAST_OR_BOOK,winner
0x09db6944092bd62f150410907ce344c8c97c0638476d5f26ab6b12f411a82cbd,Busan,2026-08-23,2026-08-22T20:15:58+00:00,UNRECORDED,96.4,97.2,station path (audit only),91.7,MISSING,0,,,MISSING,UNTESTABLE_NO_CAUSAL_FORECAST_OR_BOOK,winner
0xcba9d221fd3dcb96ec8d3e5d52ef7267269ad450b40c80686898f714d94c5548,Busan,2026-08-23,2026-08-23T03:30:07+00:00,UNRECORDED,98.2,,station path (audit only),91.7,MISSING,0,,,MISSING,UNTESTABLE_NO_CAUSAL_FORECAST_OR_BOOK,winner
0x1150061f4c9a461cefe7f990cc83a59486e82b281a32fe1777571b8b96070c14,Madrid,2026-08-23,2026-08-23T09:21:21+00:00,UNRECORDED,94.6,95.4,station path (audit only),89.9,MISSING,0,,,MISSING,UNTESTABLE_NO_CAUSAL_FORECAST_OR_BOOK,winner
0x48b0a5ed6e8ec2c1b92c9684b39ae6ea77e1544c815a42a84b71144570dde67a,Manila,2026-08-23,2026-08-23T02:09:15+00:00,UNRECORDED,92.8,93.6,station path (audit only),85.7,MISSING,0,,,MISSING,UNTESTABLE_NO_CAUSAL_FORECAST_OR_BOOK,winner
0x87be08b695fc5deb17860a0a9db61a550019508363f1a00af42b97ab4c6f8ea2,Manila,2026-08-23,2026-08-23T00:09:28+00:00,UNRECORDED,91.0,91.8,station path (audit only),85.7,MISSING,0,,,MISSING,UNTESTABLE_NO_CAUSAL_FORECAST_OR_BOOK,winner
0xbbefa982c9911f348649a54f5f50fee7e3b5fa9b991cea9b1f810aea98f3f9f5,Qingdao,2026-08-23,2026-08-23T03:47:25+00:00,UNRECORDED,91.0,91.8,station path (audit only),86.5,MISSING,0,,,MISSING,UNTESTABLE_NO_CAUSAL_FORECAST_OR_BOOK,winner
0xb5e57e370f6517495583ddb44d1f82ac932303077e5f1c8ed1366c0158969d74,Shanghai,2026-08-23,2026-08-22T22:53:27+00:00,UNRECORDED,91.0,91.8,station path (audit only),86.0,MISSING,0,,,MISSING,UNTESTABLE_NO_CAUSAL_FORECAST_OR_BOOK,winner
0x3774a0b7f08528fe7d719a7aee5f1a714a8b61154a79a4c377abb88d0e24f504,Tokyo,2026-08-23,2026-08-23T00:34:31+00:00,UNRECORDED,89.2,90.0,station path (audit only),83.2,MISSING,0,,,MISSING,UNTESTABLE_NO_CAUSAL_FORECAST_OR_BOOK,winner
0x0bc8b574eaca37addc9655398f654bbb443e0d6767a4138de8abeffd0e65c187,Wellington,2026-08-23,2026-08-22T22:07:51+00:00,UNRECORDED,64.0,64.8,station path (audit only),58.3,MISSING,0,,,MISSING,UNTESTABLE_NO_CAUSAL_FORECAST_OR_BOOK,winner
0x25e9e6fdab4745156440c62ba444e2172d81f7f7dcec6cf70b6f078b520fccfe,Busan,2026-08-24,2026-08-23T20:54:13+00:00,UNRECORDED,98.2,99.0,station path (audit only),91.5,MISSING,0,,,MISSING,UNTESTABLE_NO_CAUSAL_FORECAST_OR_BOOK,winner
0x8490ef950de55eec29ef0a7b1647dcac725c0800300debb41e273cd619f53a1a,Busan,2026-08-24,2026-08-24T03:37:28+00:00,UNRECORDED,96.4,97.2,station path (audit only),91.5,MISSING,0,,,MISSING,UNTESTABLE_NO_CAUSAL_FORECAST_OR_BOOK,winner
0xd189ff56d5be91159d508983e0113f25791e800f504675d5f4e3ef29c2e7c25e,Jeddah,2026-08-24,2026-08-24T05:27:52+00:00,UNRECORDED,103.6,,station path (audit only),98.8,MISSING,0,,,MISSING,UNTESTABLE_NO_CAUSAL_FORECAST_OR_BOOK,winner
0x5e39ee2fbb75fedc466b9482e36e679122c976e8c376d45d82235fb620b55388,Los Angeles,2026-08-24,2026-08-24T08:59:36+00:00,UNRECORDED,88.0,89.0,station path (audit only),82.1,MISSING,0,,,MISSING,UNTESTABLE_NO_CAUSAL_FORECAST_OR_BOOK,winner
0xf1625b581113b712fa18c206d426eeee2aee76c45d297c63934a4899944c95d0,Mexico City,2026-08-24,2026-08-24T06:53:25+00:00,UNRECORDED,71.2,72.0,station path (audit only),66.0,MISSING,0,,,MISSING,UNTESTABLE_NO_CAUSAL_FORECAST_OR_BOOK,winner
0xb12e89921c1eb735d60b902ea12c03c0e1041ae2d7a32a9e35458c9644129365,Shanghai,2026-08-24,2026-08-23T20:05:57+00:00,UNRECORDED,91.0,91.8,station path (audit only),86.5,MISSING,0,,,MISSING,UNTESTABLE_NO_CAUSAL_FORECAST_OR_BOOK,winner
0x650c2ce99015303119fc6bfb8f3cf18ba604fce6fec30668916091d70cc28447,Tokyo,2026-08-24,2026-08-23T23:54:46+00:00,UNRECORDED,94.6,,station path (audit only),86.6,MISSING,0,,,MISSING,UNTESTABLE_NO_CAUSAL_FORECAST_OR_BOOK,winner
0xb64c1d2fcda307119c05919a4c0fd0ce55707543e03b8ae6f768fa2e911e55e5,Tokyo,2026-08-24,2026-08-23T20:55:18+00:00,UNRECORDED,92.8,93.6,station path (audit only),86.6,MISSING,0,,,MISSING,UNTESTABLE_NO_CAUSAL_FORECAST_OR_BOOK,winner
0x07817074c7de20263a1d6a2b4a17ac2f4a9443db37b3d28a7fff883876d34573,Busan,2026-08-25,2026-08-25T02:03:31+00:00,UNRECORDED,96.4,97.2,station path (audit only),91.4,MISSING,0,,,MISSING,UNTESTABLE_NO_CAUSAL_FORECAST_OR_BOOK,winner
0x0779db0b4d54a4851ba5cb1a1c5e13ffa7053ea1c5c7e4983e6661b37a31df61,Busan,2026-08-25,2026-08-24T22:56:06+00:00,UNRECORDED,98.2,99.0,station path (audit only),91.4,MISSING,0,,,MISSING,UNTESTABLE_NO_CAUSAL_FORECAST_OR_BOOK,winner
0x6adfaf5c6f9885dce19b17e902d5e459f1f6d95b31f92fce1be264cd31af1004,Jeddah,2026-08-25,2026-08-24T22:13:03+00:00,UNRECORDED,103.6,,station path (audit only),98.5,MISSING,0,,,MISSING,UNTESTABLE_NO_CAUSAL_FORECAST_OR_BOOK,winner
0x385dd525df80a5ad2ae4d3209452082943ba5a65981787e2b22ef81f779ab5af,Los Angeles,2026-08-25,2026-08-25T08:09:16+00:00,UNRECORDED,86.0,87.0,station path (audit only),81.3,MISSING,0,,,MISSING,UNTESTABLE_NO_CAUSAL_FORECAST_OR_BOOK,winner
0x2879554ede54d916a68f75c0fcf220e4095200cc6daadee7d7100b9ecffee72a,Qingdao,2026-08-25,2026-08-24T22:18:27+00:00,UNRECORDED,92.8,93.6,station path (audit only),87.6,MISSING,0,,,MISSING,UNTESTABLE_NO_CAUSAL_FORECAST_OR_BOOK,winner
0xff9b9e7a09ea7093aa6215382adfd7d9b6de52dc26af556db2b326927dcabb52,Shanghai,2026-08-25,2026-08-24T20:14:37+00:00,UNRECORDED,91.0,91.8,station path (audit only),85.3,MISSING,0,,,MISSING,UNTESTABLE_NO_CAUSAL_FORECAST_OR_BOOK,winner
0x9012e77e24a3701392a3699577e727337bebb915fb01a14d139ec7f746477375,Tokyo,2026-08-25,2026-08-24T23:21:25+00:00,UNRECORDED,101.8,,station path (audit only),89.4,MISSING,0,,,MISSING,UNTESTABLE_NO_CAUSAL_FORECAST_OR_BOOK,winner
0x4f29a120aa3ed5a4ab03685e182ef03ed9b1eec153b665e660b0008491ef0c17,Tokyo,2026-08-25,2026-08-25T03:11:42+00:00,UNRECORDED,94.6,95.4,station path (audit only),89.4,MISSING,0,,,MISSING,UNTESTABLE_NO_CAUSAL_FORECAST_OR_BOOK,winner
0x4dc9a63fca1036a7c270ffa869706b51863803532242fe9faaa8c70fc729a155,Tokyo,2026-08-25,2026-08-24T22:27:49+00:00,UNRECORDED,96.4,97.2,station path (audit only),89.4,MISSING,0,,,MISSING,UNTESTABLE_NO_CAUSAL_FORECAST_OR_BOOK,winner
0x46c36de060c3bbfcc3d0bfa9a35220966a098e6753dfef1b491836bfd89c9c0c,Toronto,2026-08-25,2026-08-25T04:01:07+00:00,UNRECORDED,78.4,79.2,station path (audit only),72.2,MISSING,0,,,MISSING,UNTESTABLE_NO_CAUSAL_FORECAST_OR_BOOK,winner
0xa6b62a6ec9779e38accd9e4758cace263eef003fde32ef0f6d7640486601b169,Wellington,2026-08-25,2026-08-25T00:12:18+00:00,UNRECORDED,64.0,64.8,station path (audit only),59.0,MISSING,0,,,MISSING,UNTESTABLE_NO_CAUSAL_FORECAST_OR_BOOK,winner
0x2c6e47501d8582bff68052b78d930da61090d909b6dbdeee0b47ea8dadc289ee,Busan,2026-08-26,2026-08-25T22:48:49+00:00,UNRECORDED,98.2,99.0,station path (audit only),92.5,MISSING,0,,,MISSING,UNTESTABLE_NO_CAUSAL_FORECAST_OR_BOOK,winner
0x754da6484de0d33f8281b609424d802c83a8289e6ea8eab1ce9cb11c2f410414,Kuala Lumpur,2026-08-26,2026-08-25T23:29:37+00:00,UNRECORDED,91.0,91.8,station path (audit only),86.5,MISSING,0,,,MISSING,UNTESTABLE_NO_CAUSAL_FORECAST_OR_BOOK,winner
0x6977ee3021301eba5e5d086811dab42ffbf05f1f30166742265f73dfecffd3ba,Manila,2026-08-26,2026-08-26T01:12:42+00:00,UNRECORDED,92.8,93.6,station path (audit only),85.4,MISSING,0,,,MISSING,UNTESTABLE_NO_CAUSAL_FORECAST_OR_BOOK,winner
0x0ccbe57a6e6bb231579f8922fe5cf57450f2c63957bc1525bcd39debdb3384e8,Qingdao,2026-08-26,2026-08-26T04:00:34+00:00,UNRECORDED,92.8,93.6,station path (audit only),88.1,MISSING,0,,,MISSING,UNTESTABLE_NO_CAUSAL_FORECAST_OR_BOOK,winner
0x74c9367d588d6c4dacf94c6b39a5cf8cd306f753b7e49b18ad1699add18e34b4,Seattle,2026-08-26,2026-08-26T09:05:07+00:00,UNRECORDED,82.0,83.0,station path (audit only),77.1,MISSING,0,,,MISSING,UNTESTABLE_NO_CAUSAL_FORECAST_OR_BOOK,winner
0x9821be483f41bb78c7dd89df863fdaf2a17ba979ff52762ee56cce77e98d9a95,Tokyo,2026-08-26,2026-08-26T03:29:07+00:00,UNRECORDED,94.6,95.4,station path (audit only),89.4,MISSING,0,,,MISSING,UNTESTABLE_NO_CAUSAL_FORECAST_OR_BOOK,winner
0x2cefd3f3925da0482fe63d66d9141e992769dc966481fd983bc72488f7e296aa,Tokyo,2026-08-26,2026-08-25T20:26:48+00:00,UNRECORDED,96.4,97.2,station path (audit only),89.4,MISSING,0,,,MISSING,UNTESTABLE_NO_CAUSAL_FORECAST_OR_BOOK,winner
0xbaff6fca54e13c7030e914de3a1ee4071b1676364ff155b6f480961028e373a6,Madrid,2026-08-27,2026-08-26T22:04:09+00:00,UNRECORDED,78.4,79.2,station path (audit only),72.5,MISSING,0,,,MISSING,UNTESTABLE_NO_CAUSAL_FORECAST_OR_BOOK,winner
0x4cbc3665213cdbfbf1ed932e9b65a5b605dc5ac3c7d55313bc3acb0972f0cdb8,Manila,2026-08-27,2026-08-27T02:03:36+00:00,UNRECORDED,91.0,91.8,station path (audit only),84.0,MISSING,0,,,MISSING,UNTESTABLE_NO_CAUSAL_FORECAST_OR_BOOK,winner
0xfd9c32a03c19dd1ed2a9c1e10444bd6e7e0005cdd3d866a6ebe492e56f48edd1,Paris,2026-08-27,2026-08-26T22:04:40+00:00,UNRECORDED,85.6,,station path (audit only),78.7,MISSING,0,,,MISSING,UNTESTABLE_NO_CAUSAL_FORECAST_OR_BOOK,winner
0x5fb928832fa5fe8eb4f5eec7307a5ddf74dce678550a775c68546514042a457c,Paris,2026-08-27,2026-08-27T10:50:15+00:00,UNRECORDED,83.8,84.6,station path (audit only),78.7,MISSING,0,,,MISSING,UNTESTABLE_NO_CAUSAL_FORECAST_OR_BOOK,winner
0x4ab663b222d222cf30463691bea1dec7aae2f5e74d78ba9072896e82bf5b87d8,Tokyo,2026-08-27,2026-08-26T23:37:19+00:00,UNRECORDED,89.2,90.0,station path (audit only),84.0,MISSING,0,,,MISSING,UNTESTABLE_NO_CAUSAL_FORECAST_OR_BOOK,winner
0x6fdf84638c820d8b11e46527a403e13c5aaf7e90d8b98ed8938c77749e597fd3,Tokyo,2026-08-27,2026-08-26T21:42:55+00:00,UNRECORDED,91.0,91.8,station path (audit only),84.0,MISSING,0,,,MISSING,UNTESTABLE_NO_CAUSAL_FORECAST_OR_BOOK,winner
0x916c944576ae6a5fe65b5ee40bbf7f750974db525e2913f69d77678841c500ee,Busan,2026-08-28,2026-08-28T01:04:19+00:00,UNRECORDED,87.4,88.2,station path (audit only),82.3,MISSING,0,,,MISSING,UNTESTABLE_NO_CAUSAL_FORECAST_OR_BOOK,winner
0x429d7aff939b707a5cf57c1e9aae4222164df207bfdc08bfb402bc59edfb1a71,Busan,2026-08-28,2026-08-27T20:02:40+00:00,UNRECORDED,89.2,90.0,station path (audit only),82.3,MISSING,0,,,MISSING,UNTESTABLE_NO_CAUSAL_FORECAST_OR_BOOK,winner
0xbfe9f38ff4ccfc82c4a478247039d452e8aeb4e4608598e5d5bed7147af76e07,Istanbul,2026-08-28,2026-08-27T21:23:25+00:00,UNRECORDED,78.4,79.2,station path (audit only),73.6,MISSING,0,,,MISSING,UNTESTABLE_NO_CAUSAL_FORECAST_OR_BOOK,winner
0xefbab043329501355bd0ec8016186cc5cd2dd828c05541da4b3c18a38e6d95cd,Istanbul,2026-08-28,2026-08-27T21:23:25+00:00,UNRECORDED,80.2,81.0,station path (audit only),73.6,MISSING,0,,,MISSING,UNTESTABLE_NO_CAUSAL_FORECAST_OR_BOOK,winner
0x5909f8654bdd6310a2316ee81a8f3dc4f62c77e708afc00ebd04cb5e8d796183,Miami,2026-08-28,2026-08-28T04:26:13+00:00,UNRECORDED,94.0,95.0,station path (audit only),88.9,MISSING,0,,,MISSING,UNTESTABLE_NO_CAUSAL_FORECAST_OR_BOOK,winner
0x31f8c80c47121427016778765b7a92fd636485b17870a8142a9e9c4141fd730a,Moscow,2026-08-28,2026-08-27T21:03:52+00:00,UNRECORDED,69.4,70.2,station path (audit only),64.9,MISSING,0,,,MISSING,UNTESTABLE_NO_CAUSAL_FORECAST_OR_BOOK,winner
0xa297e6c64b5c58ea5b91edb63998f5243989b8d7332abea927c0301fcfd142e2,Moscow,2026-08-28,2026-08-28T09:10:48+00:00,UNRECORDED,71.2,72.0,station path (audit only),64.9,MISSING,0,,,MISSING,UNTESTABLE_NO_CAUSAL_FORECAST_OR_BOOK,winner
0x295de040275a8ab736ddb5f1f60f0c2db75fadc580c0ee670da72b4132423b54,Tokyo,2026-08-28,2026-08-27T20:25:39+00:00,UNRECORDED,92.8,93.6,station path (audit only),87.3,MISSING,0,,,MISSING,UNTESTABLE_NO_CAUSAL_FORECAST_OR_BOOK,winner
0x5471618336aa134d1e76d91e306e06824b0fcc7004cd2884e3740e396f42426f,Busan,2026-08-29,2026-08-29T01:31:43+00:00,UNRECORDED,92.8,93.6,station path (audit only),85.9,MISSING,0,,,MISSING,UNTESTABLE_NO_CAUSAL_FORECAST_OR_BOOK,winner
0x6aa471a9de1119c921ec3a55fe0f559c50a2207c65c8a8b806e0a0d9e64c02f6,Busan,2026-08-29,2026-08-28T22:24:24+00:00,UNRECORDED,91.0,91.8,station path (audit only),85.9,MISSING,0,,,MISSING,UNTESTABLE_NO_CAUSAL_FORECAST_OR_BOOK,winner
0xc7b4284ce4758603a0b27740229871bde6e171924826a05ebd212e45f517e1fe,Istanbul,2026-08-29,2026-08-29T07:14:39+00:00,UNRECORDED,78.4,79.2,station path (audit only),73.0,MISSING,0,,,MISSING,UNTESTABLE_NO_CAUSAL_FORECAST_OR_BOOK,winner
0x4ae6d402e235ac6dd6119c40c7c8fe327be4720fbacadd30b24a1a942d431639,Moscow,2026-08-29,2026-08-29T09:11:24+00:00,UNRECORDED,73.0,73.8,station path (audit only),67.7,MISSING,0,,,MISSING,UNTESTABLE_NO_CAUSAL_FORECAST_OR_BOOK,winner
0x166e7401e2471b81512a0b55243df4fd4af8e4cc6cbe932e613b2f2792bad9d2,Busan,2026-08-30,2026-08-30T01:04:15+00:00,UNRECORDED,92.8,93.6,station path (audit only),87.3,MISSING,0,,,MISSING,UNTESTABLE_NO_CAUSAL_FORECAST_OR_BOOK,winner
0x8c99abb5e631cee00393115abd3231026ea2d1c4e8affcf224e0b47926f5a876,London,2026-08-30,2026-08-30T07:26:40+00:00,UNRECORDED,76.6,77.4,station path (audit only),71.8,MISSING,0,,,MISSING,UNTESTABLE_NO_CAUSAL_FORECAST_OR_BOOK,winner
0x7e441047b3cd8ed7ec78be4c2bbb1636b73fe6f53fbc10c238fe94367f51d715,London,2026-08-30,2026-08-30T07:27:46+00:00,UNRECORDED,78.4,79.2,station path (audit only),71.8,MISSING,0,,,MISSING,UNTESTABLE_NO_CAUSAL_FORECAST_OR_BOOK,winner
0xcf97263c9a45beddf88a7d6b4f4bbd1f1c4901e55a3c9225597f5d78aefaa8af,Manila,2026-08-30,2026-08-29T21:25:31+00:00,UNRECORDED,89.2,90.0,station path (audit only),82.3,MISSING,0,,,MISSING,UNTESTABLE_NO_CAUSAL_FORECAST_OR_BOOK,winner
0x43f6cb9aabcb9481ddb25e33f83f6baef88c313217bc3afdc2b98dfa7e45c065,Manila,2026-08-30,2026-08-30T00:24:34+00:00,UNRECORDED,87.4,88.2,station path (audit only),82.3,MISSING,0,,,MISSING,UNTESTABLE_NO_CAUSAL_FORECAST_OR_BOOK,winner
0x21e61f62da3dd0463cf15c33f9dd470a14baf16eb3fadfa61fd7bb5b0d55415f,Miami,2026-08-30,2026-08-30T05:18:27+00:00,UNRECORDED,92.0,93.0,station path (audit only),86.1,MISSING,0,,,MISSING,UNTESTABLE_NO_CAUSAL_FORECAST_OR_BOOK,winner
0x4caaf908324f0137fc4925ce10b15299893125cda27622d041b89fac14670221,Moscow,2026-08-30,2026-08-30T09:59:25+00:00,UNRECORDED,74.8,75.6,station path (audit only),68.6,MISSING,0,,,MISSING,UNTESTABLE_NO_CAUSAL_FORECAST_OR_BOOK,winner
0x37357702f19e96847fb832935f3d1e1fe25b52045f280c7c2450d3609f85f52f,Tokyo,2026-08-30,2026-08-30T00:15:48+00:00,UNRECORDED,91.0,,station path (audit only),77.9,MISSING,0,,,MISSING,UNTESTABLE_NO_CAUSAL_FORECAST_OR_BOOK,winner
0x89493f11011195fd3c1e2ccdcae757f155fd87546c4e54b9d47bf6cd8781c676,Tokyo,2026-08-30,2026-08-29T20:37:57+00:00,UNRECORDED,83.8,84.6,station path (audit only),77.9,MISSING,0,,,MISSING,UNTESTABLE_NO_CAUSAL_FORECAST_OR_BOOK,winner
0x0e4c2200f2ecc042da3bdcf0679aea1b31826be6d4ee17e7cbcc2935e1456ce8,Wellington,2026-08-30,2026-08-30T00:10:34+00:00,UNRECORDED,69.4,,station path (audit only),60.7,MISSING,0,,,MISSING,UNTESTABLE_NO_CAUSAL_FORECAST_OR_BOOK,winner
0x5dfb5f324b9c76159a826cc6437a02d8287adc093d1e8de25dafe9fbb0906233,Wellington,2026-08-30,2026-08-30T00:41:46+00:00,UNRECORDED,65.8,66.6,station path (audit only),60.7,MISSING,0,,,MISSING,UNTESTABLE_NO_CAUSAL_FORECAST_OR_BOOK,winner
0x63966c5064fd8713a7e73c77987aab61e7e8f64db86ae57c524130466fcaee1c,Manila,2026-08-31,2026-08-31T02:22:30+00:00,UNRECORDED,92.8,93.6,station path (audit only),85.7,MISSING,0,,,MISSING,UNTESTABLE_NO_CAUSAL_FORECAST_OR_BOOK,winner
0x7275a422e81bca32dc0a674b223732563bfb19ac99e3d68acb16645eda1b7799,Mexico City,2026-08-31,2026-08-31T06:14:28+00:00,UNRECORDED,78.4,,station path (audit only),69.4,MISSING,0,,,MISSING,UNTESTABLE_NO_CAUSAL_FORECAST_OR_BOOK,winner
0x55472ab17a32dc02f8a014d905f5e7d657c61e4e1149f24bcacb9f97dc2d1ac4,Qingdao,2026-08-31,2026-08-31T00:11:16+00:00,UNRECORDED,89.2,90.0,station path (audit only),84.6,MISSING,0,,,MISSING,UNTESTABLE_NO_CAUSAL_FORECAST_OR_BOOK,winner
0x45de6bd9a3d144ffe3d3b861b9c85e1c361ccb93af53c16472047a500c7ac5c0,Wellington,2026-08-31,2026-08-30T22:16:27+00:00,UNRECORDED,64.0,64.8,station path (audit only),59.2,MISSING,0,,,MISSING,UNTESTABLE_NO_CAUSAL_FORECAST_OR_BOOK,winner
0xf11dc8d11c21fbb27e592dba3e33721bf8b7839ea782b3577ffde4da859a3bc3,Busan,2026-09-01,2026-09-01T01:39:18+00:00,UNRECORDED,94.6,95.4,station path (audit only),86.7,MISSING,0,,,MISSING,UNTESTABLE_NO_CAUSAL_FORECAST_OR_BOOK,winner
0x514560d69330be7ab17821eb138c70a5261a012f0199103e904849e7b17a9ff2,Manila,2026-09-01,2026-08-31T22:10:55+00:00,UNRECORDED,92.8,93.6,station path (audit only),84.8,MISSING,0,,,MISSING,UNTESTABLE_NO_CAUSAL_FORECAST_OR_BOOK,winner
0x41f7fc0bdd09a4f8f85354d3e5d47abba787dcc9c25cfe9dfb0cb753a223631e,Manila,2026-09-01,2026-09-01T05:39:52+00:00,UNRECORDED,91.0,91.8,station path (audit only),84.8,MISSING,0,,,MISSING,UNTESTABLE_NO_CAUSAL_FORECAST_OR_BOOK,winner
0x3b3bd073cf117282bdc3d7f0a78b21e1c5f9fa44a9a3a67c600e28a047911de1,Mexico City,2026-09-01,2026-09-01T10:08:37+00:00,UNRECORDED,78.4,,station path (audit only),68.9,MISSING,0,,,MISSING,UNTESTABLE_NO_CAUSAL_FORECAST_OR_BOOK,winner
0x313907dddfbd03d635198b1915702200df63b4fc816fb3b661a34e4723f81640,Miami,2026-09-01,2026-09-01T08:01:10+00:00,UNRECORDED,92.0,93.0,station path (audit only),85.5,MISSING,0,,,MISSING,UNTESTABLE_NO_CAUSAL_FORECAST_OR_BOOK,winner
0x9573074e5df01f322c4a758ac63234bef1a3b2eed336914d00b5a629bdc6f506,Seattle,2026-09-01,2026-09-01T11:17:51+00:00,UNRECORDED,74.0,75.0,station path (audit only),68.6,MISSING,0,,,MISSING,UNTESTABLE_NO_CAUSAL_FORECAST_OR_BOOK,winner
0x4e60c621a7332bc644025a4d427a3a38b7348cbf55d1d5029376ddf484693f96,Tokyo,2026-09-01,2026-08-31T20:03:55+00:00,UNRECORDED,94.6,95.4,station path (audit only),84.2,MISSING,0,,,MISSING,UNTESTABLE_NO_CAUSAL_FORECAST_OR_BOOK,winner
0x439880c8189796d4c13844a94c74cfecc6cddbef7b4d6bbc6d8bfb940e8da0c6,Austin,2026-09-02,2026-09-02T05:00:28+00:00,UNRECORDED,102.0,103.0,station path (audit only),97.5,MISSING,0,,,MISSING,UNTESTABLE_NO_CAUSAL_FORECAST_OR_BOOK,winner
0xcc591f9f8bb0d07443671414403dab4f9ef3dc025c4a0803ebe0f5c216614d19,Busan,2026-09-02,2026-09-01T20:47:10+00:00,UNRECORDED,92.8,93.6,station path (audit only),88.1,MISSING,0,,,MISSING,UNTESTABLE_NO_CAUSAL_FORECAST_OR_BOOK,winner
0x40dbdd913ad5ef6905c94c14d6325a131803baeb5c0d4d6c388fea44b2f12b20,Manila,2026-09-02,2026-09-01T23:43:19+00:00,UNRECORDED,91.0,91.8,station path (audit only),85.9,MISSING,0,,,MISSING,UNTESTABLE_NO_CAUSAL_FORECAST_OR_BOOK,winner
0x5430e1bfcec39085134062e3ef0dd3b828a16aac10e1e345bc42e6974bb0641c,Paris,2026-09-02,2026-09-01T22:00:10+00:00,UNRECORDED,80.2,81.0,station path (audit only),74.2,MISSING,0,,,MISSING,UNTESTABLE_NO_CAUSAL_FORECAST_OR_BOOK,winner
0x58fd7b198db896596b47721184bc1c5ff84c382fde7c1c28764cbd5ef0b7b166,Tokyo,2026-09-02,2026-09-01T20:00:57+00:00,UNRECORDED,91.0,91.8,station path (audit only),86.3,MISSING,0,,,MISSING,UNTESTABLE_NO_CAUSAL_FORECAST_OR_BOOK,winner
0xfcbe77a41c371675c7dd8c24aaf5b3e6679f5301c5a7a0b4d0240f953584223b,Wellington,2026-09-02,2026-09-01T22:13:55+00:00,UNRECORDED,64.0,64.8,station path (audit only),58.9,MISSING,0,,,MISSING,UNTESTABLE_NO_CAUSAL_FORECAST_OR_BOOK,winner
0xa9096540e4b6d934525bf0dd6f5135ff9d2678e23bc176de96efe322e1c65b7e,Busan,2026-09-03,2026-09-03T01:53:21+00:00,UNRECORDED,91.0,91.8,station path (audit only),86.0,MISSING,0,,,MISSING,UNTESTABLE_NO_CAUSAL_FORECAST_OR_BOOK,winner
0xad150b43f59623cec7d05343f2dd19690114b6768f17a252469d34fd3dce763f,Manila,2026-09-03,2026-09-02T21:49:48+00:00,UNRECORDED,91.0,91.8,station path (audit only),84.4,MISSING,0,,,MISSING,UNTESTABLE_NO_CAUSAL_FORECAST_OR_BOOK,winner
0x2e63d182c1a18c4508f9a31967ebf555594d03dc42b515bb9b1d9c7e5b163dc8,Mexico City,2026-09-03,2026-09-03T09:52:16+00:00,UNRECORDED,80.2,,station path (audit only),75.0,MISSING,0,,,MISSING,UNTESTABLE_NO_CAUSAL_FORECAST_OR_BOOK,winner
0xc04f44a53964456a2842db4c509c6fdaca7880e2de9654dbbe45ad54050a6c77,Miami,2026-09-03,2026-09-03T05:12:13+00:00,UNRECORDED,92.0,93.0,station path (audit only),86.8,MISSING,0,,,MISSING,UNTESTABLE_NO_CAUSAL_FORECAST_OR_BOOK,winner
0xe26a4a17362c7a585ee709ba0e31815b32ef2455dcf1a74f6a527a74a19fe04a,Seattle,2026-09-03,2026-09-03T07:05:34+00:00,UNRECORDED,68.0,69.0,station path (audit only),62.2,MISSING,0,,,MISSING,UNTESTABLE_NO_CAUSAL_FORECAST_OR_BOOK,winner
0x81753b9c4698a9f98ea5628907f633934dff87fc8f3c445d4183a4b744704e9b,Tokyo,2026-09-03,2026-09-02T22:28:09+00:00,UNRECORDED,91.0,91.8,station path (audit only),84.5,MISSING,0,,,MISSING,UNTESTABLE_NO_CAUSAL_FORECAST_OR_BOOK,winner
0x91394754c4b6c41b7d9d22a4b161a6487bddd4d69f4627e20fbe243ac685b0f7,Tokyo,2026-09-03,2026-09-03T03:34:12+00:00,UNRECORDED,89.2,90.0,station path (audit only),84.5,MISSING,0,,,MISSING,UNTESTABLE_NO_CAUSAL_FORECAST_OR_BOOK,winner
0x6db5cd0a7165b5f8b52330daf37a0488028a5e2f7ddb9cfec6d33d77831f9252,Toronto,2026-09-03,2026-09-03T11:49:45+00:00,UNRECORDED,85.6,86.4,station path (audit only),79.3,MISSING,0,,,MISSING,UNTESTABLE_NO_CAUSAL_FORECAST_OR_BOOK,winner
0xc65ddabf5ec614e63066c4636d01b2ac28193e33624f46465156b8acedc4610c,Busan,2026-09-04,2026-09-03T21:18:31+00:00,UNRECORDED,87.4,88.2,station path (audit only),79.9,MISSING,0,,,MISSING,UNTESTABLE_NO_CAUSAL_FORECAST_OR_BOOK,winner
0x0debf4bb5548b5b32a0f55c365e04eb21164eea9d96735434a315c0eaaac6215,Busan,2026-09-04,2026-09-04T04:05:40+00:00,UNRECORDED,85.6,86.4,station path (audit only),79.9,MISSING,0,,,MISSING,UNTESTABLE_NO_CAUSAL_FORECAST_OR_BOOK,winner
0xe24b265b15bcae26f591a927bf3fd44055c01fae00367dd2c6a83f6967cf7d62,Manila,2026-09-04,2026-09-03T20:41:10+00:00,UNRECORDED,89.2,90.0,station path (audit only),84.7,MISSING,0,,,MISSING,UNTESTABLE_NO_CAUSAL_FORECAST_OR_BOOK,winner
0xd77ea0ed77eed3454b50cd396cef34c4e90de2322671d66118b4ad34d7cae755,Mexico City,2026-09-04,2026-09-04T06:00:43+00:00,UNRECORDED,82.0,82.8,station path (audit only),76.1,MISSING,0,,,MISSING,UNTESTABLE_NO_CAUSAL_FORECAST_OR_BOOK,winner
0xa402dc1560c1e353a555dc6812220aad46991a09c33bb0e5c4c2c53608a92f73,Miami,2026-09-04,2026-09-04T04:29:07+00:00,UNRECORDED,92.0,93.0,station path (audit only),87.0,MISSING,0,,,MISSING,UNTESTABLE_NO_CAUSAL_FORECAST_OR_BOOK,winner
0x5d08e322164d4bd4a9ef399f3c48534de5a72b57b1625afb40337f2508a232e4,Moscow,2026-09-04,2026-09-04T07:27:09+00:00,UNRECORDED,73.0,73.8,station path (audit only),68.5,MISSING,0,,,MISSING,UNTESTABLE_NO_CAUSAL_FORECAST_OR_BOOK,winner
0xe9849195513350f7f2c5be35c6d6b8432c1842cad3c3313bfab033d1401ebad3,Paris,2026-09-04,2026-09-04T03:08:28+00:00,UNRECORDED,85.6,86.4,station path (audit only),79.9,MISSING,0,,,MISSING,UNTESTABLE_NO_CAUSAL_FORECAST_OR_BOOK,winner
0xafaa2980e13c52e920987409d1bada1c6edb2bf2d9deca7b81881ff1cc6c15de,Tokyo,2026-09-04,2026-09-04T00:16:00+00:00,UNRECORDED,82.0,82.8,station path (audit only),76.3,MISSING,0,,,MISSING,UNTESTABLE_NO_CAUSAL_FORECAST_OR_BOOK,winner
0x353f3267ad3ee59a4a217cc0a169f86d90d6f27e7b074dfbd92f6af1589f1170,Tokyo,2026-09-04,2026-09-03T20:54:45+00:00,UNRECORDED,83.8,84.6,station path (audit only),76.3,MISSING,0,,,MISSING,UNTESTABLE_NO_CAUSAL_FORECAST_OR_BOOK,winner
0xdc82a1b9bcede700d6360ca9c446c867913f37921be14723fbdd832be503e2ff,Toronto,2026-09-04,2026-09-04T10:38:45+00:00,UNRECORDED,80.2,81.0,station path (audit only),73.0,MISSING,0,,,MISSING,UNTESTABLE_NO_CAUSAL_FORECAST_OR_BOOK,winner
0xa9d8ee5bfeb6d95beb16c10f59a7dfdab54e8d50570da76e8d61e6bfe6c3a97e,Madrid,2026-09-05,2026-09-05T10:00:45+00:00,UNRECORDED,101.8,102.6,station path (audit only),96.9,MISSING,0,,,MISSING,UNTESTABLE_NO_CAUSAL_FORECAST_OR_BOOK,winner
0x68107a71721d35a8c6b65804564ebdf5ddb88d8cd52e13240efa6accb571bf37,Manila,2026-09-05,2026-09-05T01:04:42+00:00,UNRECORDED,87.4,88.2,station path (audit only),82.6,MISSING,0,,,MISSING,UNTESTABLE_NO_CAUSAL_FORECAST_OR_BOOK,winner
0x7c2a6a598cbbf56d0be3231b068dc56676d88817993a4f2f7606cd4c9bab189d,Miami,2026-09-05,2026-09-05T04:09:00+00:00,UNRECORDED,92.0,93.0,station path (audit only),86.4,MISSING,0,,,MISSING,UNTESTABLE_NO_CAUSAL_FORECAST_OR_BOOK,winner
0x6c49c34b274ef227caf92b4af18e128d81ce2a3faa924029d071fa2ecf9d64b5,Paris,2026-09-05,2026-09-04T22:40:39+00:00,UNRECORDED,80.2,81.0,station path (audit only),75.2,MISSING,0,,,MISSING,UNTESTABLE_NO_CAUSAL_FORECAST_OR_BOOK,winner
0xfef0ec411f604c707efc29484507497a19be6c06aa42a432559bcafecbf37b50,Tokyo,2026-09-05,2026-09-04T23:53:10+00:00,UNRECORDED,87.4,,station path (audit only),76.5,MISSING,0,,,MISSING,UNTESTABLE_NO_CAUSAL_FORECAST_OR_BOOK,winner
0x56386bb197f653fa4168a14786161b8fb05c95441d405c026a4e4a647b54e79e,Austin,2026-09-06,2026-09-06T05:01:03+00:00,UNRECORDED,98.0,99.0,station path (audit only),90.5,MISSING,0,,,MISSING,UNTESTABLE_NO_CAUSAL_FORECAST_OR_BOOK,winner
0x49f905b96467cd5902c0ade54deeba939acd586743dfb1c8b266d629524fe66b,Istanbul,2026-09-06,2026-09-06T05:50:40+00:00,UNRECORDED,89.2,90.0,station path (audit only),84.4,MISSING,0,,,MISSING,UNTESTABLE_NO_CAUSAL_FORECAST_OR_BOOK,winner
0xf9c060c4dec162836d6ed922b76b979efbd81015514d5c2ae9c883bc886f2fcb,Miami,2026-09-06,2026-09-06T04:04:00+00:00,UNRECORDED,92.0,93.0,station path (audit only),86.3,MISSING,0,,,MISSING,UNTESTABLE_NO_CAUSAL_FORECAST_OR_BOOK,winner
0x61808cdc2251baf0de251c693c7d5fa373794e5ffa57ba11c223c8dfa1295955,Paris,2026-09-06,2026-09-06T00:18:06+00:00,UNRECORDED,87.4,88.2,station path (audit only),82.0,MISSING,0,,,MISSING,UNTESTABLE_NO_CAUSAL_FORECAST_OR_BOOK,winner
0x1326a62bdd0159d835217f3ca18514a0b27c688024e86d82120033c314a6bca0,Wellington,2026-09-06,2026-09-05T21:00:45+00:00,UNRECORDED,62.2,63.0,station path (audit only),57.7,MISSING,0,,,MISSING,UNTESTABLE_NO_CAUSAL_FORECAST_OR_BOOK,winner
0x2868a3deeac9cda9a4e6516cd51c18c7b1243848013c8c24b7078118692e697f,Busan,2026-09-07,2026-09-07T05:20:03+00:00,UNRECORDED,85.6,86.4,station path (audit only),80.9,MISSING,0,,,MISSING,UNTESTABLE_NO_CAUSAL_FORECAST_OR_BOOK,winner
0x83bea77c7b28c14192eee6fdd1ea9f26658bc1cc3708dcb5bc2de0a5596ac0f0,Busan,2026-09-07,2026-09-06T21:24:13+00:00,UNRECORDED,87.4,88.2,station path (audit only),80.9,MISSING,0,,,MISSING,UNTESTABLE_NO_CAUSAL_FORECAST_OR_BOOK,winner
0x8b4049905aa354d7a71791001e07694eb7926210639406a1110582eccd090418,Istanbul,2026-09-07,2026-09-07T09:21:25+00:00,UNRECORDED,82.0,82.8,station path (audit only),77.1,MISSING,0,,,MISSING,UNTESTABLE_NO_CAUSAL_FORECAST_OR_BOOK,winner
0xc516cb18015f92b4e86373304c76d740bdf72219715d265c31590bff01ffe107,Kuala Lumpur,2026-09-07,2026-09-07T04:00:16+00:00,UNRECORDED,96.4,97.2,station path (audit only),91.5,MISSING,0,,,MISSING,UNTESTABLE_NO_CAUSAL_FORECAST_OR_BOOK,winner
0xf3d7e387f88a38d427b7a8c382e23c02f1bced5a19b5be6c42437072198e4802,Paris,2026-09-07,2026-09-07T07:33:52+00:00,UNRECORDED,85.6,86.4,station path (audit only),79.6,MISSING,0,,,MISSING,UNTESTABLE_NO_CAUSAL_FORECAST_OR_BOOK,winner
0xfe562f7a82e6da872d7b58a1edbf5af784edd082466306649e1b1cc23953b39e,Austin,2026-09-08,2026-09-08T05:06:58+00:00,UNRECORDED,102.0,103.0,station path (audit only),97.0,MISSING,0,,,MISSING,UNTESTABLE_NO_CAUSAL_FORECAST_OR_BOOK,winner
0x2d13f8e33861ab7fec341913bb6433d4f3cb125ac812225482c0b3ba4c9c8add,Busan,2026-09-08,2026-09-07T22:30:16+00:00,UNRECORDED,89.2,90.0,station path (audit only),83.9,MISSING,0,,,MISSING,UNTESTABLE_NO_CAUSAL_FORECAST_OR_BOOK,winner
0x8fde528cc0b8c87190663beb5ee100593ce20e0a28980784782f74c8ded1a69d,Jeddah,2026-09-08,2026-09-07T22:50:06+00:00,UNRECORDED,101.8,,station path (audit only),97.1,MISSING,0,,,MISSING,UNTESTABLE_NO_CAUSAL_FORECAST_OR_BOOK,winner
0x77ac0e744b7a0cca750440f841410953b528ea1442bd8e8d1f0bbd4a252bec7b,Qingdao,2026-09-08,2026-09-07T23:47:58+00:00,UNRECORDED,92.8,,station path (audit only),83.7,MISSING,0,,,MISSING,UNTESTABLE_NO_CAUSAL_FORECAST_OR_BOOK,winner
0x12ffcb84b2e91053f90179486edec0bec76cd9283d7708416bc1519fc82d66e9,Tokyo,2026-09-08,2026-09-07T21:12:46+00:00,UNRECORDED,87.4,88.2,station path (audit only),82.1,MISSING,0,,,MISSING,UNTESTABLE_NO_CAUSAL_FORECAST_OR_BOOK,winner
0xfc208e104f0aff590d389402b003c75cc67404829f4de7efd8577bca2315f907,Austin,2026-09-09,2026-09-09T11:30:42+00:00,UNRECORDED,102.0,103.0,station path (audit only),95.8,MISSING,0,,,MISSING,UNTESTABLE_NO_CAUSAL_FORECAST_OR_BOOK,winner
0x370ca63b983eec6bd4e5ed7d8997d9bf252f97a0c531377576583d0e6be448b6,Busan,2026-09-09,2026-09-08T20:12:30+00:00,UNRECORDED,82.0,82.8,station path (audit only),77.4,MISSING,0,,,MISSING,UNTESTABLE_NO_CAUSAL_FORECAST_OR_BOOK,winner
0x6435bac8c52656314a5af945b1b978175999883baf8934cc7196831acf7f59ef,Tokyo,2026-09-09,2026-09-09T01:13:07+00:00,UNRECORDED,92.8,93.6,station path (audit only),86.8,MISSING,0,,,MISSING,UNTESTABLE_NO_CAUSAL_FORECAST_OR_BOOK,winner
0xec89c16e4a5afc9e1436db5eaa6f901cd4ee81e7e7aad069976b04a075a795e5,Toronto,2026-09-09,2026-09-09T11:42:09+00:00,UNRECORDED,82.0,82.8,station path (audit only),76.1,MISSING,0,,,MISSING,UNTESTABLE_NO_CAUSAL_FORECAST_OR_BOOK,winner
0xc4810fa3b218cc5bf49004485ccf1ce15755605f442d5ebee1dd493d43c52d1d,Wellington,2026-09-09,2026-09-08T23:15:51+00:00,UNRECORDED,60.4,61.2,station path (audit only),54.9,MISSING,0,,,MISSING,UNTESTABLE_NO_CAUSAL_FORECAST_OR_BOOK,winner
0xa7589916a0e094223c46dcfa4f9e16ff534010b588abf6e11dcafaa09dda250f,Austin,2026-09-10,2026-09-10T05:58:52+00:00,UNRECORDED,102.0,103.0,station path (audit only),95.4,MISSING,0,,,MISSING,UNTESTABLE_NO_CAUSAL_FORECAST_OR_BOOK,winner
0x9a6cfbc143d8d97fb6b3072654299f05f6acf21dcd6cec0820c9dc13b6df1a4d,Austin,2026-09-10,2026-09-10T05:16:54+00:00,UNRECORDED,100.0,101.0,station path (audit only),95.4,MISSING,0,,,MISSING,UNTESTABLE_NO_CAUSAL_FORECAST_OR_BOOK,winner
0x4321477872a5cb8a5bc51bda625222364c8031ffb20eb29f58846c9365f37e07,Busan,2026-09-10,2026-09-09T21:35:28+00:00,UNRECORDED,82.0,82.8,station path (audit only),77.4,MISSING,0,,,MISSING,UNTESTABLE_NO_CAUSAL_FORECAST_OR_BOOK,winner
0x5d5d87e1bd53029124a1a8f9317cfcf6b5f34932ad956949b2c4e9ae6cac1529,Busan,2026-09-10,2026-09-10T03:49:01+00:00,UNRECORDED,83.8,84.6,station path (audit only),77.4,MISSING,0,,,MISSING,UNTESTABLE_NO_CAUSAL_FORECAST_OR_BOOK,winner
0x9f7790ae18c9225b9831453e24d853c38a9884e6684568034db0623dd7b5a777,Manila,2026-09-10,2026-09-10T01:47:01+00:00,UNRECORDED,89.2,90.0,station path (audit only),81.9,MISSING,0,,,MISSING,UNTESTABLE_NO_CAUSAL_FORECAST_OR_BOOK,winner
0x7cdd93c7f1c08a0c0450f051509dbce2c933a98e3cd26173f69496180fcbb3e7,Manila,2026-09-10,2026-09-09T23:51:28+00:00,UNRECORDED,87.4,88.2,station path (audit only),81.9,MISSING,0,,,MISSING,UNTESTABLE_NO_CAUSAL_FORECAST_OR_BOOK,winner
0x4d4a52cd8e0e60f9f1e6fd1556da05e3f642da3c3373ed1ab440911882877865,Mexico City,2026-09-10,2026-09-10T06:00:55+00:00,UNRECORDED,78.4,79.2,station path (audit only),73.4,MISSING,0,,,MISSING,UNTESTABLE_NO_CAUSAL_FORECAST_OR_BOOK,winner
0x639d9ee141c45a5d8d1135f5f352f8a7fd949fb9f1d35a10b499326547204354,Miami,2026-09-10,2026-09-10T04:04:30+00:00,UNRECORDED,92.0,93.0,station path (audit only),87.2,MISSING,0,,,MISSING,UNTESTABLE_NO_CAUSAL_FORECAST_OR_BOOK,winner
0xa641f4fae2a0641cf91aa73139e71f8888332c12d0aa5185bb5ea566c764055b,Busan,2026-09-11,2026-09-11T03:14:21+00:00,UNRECORDED,85.6,86.4,station path (audit only),79.2,MISSING,0,,,MISSING,UNTESTABLE_NO_CAUSAL_FORECAST_OR_BOOK,winner
0x9324d7864b8baeab3f10ab68a3bb5c7d04d5e224b2cb176164d3faf422617f28,Kuala Lumpur,2026-09-11,2026-09-10T20:01:37+00:00,UNRECORDED,91.0,91.8,station path (audit only),84.1,MISSING,0,,,MISSING,UNTESTABLE_NO_CAUSAL_FORECAST_OR_BOOK,winner
0x2b4c306bb813d89dd507942b6d913983bb01fd945a8da7c2f040aad29c997c83,Kuala Lumpur,2026-09-11,2026-09-11T01:21:24+00:00,UNRECORDED,89.2,90.0,station path (audit only),84.1,MISSING,0,,,MISSING,UNTESTABLE_NO_CAUSAL_FORECAST_OR_BOOK,winner
0x1a226b13c03a7403b09b29818a2b5802416278c243fd34d7bc3af59aad960f03,Manila,2026-09-11,2026-09-11T00:11:07+00:00,UNRECORDED,89.2,90.0,station path (audit only),83.4,MISSING,0,,,MISSING,UNTESTABLE_NO_CAUSAL_FORECAST_OR_BOOK,winner
0xc90e8858b4bf824f70e08a5755958fb1a61c556398b226d06ea5f5d454aa01bc,Miami,2026-09-11,2026-09-11T06:17:10+00:00,UNRECORDED,92.0,93.0,station path (audit only),85.2,MISSING,0,,,MISSING,UNTESTABLE_NO_CAUSAL_FORECAST_OR_BOOK,winner
0x6f98fe7641866ea17029cdc43f3c027556120c6041ca1b765173d7a97b97c1cb,Moscow,2026-09-11,2026-09-10T21:01:36+00:00,UNRECORDED,67.6,68.4,station path (audit only),61.1,MISSING,0,,,MISSING,UNTESTABLE_NO_CAUSAL_FORECAST_OR_BOOK,winner
0x5bd0fec691e9caff2a55def53e2d1b8aaec816b035f4ca9dab70108f5231e872,Moscow,2026-09-11,2026-09-10T21:00:24+00:00,UNRECORDED,65.8,66.6,station path (audit only),61.1,MISSING,0,,,MISSING,UNTESTABLE_NO_CAUSAL_FORECAST_OR_BOOK,winner
0x5ca174b25643712ecf720170a9f8848bf69f8ec15442f845a150230a29c31754,Paris,2026-09-11,2026-09-10T23:16:10+00:00,UNRECORDED,78.4,79.2,station path (audit only),73.9,MISSING,0,,,MISSING,UNTESTABLE_NO_CAUSAL_FORECAST_OR_BOOK,winner
0x037cf59f2a4803f3ffa1b999369fe2b29affe539991d88208dfbadf4bf9cf711,Busan,2026-09-12,2026-09-11T23:02:12+00:00,UNRECORDED,87.4,88.2,station path (audit only),82.3,MISSING,0,,,MISSING,UNTESTABLE_NO_CAUSAL_FORECAST_OR_BOOK,winner
0xcb19bfe5d76806249ed935e22843244e01b56c252dd473178bb68fb468b6be8c,Busan,2026-09-12,2026-09-12T03:08:16+00:00,UNRECORDED,89.2,90.0,station path (audit only),82.3,MISSING,0,,,MISSING,UNTESTABLE_NO_CAUSAL_FORECAST_OR_BOOK,winner
0x6bba1b947148da22ed093562cfe0ba9c12b7d3c1ede906d93649f1d25372fb8c,Kuala Lumpur,2026-09-12,2026-09-11T21:32:55+00:00,UNRECORDED,92.8,93.6,station path (audit only),87.8,MISSING,0,,,MISSING,UNTESTABLE_NO_CAUSAL_FORECAST_OR_BOOK,winner
0xbf4c4ac821e7159202342c00e2b332719d28c992c2e59f49ec982f3815fdf457,Manila,2026-09-12,2026-09-11T22:23:21+00:00,UNRECORDED,91.0,91.8,station path (audit only),86.5,MISSING,0,,,MISSING,UNTESTABLE_NO_CAUSAL_FORECAST_OR_BOOK,winner
0x93c725647923d3607775f47f12dfce5ba075e33cffe130a694c9d59b125cc464,Busan,2026-09-13,2026-09-12T22:00:13+00:00,UNRECORDED,89.2,90.0,station path (audit only),84.1,MISSING,0,,,MISSING,UNTESTABLE_NO_CAUSAL_FORECAST_OR_BOOK,winner
0x8963449ef54a882d0120d78b9f67ba9250a9a05a434a42243c4800cee83d18bd,Manila,2026-09-13,2026-09-12T22:34:46+00:00,UNRECORDED,92.8,,station path (audit only),87.5,MISSING,0,,,MISSING,UNTESTABLE_NO_CAUSAL_FORECAST_OR_BOOK,winner
0x96c71dc1b7607c12bebb1e33e6a376a071e6305d9215f8438bb74375dc6b8eaa,Mexico City,2026-09-13,2026-09-13T06:10:43+00:00,UNRECORDED,80.2,,station path (audit only),73.2,MISSING,0,,,MISSING,UNTESTABLE_NO_CAUSAL_FORECAST_OR_BOOK,winner
0xf45eb99ab3e9cba310e0f5f8814058a194f6254821cb37bd4ad7893b153628b1,Tokyo,2026-09-13,2026-09-12T20:19:00+00:00,UNRECORDED,83.8,84.6,station path (audit only),79.0,MISSING,0,,,MISSING,UNTESTABLE_NO_CAUSAL_FORECAST_OR_BOOK,winner
0xee9bf8c44622efbfafcdee3bd7868e0823e76fae096689678080bd5c1e12ef1f,Warsaw,2026-09-13,2026-09-13T10:57:28+00:00,UNRECORDED,71.2,72.0,station path (audit only),66.4,MISSING,0,,,MISSING,UNTESTABLE_NO_CAUSAL_FORECAST_OR_BOOK,winner
0x7c1e7cfcfd8e123897b9c75c05be67dcbfa7d073ac94d9ad035d8347f826dd5c,Busan,2026-09-14,2026-09-14T02:07:12+00:00,UNRECORDED,89.2,90.0,station path (audit only),82.1,MISSING,0,,,MISSING,UNTESTABLE_NO_CAUSAL_FORECAST_OR_BOOK,winner
0xcf49a6110dfac107a8db04088c728b64ac4e250fd5af6f3d974adcf67dcb4fe3,Mexico City,2026-09-14,2026-09-14T06:28:33+00:00,UNRECORDED,76.6,77.4,station path (audit only),71.7,MISSING,0,,,MISSING,UNTESTABLE_NO_CAUSAL_FORECAST_OR_BOOK,winner
0xfdda1fe6e3a2d047c34a9a563fecccb45aad0757eb509a69930f52d80ebfbe1d,Miami,2026-09-14,2026-09-14T11:51:18+00:00,UNRECORDED,92.0,93.0,station path (audit only),86.6,MISSING,0,,,MISSING,UNTESTABLE_NO_CAUSAL_FORECAST_OR_BOOK,winner
0xa85b4d600668affcadba3ba2f2d37825aa6c57c585ed665ef94254734a420e0c,Singapore,2026-09-14,2026-09-14T06:44:34+00:00,UNRECORDED,92.8,93.6,station path (audit only),86.7,MISSING,0,,,MISSING,UNTESTABLE_NO_CAUSAL_FORECAST_OR_BOOK,winner
0x6c0378b61b3ea82b82b40cd4da5e54ef8ae858ec08fe4c54a66fe22ec2a4e44e,Tokyo,2026-09-14,2026-09-14T00:43:34+00:00,UNRECORDED,91.0,91.8,station path (audit only),85.0,MISSING,0,,,MISSING,UNTESTABLE_NO_CAUSAL_FORECAST_OR_BOOK,winner
0xc259687cfb9ebdfbf9be94a5bbf94177efb6d109f587d3f87bb5c93154888431,Wellington,2026-09-14,2026-09-14T01:17:15+00:00,UNRECORDED,64.0,64.8,station path (audit only),58.2,MISSING,0,,,MISSING,UNTESTABLE_NO_CAUSAL_FORECAST_OR_BOOK,winner
